#pragma once
// 自動生成 — tools/gen_misaki_glyphs.py が美咲ゴシック BDF から生成。手で編集しない。
//
// 美咲フォント (8x8, JIS第1+2水準, Unicode) by Num Kadoma。フリーソフトウェア:
// 商用含め自由に利用・複製・改変・再配布可・無保証 (tools/fonts/misaki_LICENSE.txt)。
// 各グリフ = 8x8 セル(1行=1バイト, bit7=左端列), advance(進み幅: 半角4/全角8)。
#include <cstdint>
#include <cstddef>
namespace mitiru::render::pixel {
struct MisakiGlyph { std::uint32_t cp; std::uint8_t advance; std::uint8_t rows[8]; };
inline constexpr std::size_t kMisakiGlyphCount = 7171;
inline constexpr MisakiGlyph kMisakiGlyphs[] = {
  {32,4,{0x00,0x00,0x00,0x00,0x00,0x00,0x00,0x00}},
  {33,4,{0x40,0x40,0x40,0x40,0x00,0x40,0x00,0x00}},
  {34,4,{0xA0,0xA0,0x00,0x00,0x00,0x00,0x00,0x00}},
  {35,4,{0xA0,0xE0,0xA0,0xA0,0xE0,0xA0,0x00,0x00}},
  {36,4,{0x40,0xE0,0xC0,0x60,0xE0,0x40,0x00,0x00}},
  {37,4,{0x00,0x80,0x20,0x40,0x80,0x20,0x00,0x00}},
  {38,4,{0x40,0xA0,0x40,0xA0,0x80,0x60,0x00,0x00}},
  {39,4,{0x40,0x80,0x00,0x00,0x00,0x00,0x00,0x00}},
  {40,4,{0x20,0x40,0x40,0x40,0x40,0x40,0x20,0x00}},
  {41,4,{0x80,0x40,0x40,0x40,0x40,0x40,0x80,0x00}},
  {42,4,{0x40,0xE0,0x40,0xA0,0x00,0x00,0x00,0x00}},
  {43,4,{0x00,0x40,0x40,0xE0,0x40,0x40,0x00,0x00}},
  {44,4,{0x00,0x00,0x00,0x00,0x00,0x40,0x80,0x00}},
  {45,4,{0x00,0x00,0x00,0xE0,0x00,0x00,0x00,0x00}},
  {46,4,{0x00,0x00,0x00,0x00,0x00,0x40,0x00,0x00}},
  {47,4,{0x00,0x00,0x20,0x40,0x80,0x00,0x00,0x00}},
  {48,4,{0x00,0x40,0xA0,0xE0,0xA0,0x40,0x00,0x00}},
  {49,4,{0x00,0x40,0xC0,0x40,0x40,0xE0,0x00,0x00}},
  {50,4,{0x00,0xC0,0x20,0x40,0x80,0xE0,0x00,0x00}},
  {51,4,{0x00,0xC0,0x20,0x40,0x20,0xC0,0x00,0x00}},
  {52,4,{0x00,0x20,0x60,0xA0,0xE0,0x20,0x00,0x00}},
  {53,4,{0x00,0xE0,0x80,0xC0,0x20,0xC0,0x00,0x00}},
  {54,4,{0x00,0x60,0x80,0xC0,0xA0,0x40,0x00,0x00}},
  {55,4,{0x00,0xE0,0x20,0x40,0x40,0x40,0x00,0x00}},
  {56,4,{0x00,0x40,0xA0,0x40,0xA0,0x40,0x00,0x00}},
  {57,4,{0x00,0x40,0xA0,0x60,0x20,0xC0,0x00,0x00}},
  {58,4,{0x00,0x00,0x40,0x00,0x00,0x40,0x00,0x00}},
  {59,4,{0x00,0x00,0x40,0x00,0x00,0x40,0x80,0x00}},
  {60,4,{0x00,0x20,0x40,0x80,0x40,0x20,0x00,0x00}},
  {61,4,{0x00,0x00,0xE0,0x00,0xE0,0x00,0x00,0x00}},
  {62,4,{0x00,0x80,0x40,0x20,0x40,0x80,0x00,0x00}},
  {63,4,{0x40,0xA0,0x20,0x40,0x00,0x40,0x00,0x00}},
  {64,4,{0x40,0xA0,0x20,0x60,0xA0,0x40,0x00,0x00}},
  {65,4,{0x40,0xA0,0xA0,0xE0,0xA0,0xA0,0x00,0x00}},
  {66,4,{0xC0,0xA0,0xC0,0xA0,0xA0,0xC0,0x00,0x00}},
  {67,4,{0x60,0x80,0x80,0x80,0x80,0x60,0x00,0x00}},
  {68,4,{0xC0,0xA0,0xA0,0xA0,0xA0,0xC0,0x00,0x00}},
  {69,4,{0xE0,0x80,0xC0,0x80,0x80,0xE0,0x00,0x00}},
  {70,4,{0xE0,0x80,0xC0,0x80,0x80,0x80,0x00,0x00}},
  {71,4,{0x60,0x80,0x80,0xA0,0xA0,0x60,0x00,0x00}},
  {72,4,{0xA0,0xA0,0xA0,0xE0,0xA0,0xA0,0x00,0x00}},
  {73,4,{0xE0,0x40,0x40,0x40,0x40,0xE0,0x00,0x00}},
  {74,4,{0x20,0x20,0x20,0x20,0xA0,0x40,0x00,0x00}},
  {75,4,{0xA0,0xA0,0xC0,0xA0,0xA0,0xA0,0x00,0x00}},
  {76,4,{0x80,0x80,0x80,0x80,0x80,0xE0,0x00,0x00}},
  {77,4,{0xA0,0xE0,0xE0,0xA0,0xA0,0xA0,0x00,0x00}},
  {78,4,{0xC0,0xA0,0xA0,0xA0,0xA0,0xA0,0x00,0x00}},
  {79,4,{0x40,0xA0,0xA0,0xA0,0xA0,0x40,0x00,0x00}},
  {80,4,{0xC0,0xA0,0xA0,0xC0,0x80,0x80,0x00,0x00}},
  {81,4,{0x40,0xA0,0xA0,0xA0,0xA0,0x40,0x20,0x00}},
  {82,4,{0xC0,0xA0,0xA0,0xC0,0xA0,0xA0,0x00,0x00}},
  {83,4,{0x60,0x80,0x40,0x20,0x20,0xC0,0x00,0x00}},
  {84,4,{0xE0,0x40,0x40,0x40,0x40,0x40,0x00,0x00}},
  {85,4,{0xA0,0xA0,0xA0,0xA0,0xA0,0xE0,0x00,0x00}},
  {86,4,{0xA0,0xA0,0xA0,0xA0,0xC0,0x80,0x00,0x00}},
  {87,4,{0xA0,0xA0,0xA0,0xE0,0xE0,0xA0,0x00,0x00}},
  {88,4,{0xA0,0xA0,0x40,0x40,0xA0,0xA0,0x00,0x00}},
  {89,4,{0xA0,0xA0,0x40,0x40,0x40,0x40,0x00,0x00}},
  {90,4,{0xE0,0x20,0x40,0x40,0x80,0xE0,0x00,0x00}},
  {91,4,{0x60,0x40,0x40,0x40,0x40,0x40,0x60,0x00}},
  {92,4,{0x00,0x00,0x80,0x40,0x20,0x00,0x00,0x00}},
  {93,4,{0xC0,0x40,0x40,0x40,0x40,0x40,0xC0,0x00}},
  {94,4,{0x40,0xA0,0x00,0x00,0x00,0x00,0x00,0x00}},
  {95,4,{0x00,0x00,0x00,0x00,0x00,0x00,0xE0,0x00}},
  {96,4,{0x40,0x20,0x00,0x00,0x00,0x00,0x00,0x00}},
  {97,4,{0x00,0x00,0x60,0xA0,0xA0,0x60,0x00,0x00}},
  {98,4,{0x80,0x80,0xC0,0xA0,0xA0,0xC0,0x00,0x00}},
  {99,4,{0x00,0x00,0x60,0x80,0x80,0x60,0x00,0x00}},
  {100,4,{0x20,0x20,0x60,0xA0,0xA0,0x60,0x00,0x00}},
  {101,4,{0x00,0x00,0x60,0xE0,0x80,0x60,0x00,0x00}},
  {102,4,{0x60,0x40,0xE0,0x40,0x40,0x40,0x00,0x00}},
  {103,4,{0x00,0x00,0x60,0xA0,0x60,0x20,0xC0,0x00}},
  {104,4,{0x80,0x80,0xC0,0xA0,0xA0,0xA0,0x00,0x00}},
  {105,4,{0x40,0x00,0x40,0x40,0x40,0x40,0x00,0x00}},
  {106,4,{0x40,0x00,0x40,0x40,0x40,0x40,0x80,0x00}},
  {107,4,{0x80,0x80,0xA0,0xC0,0xA0,0xA0,0x00,0x00}},
  {108,4,{0xC0,0x40,0x40,0x40,0x40,0x40,0x00,0x00}},
  {109,4,{0x00,0x00,0xC0,0xE0,0xE0,0xA0,0x00,0x00}},
  {110,4,{0x00,0x00,0xC0,0xA0,0xA0,0xA0,0x00,0x00}},
  {111,4,{0x00,0x00,0x40,0xA0,0xA0,0x40,0x00,0x00}},
  {112,4,{0x00,0x00,0xC0,0xA0,0xA0,0xC0,0x80,0x00}},
  {113,4,{0x00,0x00,0x60,0xA0,0xA0,0x60,0x20,0x00}},
  {114,4,{0x00,0x00,0xA0,0xC0,0x80,0x80,0x00,0x00}},
  {115,4,{0x00,0x00,0x60,0xC0,0x60,0xC0,0x00,0x00}},
  {116,4,{0x00,0x40,0xE0,0x40,0x40,0x60,0x00,0x00}},
  {117,4,{0x00,0x00,0xA0,0xA0,0xA0,0xE0,0x00,0x00}},
  {118,4,{0x00,0x00,0xA0,0xA0,0xC0,0x80,0x00,0x00}},
  {119,4,{0x00,0x00,0xA0,0xA0,0xE0,0xE0,0x00,0x00}},
  {120,4,{0x00,0x00,0xA0,0x40,0x40,0xA0,0x00,0x00}},
  {121,4,{0x00,0x00,0xA0,0xA0,0x60,0x20,0xC0,0x00}},
  {122,4,{0x00,0x00,0xE0,0x20,0x40,0xE0,0x00,0x00}},
  {123,4,{0x20,0x40,0x40,0x80,0x40,0x40,0x20,0x00}},
  {124,4,{0x40,0x40,0x40,0x40,0x40,0x40,0x40,0x00}},
  {125,4,{0x80,0x40,0x40,0x20,0x40,0x40,0x80,0x00}},
  {126,4,{0x00,0x00,0xC0,0x60,0x00,0x00,0x00,0x00}},
  {162,4,{0x00,0x40,0xE0,0xC0,0xE0,0x40,0x00,0x00}},
  {163,4,{0x60,0x40,0xE0,0x40,0xC0,0xE0,0x00,0x00}},
  {165,4,{0xA0,0x40,0xE0,0x40,0xE0,0x40,0x00,0x00}},
  {166,4,{0x40,0x40,0x40,0x00,0x40,0x40,0x40,0x00}},
  {167,8,{0x1C,0x20,0x18,0x24,0x18,0x04,0x38,0x00}},
  {168,8,{0x28,0x00,0x00,0x00,0x00,0x00,0x00,0x00}},
  {172,4,{0x00,0x00,0x00,0xE0,0x20,0x00,0x00,0x00}},
  {173,8,{0x00,0x00,0x00,0x18,0x00,0x00,0x00,0x00}},
  {175,4,{0xE0,0x00,0x00,0x00,0x00,0x00,0x00,0x00}},
  {176,8,{0x60,0x90,0x90,0x60,0x00,0x00,0x00,0x00}},
  {177,8,{0x10,0x10,0xFE,0x10,0x10,0x00,0xFE,0x00}},
  {180,8,{0x08,0x10,0x00,0x00,0x00,0x00,0x00,0x00}},
  {182,8,{0x3C,0x74,0x74,0x34,0x14,0x14,0x14,0x00}},
  {215,8,{0x82,0x44,0x28,0x10,0x28,0x44,0x82,0x00}},
  {247,8,{0x00,0x10,0x00,0xFE,0x00,0x10,0x00,0x00}},
  {913,8,{0x10,0x28,0x28,0x44,0x7C,0x82,0x82,0x00}},
  {914,8,{0x7C,0x42,0x42,0x7C,0x42,0x42,0x7C,0x00}},
  {915,8,{0x7E,0x40,0x40,0x40,0x40,0x40,0x40,0x00}},
  {916,8,{0x10,0x28,0x28,0x44,0x44,0x82,0xFE,0x00}},
  {917,8,{0x7E,0x40,0x40,0x7C,0x40,0x40,0x7E,0x00}},
  {918,8,{0x7E,0x02,0x04,0x08,0x10,0x20,0x7E,0x00}},
  {919,8,{0x42,0x42,0x42,0x7E,0x42,0x42,0x42,0x00}},
  {920,8,{0x38,0x44,0x82,0xBA,0x82,0x44,0x38,0x00}},
  {921,8,{0x38,0x10,0x10,0x10,0x10,0x10,0x38,0x00}},
  {922,8,{0x42,0x44,0x48,0x50,0x68,0x44,0x42,0x00}},
  {923,8,{0x10,0x28,0x28,0x44,0x44,0x82,0x82,0x00}},
  {924,8,{0x82,0xC6,0xAA,0xAA,0x92,0x92,0x82,0x00}},
  {925,8,{0x42,0x62,0x52,0x4A,0x46,0x42,0x42,0x00}},
  {926,8,{0x7E,0x00,0x00,0x3C,0x00,0x00,0x7E,0x00}},
  {927,8,{0x3C,0x42,0x42,0x42,0x42,0x42,0x3C,0x00}},
  {928,8,{0x7E,0x42,0x42,0x42,0x42,0x42,0x42,0x00}},
  {929,8,{0x7C,0x42,0x42,0x7C,0x40,0x40,0x40,0x00}},
  {931,8,{0x7E,0x20,0x10,0x08,0x10,0x20,0x7E,0x00}},
  {932,8,{0xFE,0x10,0x10,0x10,0x10,0x10,0x10,0x00}},
  {933,8,{0x82,0x44,0x28,0x10,0x10,0x10,0x10,0x00}},
  {934,8,{0x10,0x7C,0x92,0x92,0x92,0x7C,0x10,0x00}},
  {935,8,{0x82,0x44,0x28,0x10,0x28,0x44,0x82,0x00}},
  {936,8,{0x92,0x54,0x54,0x38,0x10,0x10,0x10,0x00}},
  {937,8,{0x38,0x44,0x82,0x82,0x44,0x28,0xEE,0x00}},
  {945,8,{0x00,0x00,0x1A,0x24,0x48,0x4A,0x34,0x00}},
  {946,8,{0x0C,0x12,0x2C,0x22,0x32,0x4C,0x40,0x00}},
  {947,8,{0x00,0x00,0x64,0x18,0x10,0x30,0x20,0x00}},
  {948,8,{0x18,0x24,0x10,0x28,0x48,0x48,0x30,0x00}},
  {949,8,{0x00,0x00,0x18,0x24,0x30,0x44,0x38,0x00}},
  {950,8,{0x2C,0x10,0x20,0x20,0x18,0x04,0x18,0x00}},
  {951,8,{0x00,0x00,0x2C,0x52,0x12,0x24,0x04,0x00}},
  {952,8,{0x18,0x24,0x24,0x7C,0x48,0x48,0x30,0x00}},
  {953,8,{0x00,0x00,0x10,0x10,0x20,0x28,0x10,0x00}},
  {954,8,{0x00,0x00,0x24,0x28,0x30,0x50,0x4C,0x00}},
  {955,8,{0x10,0x08,0x08,0x18,0x28,0x28,0x44,0x00}},
  {956,8,{0x00,0x00,0x12,0x12,0x24,0x3A,0x40,0x00}},
  {957,8,{0x00,0x00,0x44,0x24,0x28,0x30,0x20,0x00}},
  {958,8,{0x1C,0x20,0x3C,0x40,0x38,0x04,0x18,0x00}},
  {959,8,{0x00,0x00,0x18,0x24,0x44,0x48,0x30,0x00}},
  {960,8,{0x00,0x00,0x3E,0x54,0x14,0x24,0x46,0x00}},
  {961,8,{0x00,0x00,0x1C,0x22,0x22,0x5C,0x40,0x00}},
  {963,8,{0x00,0x00,0x1E,0x24,0x44,0x48,0x30,0x00}},
  {964,8,{0x00,0x00,0x3E,0x48,0x10,0x14,0x08,0x00}},
  {965,8,{0x00,0x00,0x32,0x52,0x22,0x24,0x18,0x00}},
  {966,8,{0x04,0x04,0x3C,0x4A,0x4A,0x3C,0x10,0x00}},
  {967,8,{0x00,0x00,0x34,0x08,0x10,0x30,0x4C,0x00}},
  {968,8,{0x04,0x04,0x68,0x2A,0x4A,0x3C,0x10,0x00}},
  {969,8,{0x00,0x00,0x22,0x4A,0x4A,0x5A,0x24,0x00}},
  {1025,8,{0x24,0x7E,0x40,0x7C,0x40,0x40,0x7E,0x00}},
  {1040,8,{0x10,0x28,0x28,0x44,0x7C,0x82,0x82,0x00}},
  {1041,8,{0x7E,0x40,0x40,0x7C,0x42,0x42,0x7C,0x00}},
  {1042,8,{0x7C,0x42,0x42,0x7C,0x42,0x42,0x7C,0x00}},
  {1043,8,{0x7E,0x40,0x40,0x40,0x40,0x40,0x40,0x00}},
  {1044,8,{0x3C,0x24,0x24,0x24,0x44,0xFE,0x82,0x00}},
  {1045,8,{0x7E,0x40,0x40,0x7C,0x40,0x40,0x7E,0x00}},
  {1046,8,{0x92,0x54,0x54,0x38,0x54,0x54,0x92,0x00}},
  {1047,8,{0x3C,0x42,0x02,0x1C,0x02,0x42,0x3C,0x00}},
  {1048,8,{0x42,0x42,0x46,0x4A,0x52,0x62,0x42,0x00}},
  {1049,8,{0x24,0x5A,0x46,0x4A,0x52,0x62,0x42,0x00}},
  {1050,8,{0x46,0x48,0x48,0x70,0x48,0x44,0x42,0x00}},
  {1051,8,{0x3E,0x22,0x22,0x22,0x22,0x22,0xC2,0x00}},
  {1052,8,{0x44,0x44,0x44,0xAA,0xAA,0x92,0x92,0x00}},
  {1053,8,{0x42,0x42,0x42,0x7E,0x42,0x42,0x42,0x00}},
  {1054,8,{0x3C,0x42,0x42,0x42,0x42,0x42,0x3C,0x00}},
  {1055,8,{0x7E,0x42,0x42,0x42,0x42,0x42,0x42,0x00}},
  {1056,8,{0x7C,0x42,0x42,0x7C,0x40,0x40,0x40,0x00}},
  {1057,8,{0x3C,0x42,0x40,0x40,0x40,0x42,0x3C,0x00}},
  {1058,8,{0xFE,0x10,0x10,0x10,0x10,0x10,0x10,0x00}},
  {1059,8,{0x42,0x24,0x24,0x18,0x08,0x10,0x60,0x00}},
  {1060,8,{0x10,0x7C,0x92,0x92,0x92,0x7C,0x10,0x00}},
  {1061,8,{0x82,0x44,0x28,0x10,0x28,0x44,0x82,0x00}},
  {1062,8,{0x44,0x44,0x44,0x44,0x44,0x7E,0x02,0x00}},
  {1063,8,{0x42,0x42,0x42,0x42,0x3E,0x02,0x02,0x00}},
  {1064,8,{0x92,0x92,0x92,0x92,0x92,0x92,0xFE,0x00}},
  {1065,8,{0x92,0x92,0x92,0x92,0x92,0xFE,0x02,0x00}},
  {1066,8,{0x60,0x20,0x20,0x3C,0x22,0x22,0x3C,0x00}},
  {1067,8,{0x42,0x42,0x42,0x72,0x4A,0x4A,0x72,0x00}},
  {1068,8,{0x20,0x20,0x20,0x3C,0x22,0x22,0x3C,0x00}},
  {1069,8,{0x3C,0x42,0x02,0x3E,0x02,0x42,0x3C,0x00}},
  {1070,8,{0x9C,0xA2,0xA2,0xE2,0xA2,0xA2,0x9C,0x00}},
  {1071,8,{0x3E,0x42,0x42,0x3E,0x22,0x22,0x42,0x00}},
  {1072,8,{0x00,0x00,0x38,0x04,0x3C,0x44,0x3C,0x00}},
  {1073,8,{0x1C,0x20,0x78,0x44,0x44,0x44,0x38,0x00}},
  {1074,8,{0x00,0x00,0x78,0x44,0x78,0x44,0x78,0x00}},
  {1075,8,{0x00,0x00,0x7C,0x40,0x40,0x40,0x40,0x00}},
  {1076,8,{0x00,0x00,0x38,0x28,0x28,0x7C,0x44,0x00}},
  {1077,8,{0x00,0x00,0x38,0x44,0x7C,0x40,0x38,0x00}},
  {1078,8,{0x00,0x00,0x92,0x54,0x38,0x54,0x92,0x00}},
  {1079,8,{0x00,0x00,0x38,0x44,0x18,0x44,0x38,0x00}},
  {1080,8,{0x00,0x00,0x44,0x4C,0x54,0x64,0x44,0x00}},
  {1081,8,{0x28,0x10,0x44,0x4C,0x54,0x64,0x44,0x00}},
  {1082,8,{0x00,0x00,0x4C,0x50,0x70,0x48,0x44,0x00}},
  {1083,8,{0x00,0x00,0x3C,0x24,0x24,0x24,0xC4,0x00}},
  {1084,8,{0x00,0x00,0x44,0x6C,0x54,0x54,0x44,0x00}},
  {1085,8,{0x00,0x00,0x44,0x44,0x7C,0x44,0x44,0x00}},
  {1086,8,{0x00,0x00,0x38,0x44,0x44,0x44,0x38,0x00}},
  {1087,8,{0x00,0x00,0x7C,0x44,0x44,0x44,0x44,0x00}},
  {1088,8,{0x00,0x00,0x78,0x44,0x78,0x40,0x40,0x00}},
  {1089,8,{0x00,0x00,0x38,0x44,0x40,0x44,0x38,0x00}},
  {1090,8,{0x00,0x00,0x7C,0x10,0x10,0x10,0x10,0x00}},
  {1091,8,{0x00,0x00,0x44,0x28,0x28,0x10,0x60,0x00}},
  {1092,8,{0x10,0x10,0x38,0x54,0x54,0x38,0x10,0x00}},
  {1093,8,{0x00,0x00,0x44,0x28,0x10,0x28,0x44,0x00}},
  {1094,8,{0x00,0x00,0x48,0x48,0x48,0x7C,0x04,0x00}},
  {1095,8,{0x00,0x00,0x44,0x44,0x44,0x3C,0x04,0x00}},
  {1096,8,{0x00,0x00,0x54,0x54,0x54,0x54,0x7C,0x00}},
  {1097,8,{0x00,0x00,0x54,0x54,0x54,0x7E,0x02,0x00}},
  {1098,8,{0x00,0x00,0x60,0x20,0x3C,0x22,0x3C,0x00}},
  {1099,8,{0x00,0x00,0x44,0x44,0x74,0x4C,0x74,0x00}},
  {1100,8,{0x00,0x00,0x40,0x40,0x78,0x44,0x78,0x00}},
  {1101,8,{0x00,0x00,0x38,0x44,0x1C,0x44,0x38,0x00}},
  {1102,8,{0x00,0x00,0x4C,0x52,0x72,0x52,0x4C,0x00}},
  {1103,8,{0x00,0x00,0x3C,0x44,0x3C,0x24,0x44,0x00}},
  {1105,8,{0x28,0x00,0x38,0x44,0x7C,0x40,0x38,0x00}},
  {8208,8,{0x00,0x00,0x00,0x18,0x00,0x00,0x00,0x00}},
  {8209,4,{0x00,0x00,0x00,0x60,0x00,0x00,0x00,0x00}},
  {8210,4,{0x00,0x00,0x00,0xE0,0x00,0x00,0x00,0x00}},
  {8211,8,{0x00,0x00,0x00,0x3C,0x00,0x00,0x00,0x00}},
  {8212,8,{0x00,0x00,0x00,0xFE,0x00,0x00,0x00,0x00}},
  {8213,8,{0x00,0x00,0x00,0xFF,0x00,0x00,0x00,0x00}},
  {8214,8,{0x28,0x28,0x28,0x28,0x28,0x28,0x28,0x00}},
  {8216,8,{0x04,0x08,0x0C,0x00,0x00,0x00,0x00,0x00}},
  {8217,8,{0x60,0x20,0x40,0x00,0x00,0x00,0x00,0x00}},
  {8220,8,{0x24,0x48,0x6C,0x00,0x00,0x00,0x00,0x00}},
  {8221,8,{0x6C,0x24,0x48,0x00,0x00,0x00,0x00,0x00}},
  {8224,8,{0x10,0x38,0x10,0x10,0x10,0x10,0x10,0x00}},
  {8225,8,{0x10,0x38,0x10,0x10,0x10,0x38,0x10,0x00}},
  {8229,8,{0x00,0x00,0x00,0x44,0x00,0x00,0x00,0x00}},
  {8230,8,{0x00,0x00,0x00,0x92,0x00,0x00,0x00,0x00}},
  {8240,8,{0x44,0xA8,0x50,0x20,0x54,0xAA,0x14,0x00}},
  {8242,8,{0x20,0x20,0x40,0x00,0x00,0x00,0x00,0x00}},
  {8243,8,{0x28,0x28,0x50,0x00,0x00,0x00,0x00,0x00}},
  {8251,8,{0x92,0x44,0x28,0x92,0x28,0x44,0x92,0x00}},
  {8254,8,{0xFE,0x00,0x00,0x00,0x00,0x00,0x00,0x00}},
  {8451,8,{0x40,0xAC,0x52,0x10,0x10,0x12,0x0C,0x00}},
  {8470,8,{0x90,0x90,0xD4,0xBA,0x9A,0x9A,0x94,0x00}},
  {8481,8,{0xE2,0x42,0x4A,0x56,0x5A,0x52,0x4A,0x00}},
  {8491,8,{0x10,0x28,0x10,0x28,0x44,0x7C,0x82,0x00}},
  {8544,8,{0x10,0x10,0x10,0x10,0x10,0x10,0x10,0x00}},
  {8545,8,{0x28,0x28,0x28,0x28,0x28,0x28,0x28,0x00}},
  {8546,8,{0x54,0x54,0x54,0x54,0x54,0x54,0x54,0x00}},
  {8547,8,{0xA2,0xA2,0x94,0x94,0x94,0x88,0x88,0x00}},
  {8548,8,{0x44,0x44,0x28,0x28,0x28,0x10,0x10,0x00}},
  {8549,8,{0x8A,0x8A,0x52,0x52,0x52,0x22,0x22,0x00}},
  {8550,8,{0xAA,0xAA,0xAA,0xAA,0xAA,0x4A,0x4A,0x00}},
  {8551,8,{0xBA,0xBA,0xBA,0xBA,0x5A,0x5A,0x5A,0x00}},
  {8552,8,{0xA2,0x94,0x94,0x88,0x94,0x94,0xA2,0x00}},
  {8553,8,{0x44,0x28,0x28,0x10,0x28,0x28,0x44,0x00}},
  {8592,8,{0x00,0x20,0x40,0xFE,0x40,0x20,0x00,0x00}},
  {8593,8,{0x10,0x38,0x54,0x10,0x10,0x10,0x10,0x00}},
  {8594,8,{0x00,0x08,0x04,0xFE,0x04,0x08,0x00,0x00}},
  {8595,8,{0x10,0x10,0x10,0x10,0x54,0x38,0x10,0x00}},
  {8658,8,{0x00,0x08,0xFC,0x02,0xFC,0x08,0x00,0x00}},
  {8660,8,{0x00,0x28,0x7C,0x82,0x7C,0x28,0x00,0x00}},
  {8704,8,{0x82,0x82,0x7C,0x44,0x28,0x28,0x10,0x00}},
  {8706,8,{0x18,0x24,0x04,0x34,0x48,0x48,0x30,0x00}},
  {8707,8,{0x7E,0x02,0x02,0x7E,0x02,0x02,0x7E,0x00}},
  {8711,8,{0xFE,0x82,0x44,0x44,0x28,0x28,0x10,0x00}},
  {8712,8,{0x00,0x3E,0x40,0x7E,0x40,0x3E,0x00,0x00}},
  {8715,8,{0x00,0x7C,0x02,0x7E,0x02,0x7C,0x00,0x00}},
  {8721,8,{0x7E,0x20,0x10,0x08,0x10,0x20,0x7E,0x00}},
  {8722,4,{0x00,0x00,0x00,0xE0,0x00,0x00,0x00,0x00}},
  {8730,8,{0x1E,0x10,0x20,0x20,0xE0,0x40,0x40,0x00}},
  {8733,8,{0x00,0x6C,0x92,0x90,0x92,0x6C,0x00,0x00}},
  {8734,8,{0x00,0x6C,0x92,0x92,0x92,0x6C,0x00,0x00}},
  {8735,8,{0x00,0x40,0x40,0x40,0x40,0x40,0x7E,0x00}},
  {8736,8,{0x00,0x02,0x04,0x08,0x10,0x20,0x7E,0x00}},
  {8741,8,{0x14,0x14,0x28,0x28,0x28,0x50,0x50,0x00}},
  {8743,8,{0x10,0x10,0x28,0x28,0x44,0x44,0x82,0x00}},
  {8744,8,{0x82,0x44,0x44,0x28,0x28,0x10,0x10,0x00}},
  {8745,8,{0x00,0x3C,0x42,0x42,0x42,0x42,0x42,0x00}},
  {8746,8,{0x42,0x42,0x42,0x42,0x42,0x3C,0x00,0x00}},
  {8747,8,{0x18,0x20,0x20,0x10,0x08,0x08,0x30,0x00}},
  {8748,8,{0x36,0x48,0x48,0x24,0x12,0x12,0x6C,0x00}},
  {8750,8,{0x18,0x20,0x38,0x54,0x38,0x08,0x30,0x00}},
  {8756,8,{0x00,0x10,0x00,0x00,0x00,0x44,0x00,0x00}},
  {8757,8,{0x00,0x44,0x00,0x00,0x00,0x10,0x00,0x00}},
  {8765,8,{0x00,0x4C,0x92,0x92,0x92,0x64,0x00,0x00}},
  {8786,8,{0x40,0x00,0xFE,0x00,0xFE,0x00,0x04,0x00}},
  {8800,8,{0x00,0x04,0xFE,0x10,0xFE,0x40,0x00,0x00}},
  {8801,8,{0x00,0x7E,0x00,0x7E,0x00,0x7E,0x00,0x00}},
  {8806,8,{0x06,0x38,0xC0,0x38,0x06,0x00,0xFE,0x00}},
  {8807,8,{0xC0,0x38,0x06,0x38,0xC0,0x00,0xFE,0x00}},
  {8810,8,{0x00,0x24,0x48,0x90,0x48,0x24,0x00,0x00}},
  {8811,8,{0x00,0x48,0x24,0x12,0x24,0x48,0x00,0x00}},
  {8834,8,{0x00,0x3E,0x40,0x40,0x40,0x3E,0x00,0x00}},
  {8835,8,{0x00,0x7C,0x02,0x02,0x02,0x7C,0x00,0x00}},
  {8838,8,{0x3E,0x40,0x40,0x40,0x3E,0x00,0x7E,0x00}},
  {8839,8,{0x7C,0x02,0x02,0x02,0x7C,0x00,0x7E,0x00}},
  {8869,8,{0x00,0x10,0x10,0x10,0x10,0x10,0xFE,0x00}},
  {8895,8,{0x00,0x02,0x06,0x0A,0x12,0x22,0x7E,0x00}},
  {8978,8,{0x7C,0x82,0x00,0x00,0x00,0x00,0x00,0x00}},
  {9251,4,{0x00,0x00,0x00,0x00,0x00,0xA0,0xE0,0x00}},
  {9312,8,{0x7C,0x92,0xB2,0x92,0x92,0x92,0x7C,0x00}},
  {9313,8,{0x7C,0xB2,0x8A,0x92,0xA2,0xBA,0x7C,0x00}},
  {9314,8,{0x7C,0xB2,0x8A,0x92,0x8A,0xB2,0x7C,0x00}},
  {9315,8,{0x7C,0x8A,0x9A,0xAA,0xBA,0x8A,0x7C,0x00}},
  {9316,8,{0x7C,0xBA,0xA2,0xB2,0x8A,0xB2,0x7C,0x00}},
  {9317,8,{0x7C,0x9A,0xA2,0xB2,0xAA,0x92,0x7C,0x00}},
  {9318,8,{0x7C,0xBA,0x8A,0x92,0x92,0x92,0x7C,0x00}},
  {9319,8,{0x7C,0x92,0xAA,0x92,0xAA,0x92,0x7C,0x00}},
  {9320,8,{0x7C,0x92,0xAA,0x9A,0x8A,0xB2,0x7C,0x00}},
  {9321,8,{0x7C,0xA2,0xEE,0xAA,0xAE,0xA2,0x7C,0x00}},
  {9322,8,{0x7C,0xA6,0xEE,0xA6,0xA6,0xA6,0x7C,0x00}},
  {9323,8,{0x7C,0xAA,0xE6,0xAE,0xAA,0xAE,0x7C,0x00}},
  {9324,8,{0x7C,0xAA,0xE6,0xAA,0xA6,0xAA,0x7C,0x00}},
  {9325,8,{0x7C,0xAA,0xEA,0xAE,0xAE,0xA6,0x7C,0x00}},
  {9326,8,{0x7C,0xAE,0xEA,0xAE,0xA6,0xAA,0x7C,0x00}},
  {9327,8,{0x7C,0xA6,0xEA,0xAE,0xAE,0xAE,0x7C,0x00}},
  {9328,8,{0x7C,0xAE,0xE6,0xAA,0xAA,0xAA,0x7C,0x00}},
  {9329,8,{0x7C,0xAE,0xEE,0xA2,0xAE,0xAE,0x7C,0x00}},
  {9330,8,{0x7C,0xAE,0xEE,0xAE,0xA6,0xAA,0x7C,0x00}},
  {9331,8,{0x7C,0xE2,0xAE,0xEA,0xCE,0xE2,0x7C,0x00}},
  {9472,8,{0x00,0x00,0x00,0xFF,0x00,0x00,0x00,0x00}},
  {9473,8,{0x00,0x00,0x00,0xFF,0xFF,0x00,0x00,0x00}},
  {9474,8,{0x10,0x10,0x10,0x10,0x10,0x10,0x10,0x10}},
  {9475,8,{0x18,0x18,0x18,0x18,0x18,0x18,0x18,0x18}},
  {9484,8,{0x00,0x00,0x00,0x1F,0x10,0x10,0x10,0x10}},
  {9487,8,{0x00,0x00,0x00,0x1F,0x1F,0x18,0x18,0x18}},
  {9488,8,{0x00,0x00,0x00,0xF0,0x10,0x10,0x10,0x10}},
  {9491,8,{0x00,0x00,0x00,0xF8,0xF8,0x18,0x18,0x18}},
  {9492,8,{0x10,0x10,0x10,0x1F,0x00,0x00,0x00,0x00}},
  {9495,8,{0x18,0x18,0x18,0x1F,0x1F,0x00,0x00,0x00}},
  {9496,8,{0x10,0x10,0x10,0xF0,0x00,0x00,0x00,0x00}},
  {9499,8,{0x18,0x18,0x18,0xF8,0xF8,0x00,0x00,0x00}},
  {9500,8,{0x10,0x10,0x10,0x1F,0x10,0x10,0x10,0x10}},
  {9501,8,{0x10,0x10,0x10,0x1F,0x1F,0x10,0x10,0x10}},
  {9504,8,{0x18,0x18,0x18,0x1F,0x18,0x18,0x18,0x18}},
  {9507,8,{0x18,0x18,0x18,0x1F,0x1F,0x18,0x18,0x18}},
  {9508,8,{0x10,0x10,0x10,0xF0,0x10,0x10,0x10,0x10}},
  {9509,8,{0x10,0x10,0x10,0xF0,0xF0,0x10,0x10,0x10}},
  {9512,8,{0x18,0x18,0x18,0xF8,0x18,0x18,0x18,0x18}},
  {9515,8,{0x18,0x18,0x18,0xF8,0xF8,0x18,0x18,0x18}},
  {9516,8,{0x00,0x00,0x00,0xFF,0x10,0x10,0x10,0x10}},
  {9519,8,{0x00,0x00,0x00,0xFF,0xFF,0x10,0x10,0x10}},
  {9520,8,{0x00,0x00,0x00,0xFF,0x18,0x18,0x18,0x18}},
  {9523,8,{0x00,0x00,0x00,0xFF,0xFF,0x18,0x18,0x18}},
  {9524,8,{0x10,0x10,0x10,0xFF,0x00,0x00,0x00,0x00}},
  {9527,8,{0x10,0x10,0x10,0xFF,0xFF,0x00,0x00,0x00}},
  {9528,8,{0x18,0x18,0x18,0xFF,0x00,0x00,0x00,0x00}},
  {9531,8,{0x18,0x18,0x18,0xFF,0xFF,0x00,0x00,0x00}},
  {9532,8,{0x10,0x10,0x10,0xFF,0x10,0x10,0x10,0x10}},
  {9535,8,{0x10,0x10,0x10,0xFF,0xFF,0x10,0x10,0x10}},
  {9538,8,{0x18,0x18,0x18,0xFF,0x18,0x18,0x18,0x18}},
  {9547,8,{0x18,0x18,0x18,0xFF,0xFF,0x18,0x18,0x18}},
  {9552,8,{0x00,0x00,0xFF,0x00,0xFF,0x00,0x00,0x00}},
  {9566,8,{0x10,0x10,0x1F,0x10,0x1F,0x10,0x10,0x10}},
  {9569,8,{0x10,0x10,0xF0,0x10,0xF0,0x10,0x10,0x10}},
  {9578,8,{0x10,0x10,0xFF,0x10,0xFF,0x10,0x10,0x10}},
  {9581,8,{0x00,0x00,0x00,0x07,0x08,0x10,0x10,0x10}},
  {9582,8,{0x00,0x00,0x00,0xC0,0x20,0x10,0x10,0x10}},
  {9583,8,{0x10,0x10,0x20,0xC0,0x00,0x00,0x00,0x00}},
  {9584,8,{0x10,0x10,0x08,0x07,0x00,0x00,0x00,0x00}},
  {9585,8,{0x01,0x02,0x04,0x08,0x10,0x20,0x40,0x80}},
  {9586,8,{0x80,0x40,0x20,0x10,0x08,0x04,0x02,0x01}},
  {9587,8,{0x81,0x42,0x24,0x18,0x18,0x24,0x42,0x81}},
  {9601,8,{0x00,0x00,0x00,0x00,0x00,0x00,0x00,0xFF}},
  {9602,8,{0x00,0x00,0x00,0x00,0x00,0x00,0xFF,0xFF}},
  {9603,8,{0x00,0x00,0x00,0x00,0x00,0xFF,0xFF,0xFF}},
  {9604,8,{0x00,0x00,0x00,0x00,0xFF,0xFF,0xFF,0xFF}},
  {9605,8,{0x00,0x00,0x00,0xFF,0xFF,0xFF,0xFF,0xFF}},
  {9606,8,{0x00,0x00,0xFF,0xFF,0xFF,0xFF,0xFF,0xFF}},
  {9607,8,{0x00,0xFF,0xFF,0xFF,0xFF,0xFF,0xFF,0xFF}},
  {9608,8,{0xFF,0xFF,0xFF,0xFF,0xFF,0xFF,0xFF,0xFF}},
  {9609,8,{0xFE,0xFE,0xFE,0xFE,0xFE,0xFE,0xFE,0xFE}},
  {9610,8,{0xFC,0xFC,0xFC,0xFC,0xFC,0xFC,0xFC,0xFC}},
  {9611,8,{0xF8,0xF8,0xF8,0xF8,0xF8,0xF8,0xF8,0xF8}},
  {9612,8,{0xF0,0xF0,0xF0,0xF0,0xF0,0xF0,0xF0,0xF0}},
  {9613,8,{0xE0,0xE0,0xE0,0xE0,0xE0,0xE0,0xE0,0xE0}},
  {9614,8,{0xC0,0xC0,0xC0,0xC0,0xC0,0xC0,0xC0,0xC0}},
  {9615,8,{0x80,0x80,0x80,0x80,0x80,0x80,0x80,0x80}},
  {9620,8,{0xFF,0x00,0x00,0x00,0x00,0x00,0x00,0x00}},
  {9621,8,{0x01,0x01,0x01,0x01,0x01,0x01,0x01,0x01}},
  {9632,8,{0xFE,0xFE,0xFE,0xFE,0xFE,0xFE,0xFE,0x00}},
  {9633,8,{0xFE,0x82,0x82,0x82,0x82,0x82,0xFE,0x00}},
  {9650,8,{0x10,0x10,0x38,0x38,0x7C,0x7C,0xFE,0x00}},
  {9651,8,{0x10,0x10,0x28,0x28,0x44,0x44,0xFE,0x00}},
  {9660,8,{0xFE,0x7C,0x7C,0x38,0x38,0x10,0x10,0x00}},
  {9661,8,{0xFE,0x44,0x44,0x28,0x28,0x10,0x10,0x00}},
  {9670,8,{0x10,0x38,0x7C,0xFE,0x7C,0x38,0x10,0x00}},
  {9671,8,{0x10,0x28,0x44,0x82,0x44,0x28,0x10,0x00}},
  {9675,8,{0x38,0x44,0x82,0x82,0x82,0x44,0x38,0x00}},
  {9678,8,{0x38,0x44,0xBA,0xAA,0xBA,0x44,0x38,0x00}},
  {9679,8,{0x38,0x7C,0xFE,0xFE,0xFE,0x7C,0x38,0x00}},
  {9698,8,{0x01,0x03,0x07,0x0F,0x1F,0x3F,0x7F,0xFF}},
  {9699,8,{0x80,0xC0,0xE0,0xF0,0xF8,0xFC,0xFE,0xFF}},
  {9700,8,{0xFF,0xFE,0xFC,0xF8,0xF0,0xE0,0xC0,0x80}},
  {9701,8,{0xFF,0x7F,0x3F,0x1F,0x0F,0x07,0x03,0x01}},
  {9711,8,{0x7C,0x82,0x82,0x82,0x82,0x82,0x7C,0x00}},
  {9733,8,{0x10,0x10,0xFE,0x38,0x38,0x6C,0x44,0x00}},
  {9734,8,{0x10,0x10,0xFE,0x28,0x38,0x6C,0x44,0x00}},
  {9792,8,{0x38,0x44,0x44,0x38,0x10,0x7C,0x10,0x00}},
  {9794,8,{0x1E,0x06,0x0A,0x72,0x90,0x90,0x60,0x00}},
  {9824,8,{0x10,0x38,0x7C,0xFE,0xFE,0x10,0x38,0x00}},
  {9825,8,{0x6C,0x92,0x82,0x82,0x44,0x28,0x10,0x00}},
  {9826,8,{0x10,0x28,0x44,0x82,0x44,0x28,0x10,0x00}},
  {9827,8,{0x38,0x38,0xFE,0xFE,0xD6,0x10,0x38,0x00}},
  {9828,8,{0x10,0x28,0x44,0x82,0xEE,0x10,0x38,0x00}},
  {9829,8,{0x6C,0xFE,0xFE,0xFE,0x7C,0x38,0x10,0x00}},
  {9830,8,{0x10,0x38,0x7C,0xFE,0x7C,0x38,0x10,0x00}},
  {9831,8,{0x38,0x28,0xD6,0xBA,0xD6,0x10,0x38,0x00}},
  {9834,8,{0x10,0x18,0x14,0x14,0x30,0x70,0x60,0x00}},
  {9837,8,{0x20,0x20,0x28,0x34,0x24,0x28,0x30,0x00}},
  {9839,8,{0x04,0x26,0x3C,0x66,0x3C,0x64,0x20,0x00}},
  {12288,8,{0x00,0x00,0x00,0x00,0x00,0x00,0x00,0x00}},
  {12289,8,{0x00,0x00,0x00,0x00,0x00,0x80,0x40,0x00}},
  {12290,8,{0x00,0x00,0x00,0x00,0x40,0xA0,0x40,0x00}},
  {12291,8,{0x00,0x00,0x24,0x24,0x24,0x48,0x00,0x00}},
  {12293,8,{0x00,0x20,0x3C,0x44,0xA8,0x10,0x08,0x00}},
  {12294,8,{0x02,0x34,0x48,0x94,0xA4,0xC0,0x80,0x00}},
  {12295,8,{0x00,0x38,0x44,0x82,0x82,0x44,0x38,0x00}},
  {12296,8,{0x04,0x08,0x10,0x20,0x10,0x08,0x04,0x00}},
  {12297,8,{0x40,0x20,0x10,0x08,0x10,0x20,0x40,0x00}},
  {12298,8,{0x0A,0x14,0x28,0x50,0x28,0x14,0x0A,0x00}},
  {12299,8,{0xA0,0x50,0x28,0x14,0x28,0x50,0xA0,0x00}},
  {12300,8,{0x1E,0x10,0x10,0x10,0x10,0x10,0x00,0x00}},
  {12301,8,{0x00,0x10,0x10,0x10,0x10,0x10,0xF0,0x00}},
  {12302,8,{0x3E,0x22,0x2E,0x28,0x28,0x38,0x00,0x00}},
  {12303,8,{0x00,0x38,0x28,0x28,0xE8,0x88,0xF8,0x00}},
  {12304,8,{0x1C,0x18,0x10,0x10,0x10,0x18,0x1C,0x00}},
  {12305,8,{0x70,0x30,0x10,0x10,0x10,0x30,0x70,0x00}},
  {12306,8,{0xFE,0x00,0xFE,0x10,0x10,0x10,0x10,0x00}},
  {12307,8,{0x00,0xFE,0xFE,0x00,0xFE,0xFE,0x00,0x00}},
  {12308,8,{0x0C,0x30,0x20,0x20,0x20,0x30,0x0C,0x00}},
  {12309,8,{0x60,0x18,0x08,0x08,0x08,0x18,0x60,0x00}},
  {12316,8,{0x00,0x00,0x60,0x92,0x0C,0x00,0x00,0x00}},
  {12317,8,{0x14,0x14,0x0A,0x00,0x00,0x00,0x00,0x00}},
  {12319,8,{0x00,0x00,0x00,0x00,0xA0,0x50,0x50,0x00}},
  {12353,8,{0x00,0x10,0x3C,0x10,0x3C,0x5A,0x32,0x00}},
  {12354,8,{0x20,0x7C,0x20,0x3C,0x6A,0xB2,0x64,0x00}},
  {12355,8,{0x00,0x00,0x48,0x44,0x44,0x50,0x20,0x00}},
  {12356,8,{0x00,0x88,0x84,0x82,0x82,0x50,0x20,0x00}},
  {12357,8,{0x00,0x38,0x00,0x38,0x44,0x08,0x30,0x00}},
  {12358,8,{0x3C,0x00,0x3C,0x42,0x02,0x04,0x38,0x00}},
  {12359,8,{0x00,0x38,0x00,0x78,0x10,0x30,0x4C,0x00}},
  {12360,8,{0x3C,0x00,0x7C,0x08,0x18,0x28,0x46,0x00}},
  {12361,8,{0x00,0x20,0x74,0x20,0x38,0x64,0x28,0x00}},
  {12362,8,{0x20,0xF4,0x22,0x3C,0x62,0xA2,0x6C,0x00}},
  {12363,8,{0x20,0x20,0xF4,0x2A,0x4A,0x48,0xB0,0x00}},
  {12364,8,{0x2A,0x20,0xF4,0x2A,0x4A,0x48,0xB0,0x00}},
  {12365,8,{0x10,0x7C,0x08,0x7E,0x24,0x40,0x3C,0x00}},
  {12366,8,{0x14,0x7C,0x08,0x7E,0x24,0x40,0x3C,0x00}},
  {12367,8,{0x04,0x08,0x30,0x40,0x30,0x08,0x04,0x00}},
  {12368,8,{0x04,0x08,0x34,0x40,0x30,0x08,0x04,0x00}},
  {12369,8,{0x88,0x88,0xBE,0x88,0x88,0x88,0x10,0x00}},
  {12370,8,{0x8A,0x88,0xBE,0x88,0x88,0x88,0x10,0x00}},
  {12371,8,{0x00,0x3C,0x00,0x00,0x20,0x40,0x3E,0x00}},
  {12372,8,{0x0A,0x3C,0x00,0x00,0x20,0x40,0x3E,0x00}},
  {12373,8,{0x08,0x08,0x7E,0x04,0x24,0x40,0x3C,0x00}},
  {12374,8,{0x0A,0x08,0x7E,0x04,0x24,0x40,0x3C,0x00}},
  {12375,8,{0x20,0x20,0x20,0x20,0x20,0x22,0x1C,0x00}},
  {12376,8,{0x2A,0x20,0x20,0x20,0x20,0x22,0x1C,0x00}},
  {12377,8,{0x08,0xFE,0x18,0x28,0x18,0x08,0x10,0x00}},
  {12378,8,{0x0A,0xFE,0x18,0x28,0x18,0x08,0x10,0x00}},
  {12379,8,{0x24,0x24,0xFE,0x24,0x2C,0x20,0x1E,0x00}},
  {12380,8,{0x2A,0x24,0xFE,0x24,0x2C,0x20,0x1E,0x00}},
  {12381,8,{0x3C,0x08,0x10,0x7E,0x10,0x10,0x0C,0x00}},
  {12382,8,{0x3C,0x0A,0x10,0x7E,0x10,0x10,0x0C,0x00}},
  {12383,8,{0x20,0xF0,0x2E,0x40,0x48,0x50,0x8E,0x00}},
  {12384,8,{0x2A,0xF0,0x2E,0x40,0x48,0x50,0x8E,0x00}},
  {12385,8,{0x08,0x7E,0x10,0x1C,0x22,0x02,0x1C,0x00}},
  {12386,8,{0x0A,0x7E,0x10,0x1C,0x22,0x02,0x1C,0x00}},
  {12387,8,{0x00,0x00,0x00,0x18,0x64,0x04,0x18,0x00}},
  {12388,8,{0x00,0x3C,0xC2,0x02,0x02,0x1C,0x00,0x00}},
  {12389,8,{0x0A,0x3C,0xC2,0x02,0x02,0x1C,0x00,0x00}},
  {12390,8,{0x0E,0x74,0x08,0x10,0x10,0x08,0x06,0x00}},
  {12391,8,{0x0E,0x74,0x0A,0x10,0x10,0x08,0x06,0x00}},
  {12392,8,{0x20,0x20,0x24,0x18,0x20,0x40,0x3E,0x00}},
  {12393,8,{0x2A,0x20,0x24,0x18,0x20,0x40,0x3E,0x00}},
  {12394,8,{0x20,0xF4,0x22,0x44,0x9C,0x26,0x18,0x00}},
  {12395,8,{0x80,0x9C,0x80,0x80,0x90,0xA0,0x9E,0x00}},
  {12396,8,{0x08,0x48,0x5C,0x6A,0xB2,0xA6,0x56,0x00}},
  {12397,8,{0x20,0x2C,0xF2,0x22,0x66,0xAA,0x26,0x00}},
  {12398,8,{0x00,0x38,0x54,0x92,0xA2,0x44,0x18,0x00}},
  {12399,8,{0x84,0x84,0xBE,0x84,0x9C,0xA4,0x9A,0x00}},
  {12400,8,{0x8A,0x84,0xBE,0x84,0x9C,0xA4,0x9A,0x00}},
  {12401,8,{0x84,0x8A,0xBE,0x84,0x9C,0xA4,0x9A,0x00}},
  {12402,8,{0x28,0xE4,0x26,0x44,0x44,0x44,0x38,0x00}},
  {12403,8,{0x2A,0xE4,0x26,0x44,0x44,0x44,0x38,0x00}},
  {12404,8,{0x2C,0xEA,0x26,0x44,0x44,0x44,0x38,0x00}},
  {12405,8,{0x10,0x08,0x10,0x10,0x4C,0x4A,0xB2,0x00}},
  {12406,8,{0x10,0x0A,0x10,0x10,0x4C,0x4A,0xB2,0x00}},
  {12407,8,{0x14,0x0A,0x14,0x10,0x4C,0x4A,0xB2,0x00}},
  {12408,8,{0x00,0x20,0x50,0x88,0x06,0x00,0x00,0x00}},
  {12409,8,{0x0A,0x20,0x50,0x88,0x06,0x00,0x00,0x00}},
  {12410,8,{0x04,0x2A,0x54,0x88,0x06,0x00,0x00,0x00}},
  {12411,8,{0x80,0xBE,0x88,0xBE,0x88,0xBC,0xBA,0x00}},
  {12412,8,{0x8A,0xBE,0x88,0xBE,0x88,0xBC,0xBA,0x00}},
  {12413,8,{0x84,0xBA,0x8C,0xBE,0x88,0xBC,0xBA,0x00}},
  {12414,8,{0x08,0x7E,0x08,0x7E,0x08,0x7C,0x7A,0x00}},
  {12415,8,{0x70,0x10,0x24,0x7C,0xA6,0xC4,0x18,0x00}},
  {12416,8,{0x20,0xF4,0x22,0x60,0xA0,0x62,0x3C,0x00}},
  {12417,8,{0x08,0x48,0x5C,0x6A,0xB2,0xA2,0x54,0x00}},
  {12418,8,{0x10,0x7C,0x20,0x7C,0x22,0x22,0x1C,0x00}},
  {12419,8,{0x00,0x28,0x2C,0x72,0x14,0x10,0x08,0x00}},
  {12420,8,{0x48,0x5C,0xE2,0x24,0x20,0x10,0x10,0x00}},
  {12421,8,{0x00,0x10,0x58,0x74,0x54,0x18,0x20,0x00}},
  {12422,8,{0x10,0xBC,0xD2,0x92,0xBC,0x10,0x20,0x00}},
  {12423,8,{0x00,0x08,0x08,0x0C,0x38,0x48,0x34,0x00}},
  {12424,8,{0x08,0x08,0x0E,0x08,0x38,0x4C,0x32,0x00}},
  {12425,8,{0x30,0x08,0x40,0x5C,0x62,0x02,0x3C,0x00}},
  {12426,8,{0x58,0x64,0x44,0x44,0x04,0x08,0x30,0x00}},
  {12427,8,{0x3C,0x08,0x10,0x3C,0x42,0x32,0x3C,0x00}},
  {12428,8,{0x20,0x2C,0xF4,0x24,0x64,0xA4,0x22,0x00}},
  {12429,8,{0x3C,0x08,0x10,0x3C,0x42,0x02,0x3C,0x00}},
  {12430,8,{0x00,0x10,0x14,0x7A,0x32,0x52,0x14,0x00}},
  {12431,8,{0x20,0x2C,0xF2,0x22,0x62,0xA2,0x2C,0x00}},
  {12432,8,{0x70,0x10,0x3C,0x52,0x96,0xAA,0x46,0x00}},
  {12433,8,{0x38,0x10,0x38,0x44,0x18,0x6C,0x92,0x00}},
  {12434,8,{0x10,0x7C,0x20,0x76,0x98,0x28,0x1E,0x00}},
  {12435,8,{0x10,0x10,0x20,0x20,0x50,0x52,0x8C,0x00}},
  {12443,8,{0xA0,0x50,0x00,0x00,0x00,0x00,0x00,0x00}},
  {12444,8,{0x40,0xA0,0x40,0x00,0x00,0x00,0x00,0x00}},
  {12445,8,{0x00,0x20,0x10,0x08,0x0C,0x30,0x00,0x00}},
  {12446,8,{0x0A,0x20,0x10,0x08,0x0C,0x30,0x00,0x00}},
  {12449,8,{0x00,0x00,0x7C,0x14,0x18,0x10,0x20,0x00}},
  {12450,8,{0x7E,0x02,0x14,0x18,0x10,0x10,0x20,0x00}},
  {12451,8,{0x00,0x00,0x04,0x08,0x18,0x68,0x08,0x00}},
  {12452,8,{0x02,0x04,0x08,0x18,0x68,0x08,0x08,0x00}},
  {12453,8,{0x00,0x00,0x10,0x7C,0x44,0x08,0x30,0x00}},
  {12454,8,{0x10,0x7E,0x42,0x02,0x04,0x08,0x30,0x00}},
  {12455,8,{0x00,0x00,0x00,0x38,0x10,0x10,0x7C,0x00}},
  {12456,8,{0x00,0x7C,0x10,0x10,0x10,0xFE,0x00,0x00}},
  {12457,8,{0x00,0x00,0x08,0x7C,0x18,0x68,0x18,0x00}},
  {12458,8,{0x08,0xFE,0x08,0x18,0x28,0xC8,0x18,0x00}},
  {12459,8,{0x10,0x7E,0x12,0x12,0x12,0x22,0x46,0x00}},
  {12460,8,{0x14,0x7E,0x12,0x12,0x12,0x22,0x46,0x00}},
  {12461,8,{0x10,0x7C,0x10,0x10,0x7E,0x08,0x08,0x00}},
  {12462,8,{0x14,0x7C,0x10,0x10,0x7E,0x08,0x08,0x00}},
  {12463,8,{0x10,0x1E,0x22,0x42,0x04,0x08,0x30,0x00}},
  {12464,8,{0x14,0x1E,0x22,0x42,0x04,0x08,0x30,0x00}},
  {12465,8,{0x40,0x7E,0x48,0x88,0x08,0x10,0x20,0x00}},
  {12466,8,{0x4A,0x7E,0x48,0x88,0x08,0x10,0x20,0x00}},
  {12467,8,{0x00,0x7E,0x02,0x02,0x02,0x02,0x7E,0x00}},
  {12468,8,{0x0A,0x7E,0x02,0x02,0x02,0x02,0x7E,0x00}},
  {12469,8,{0x24,0xFE,0x24,0x24,0x04,0x08,0x30,0x00}},
  {12470,8,{0x2A,0xFE,0x24,0x24,0x04,0x08,0x30,0x00}},
  {12471,8,{0x40,0x20,0x42,0x22,0x04,0x08,0x70,0x00}},
  {12472,8,{0x4A,0x20,0x42,0x22,0x04,0x08,0x70,0x00}},
  {12473,8,{0x00,0x7C,0x04,0x08,0x08,0x34,0xC2,0x00}},
  {12474,8,{0x0A,0x7C,0x04,0x08,0x08,0x34,0xC2,0x00}},
  {12475,8,{0x20,0x20,0xFE,0x22,0x24,0x20,0x1E,0x00}},
  {12476,8,{0x2A,0x20,0xFE,0x22,0x24,0x20,0x1E,0x00}},
  {12477,8,{0x42,0x22,0x22,0x02,0x04,0x08,0x30,0x00}},
  {12478,8,{0x4A,0x20,0x22,0x02,0x04,0x08,0x30,0x00}},
  {12479,8,{0x10,0x1E,0x22,0x5A,0x04,0x08,0x30,0x00}},
  {12480,8,{0x14,0x1E,0x22,0x5A,0x04,0x08,0x30,0x00}},
  {12481,8,{0x0C,0x70,0x10,0xFE,0x10,0x10,0x20,0x00}},
  {12482,8,{0x0A,0x70,0x10,0xFE,0x10,0x10,0x20,0x00}},
  {12483,8,{0x00,0x00,0x00,0x54,0x54,0x08,0x30,0x00}},
  {12484,8,{0x00,0xA2,0x52,0x52,0x04,0x08,0x30,0x00}},
  {12485,8,{0x0A,0xA0,0x52,0x52,0x04,0x08,0x30,0x00}},
  {12486,8,{0x7C,0x00,0xFE,0x10,0x10,0x10,0x20,0x00}},
  {12487,8,{0x7A,0x00,0xFE,0x10,0x10,0x10,0x20,0x00}},
  {12488,8,{0x20,0x20,0x20,0x38,0x24,0x20,0x20,0x00}},
  {12489,8,{0x2A,0x20,0x20,0x38,0x24,0x20,0x20,0x00}},
  {12490,8,{0x10,0x10,0xFE,0x10,0x10,0x20,0x40,0x00}},
  {12491,8,{0x00,0x7C,0x00,0x00,0x00,0xFE,0x00,0x00}},
  {12492,8,{0x7C,0x04,0x34,0x08,0x18,0x24,0xC0,0x00}},
  {12493,8,{0x10,0x7C,0x08,0x10,0x34,0xD2,0x10,0x00}},
  {12494,8,{0x04,0x04,0x04,0x08,0x10,0x20,0xC0,0x00}},
  {12495,8,{0x00,0x28,0x24,0x24,0x42,0x42,0x82,0x00}},
  {12496,8,{0x0A,0x20,0x24,0x24,0x42,0x42,0x82,0x00}},
  {12497,8,{0x04,0x2A,0x24,0x24,0x42,0x42,0x82,0x00}},
  {12498,8,{0x40,0x40,0x46,0x78,0x40,0x40,0x3E,0x00}},
  {12499,8,{0x4A,0x40,0x46,0x78,0x40,0x40,0x3E,0x00}},
  {12500,8,{0x44,0x4A,0x46,0x78,0x40,0x40,0x3E,0x00}},
  {12501,8,{0x00,0x7E,0x02,0x02,0x04,0x08,0x30,0x00}},
  {12502,8,{0x0A,0x7E,0x02,0x02,0x04,0x08,0x30,0x00}},
  {12503,8,{0x04,0x7A,0x06,0x02,0x04,0x08,0x30,0x00}},
  {12504,8,{0x00,0x20,0x50,0x88,0x04,0x02,0x00,0x00}},
  {12505,8,{0x0A,0x20,0x50,0x88,0x04,0x02,0x00,0x00}},
  {12506,8,{0x04,0x2A,0x54,0x88,0x04,0x02,0x00,0x00}},
  {12507,8,{0x10,0x10,0xFE,0x10,0x54,0x92,0x30,0x00}},
  {12508,8,{0x1A,0x10,0xFE,0x10,0x54,0x92,0x30,0x00}},
  {12509,8,{0x14,0x1A,0xF4,0x10,0x54,0x92,0x30,0x00}},
  {12510,8,{0x00,0xFE,0x02,0x04,0x28,0x10,0x08,0x00}},
  {12511,8,{0x70,0x0C,0x20,0x18,0x00,0x70,0x0C,0x00}},
  {12512,8,{0x10,0x10,0x20,0x20,0x48,0x44,0xFA,0x00}},
  {12513,8,{0x04,0x04,0x74,0x08,0x14,0x24,0xC0,0x00}},
  {12514,8,{0x3C,0x10,0x10,0x7E,0x10,0x10,0x0E,0x00}},
  {12515,8,{0x00,0x00,0x20,0x3C,0x64,0x10,0x10,0x00}},
  {12516,8,{0x20,0x2E,0xF2,0x24,0x10,0x10,0x10,0x00}},
  {12517,8,{0x00,0x00,0x00,0x38,0x08,0x08,0x7C,0x00}},
  {12518,8,{0x00,0x78,0x08,0x08,0x08,0xFE,0x00,0x00}},
  {12519,8,{0x00,0x00,0x3C,0x04,0x1C,0x04,0x3C,0x00}},
  {12520,8,{0x00,0x7E,0x02,0x3E,0x02,0x02,0x7E,0x00}},
  {12521,8,{0x3C,0x00,0x7E,0x02,0x04,0x08,0x30,0x00}},
  {12522,8,{0x44,0x44,0x44,0x44,0x04,0x08,0x30,0x00}},
  {12523,8,{0x08,0x28,0x28,0x28,0x2A,0x4C,0x88,0x00}},
  {12524,8,{0x20,0x20,0x20,0x22,0x24,0x28,0x30,0x00}},
  {12525,8,{0x00,0x7E,0x42,0x42,0x42,0x42,0x7E,0x00}},
  {12526,8,{0x00,0x00,0x7C,0x44,0x04,0x08,0x30,0x00}},
  {12527,8,{0x00,0x7E,0x42,0x02,0x04,0x08,0x30,0x00}},
  {12528,8,{0x04,0x7E,0x24,0x24,0xFE,0x04,0x04,0x00}},
  {12529,8,{0x00,0x7C,0x08,0x10,0x10,0xFE,0x00,0x00}},
  {12530,8,{0x7E,0x02,0x3E,0x02,0x04,0x08,0x30,0x00}},
  {12531,8,{0x40,0x20,0x02,0x02,0x04,0x08,0x70,0x00}},
  {12532,8,{0x14,0x7E,0x42,0x02,0x04,0x08,0x30,0x00}},
  {12533,8,{0x00,0x00,0x10,0x7C,0x14,0x24,0x4C,0x00}},
  {12534,8,{0x00,0x00,0x20,0x3C,0x48,0x08,0x10,0x00}},
  {12539,8,{0x00,0x00,0x00,0x30,0x30,0x00,0x00,0x00}},
  {12540,8,{0x00,0x00,0x80,0x7E,0x00,0x00,0x00,0x00}},
  {12541,8,{0x00,0x00,0x20,0x10,0x08,0x08,0x00,0x00}},
  {12542,8,{0x0A,0x00,0x20,0x10,0x08,0x08,0x00,0x00}},
  {12849,8,{0x44,0xF2,0xBE,0xEA,0xFE,0xAA,0x6C,0x00}},
  {12850,8,{0x54,0xBA,0x92,0xBE,0xD6,0x9E,0x54,0x00}},
  {12857,8,{0x44,0xAA,0xBE,0xEA,0xAA,0xA6,0x44,0x00}},
  {12964,8,{0x7C,0x92,0x9A,0x92,0x92,0xBA,0x7C,0x00}},
  {12965,8,{0x7C,0x92,0xFE,0xD6,0xFE,0x92,0x7C,0x00}},
  {12966,8,{0x7C,0xBA,0x92,0x9A,0x92,0x92,0x7C,0x00}},
  {12967,8,{0x7C,0xFA,0xA2,0xBA,0xD2,0xBA,0x7C,0x00}},
  {12968,8,{0x7C,0xA2,0xFA,0xA2,0xDA,0x9A,0x7C,0x00}},
  {13055,8,{0x4C,0xA6,0xEE,0x06,0xEE,0x6C,0x44,0x00}},
  {13059,8,{0xF0,0x56,0x60,0x80,0x60,0x60,0xB0,0x00}},
  {13069,8,{0xEE,0x6A,0xAE,0x00,0xA0,0xAE,0x20,0x00}},
  {13076,8,{0x40,0xE0,0x40,0xEE,0x4A,0x0A,0x0E,0x00}},
  {13080,8,{0x76,0xAE,0x22,0xCC,0x20,0x50,0xF0,0x00}},
  {13090,8,{0x8C,0xE0,0xA2,0xCC,0x40,0xE0,0x40,0x00}},
  {13091,8,{0x8C,0xE0,0xA2,0xCC,0x40,0x60,0x40,0x00}},
  {13094,8,{0xA8,0x80,0xE0,0x80,0x14,0x14,0x26,0x00}},
  {13095,8,{0x80,0x80,0xE0,0x8C,0x00,0x02,0x0C,0x00}},
  {13099,8,{0x70,0xB6,0xA0,0x00,0x94,0xC6,0xDC,0x00}},
  {13110,8,{0x46,0xAA,0x02,0x6C,0xBC,0x4C,0x96,0x00}},
  {13115,8,{0x50,0xA6,0x10,0xC0,0xD0,0x20,0xC0,0x00}},
  {13129,8,{0xE0,0x00,0x60,0x0A,0xEA,0x02,0x04,0x00}},
  {13130,8,{0xEA,0x6A,0x72,0x00,0x6C,0xBC,0xB6,0x00}},
  {13133,8,{0xA0,0x4E,0xA0,0x00,0x8C,0xCC,0x96,0x00}},
  {13137,8,{0xA0,0xAE,0x22,0x00,0x8C,0xCC,0x96,0x00}},
  {13143,8,{0xE0,0xAE,0x22,0x40,0x40,0x60,0x40,0x00}},
  {13179,8,{0xE4,0x4E,0xEC,0x4C,0xEE,0x4C,0x52,0x00}},
  {13180,8,{0x6C,0xE6,0xEE,0xA6,0x8E,0x6C,0x64,0x00}},
  {13181,8,{0x4E,0x44,0xE4,0x4E,0x4C,0xAC,0xAE,0x00}},
  {13182,8,{0x6A,0xE4,0xEC,0xE6,0x68,0x6E,0xAE,0x00}},
  {13198,8,{0x00,0x00,0xC6,0xEA,0xE6,0xE2,0xAC,0x00}},
  {13199,8,{0x80,0x80,0xA6,0xAA,0xC6,0xA2,0xAC,0x00}},
  {13212,8,{0x00,0x00,0xCC,0xEE,0xEE,0xEE,0xAA,0x00}},
  {13213,8,{0x00,0x00,0x6C,0x8E,0x8E,0x8E,0x6A,0x00}},
  {13214,8,{0x80,0x80,0xAC,0xAE,0xCE,0xAE,0xAA,0x00}},
  {13217,8,{0x06,0x02,0xD4,0xAE,0xA8,0xA8,0xA8,0x00}},
  {13252,8,{0x00,0x00,0x66,0x88,0x88,0x88,0x66,0x00}},
  {13261,8,{0xAA,0xAA,0xAA,0xCC,0xAA,0xAA,0xAA,0x00}},
  {19968,8,{0x00,0x00,0x04,0xFE,0x00,0x00,0x00,0x00}},
  {19969,8,{0xFE,0x10,0x10,0x10,0x10,0x10,0x30,0x00}},
  {19971,8,{0x20,0x20,0x2E,0xF0,0x20,0x22,0x1E,0x00}},
  {19975,8,{0xFE,0x20,0x3C,0x24,0x24,0x44,0x8C,0x00}},
  {19976,8,{0x10,0xFE,0x10,0x30,0x10,0x28,0xC6,0x00}},
  {19977,8,{0x00,0x7C,0x00,0x38,0x00,0x00,0xFE,0x00}},
  {19978,8,{0x10,0x10,0x1C,0x10,0x10,0x10,0xFE,0x00}},
  {19979,8,{0xFE,0x10,0x18,0x14,0x10,0x10,0x10,0x00}},
  {19981,8,{0xFE,0x10,0x10,0x34,0xD2,0x10,0x10,0x00}},
  {19982,8,{0x20,0x3C,0x20,0x38,0xFE,0x08,0x18,0x00}},
  {19984,8,{0xFE,0x10,0x5C,0x50,0x7E,0x02,0x06,0x00}},
  {19985,8,{0x7C,0x14,0x14,0xFE,0x24,0x24,0xFE,0x00}},
  {19988,8,{0x7C,0x44,0x7C,0x44,0x7C,0x44,0xFE,0x00}},
  {19989,8,{0xFE,0x10,0x34,0xD2,0x10,0x10,0xFE,0x00}},
  {19990,8,{0x54,0x54,0xFE,0x54,0x5C,0x40,0x7E,0x00}},
  {19991,8,{0x54,0x54,0xFE,0x54,0x54,0x54,0x7C,0x00}},
  {19992,8,{0x0C,0x70,0x40,0x7C,0x48,0x48,0xFE,0x00}},
  {19993,8,{0xFE,0x10,0xFE,0x92,0xAA,0xC2,0x86,0x00}},
  {19998,8,{0x7C,0x08,0xD2,0x54,0x92,0x30,0xFE,0x00}},
  {20001,8,{0xFE,0x10,0xFE,0x92,0xD6,0xFE,0x82,0x00}},
  {20006,8,{0x44,0xFE,0x28,0xAA,0xAC,0x28,0xFE,0x00}},
  {20010,8,{0x10,0x28,0xD6,0x10,0x10,0x10,0x10,0x00}},
  {20013,8,{0x10,0xFE,0x92,0x92,0xFE,0x10,0x10,0x00}},
  {20017,8,{0x28,0xAA,0xAA,0xAA,0xEE,0x28,0x48,0x00}},
  {20018,8,{0x10,0x7C,0x7C,0x10,0xFE,0xFE,0x10,0x00}},
  {20022,8,{0x00,0x20,0x10,0x08,0x08,0x00,0x00,0x00}},
  {20024,8,{0x20,0xF8,0x28,0x68,0x38,0x4A,0x8E,0x00}},
  {20025,8,{0x7C,0x44,0x54,0x44,0xFE,0x44,0x8C,0x00}},
  {20027,8,{0x20,0x10,0xFE,0x10,0x7C,0x10,0xFE,0x00}},
  {20028,8,{0x24,0xFE,0x34,0x24,0xFE,0x24,0x44,0x00}},
  {20031,8,{0x08,0x08,0x08,0x08,0x08,0x10,0x60,0x00}},
  {20034,8,{0x44,0x44,0x28,0x28,0x10,0x28,0xC6,0x00}},
  {20035,8,{0xF8,0x28,0x2E,0x22,0x42,0x42,0x86,0x00}},
  {20037,8,{0x20,0x3C,0x44,0x88,0x08,0x34,0xC2,0x00}},
  {20043,8,{0x10,0x7C,0x04,0x08,0x50,0x60,0x9E,0x00}},
  {20045,8,{0x20,0x3E,0x50,0x9E,0x10,0x1E,0x10,0x00}},
  {20046,8,{0x0E,0xF0,0x54,0x10,0xFE,0x10,0x30,0x00}},
  {20047,8,{0x7C,0x10,0x7C,0x08,0x50,0x60,0x9E,0x00}},
  {20053,8,{0x06,0x78,0x7E,0x7E,0x48,0x7E,0xAA,0x00}},
  {20054,8,{0x0C,0x70,0xFE,0xD6,0x54,0xD6,0x10,0x00}},
  {20055,8,{0x0C,0x70,0xFE,0x54,0xFE,0x38,0xD6,0x00}},
  {20056,8,{0x0C,0x70,0xFE,0x54,0xD6,0x38,0xD6,0x00}},
  {20057,8,{0x78,0x08,0x10,0x20,0x40,0x82,0x7E,0x00}},
  {20061,8,{0x20,0xF8,0x28,0x28,0x48,0x4A,0x8E,0x00}},
  {20062,8,{0x40,0x7E,0xB8,0x08,0x30,0x42,0x3E,0x00}},
  {20063,8,{0x10,0x5C,0x74,0xD4,0x50,0x42,0x3E,0x00}},
  {20066,8,{0x28,0x28,0x28,0xA8,0xA8,0xFA,0x0E,0x00}},
  {20081,8,{0x14,0x64,0xFC,0x24,0x74,0x54,0x76,0x00}},
  {20083,8,{0x3C,0xD4,0x04,0x74,0x14,0xFC,0x26,0x00}},
  {20094,8,{0xF0,0x5E,0xEC,0xA4,0x48,0xF2,0x4E,0x00}},
  {20096,8,{0x38,0xC8,0x7C,0x7C,0x94,0xFC,0x0E,0x00}},
  {20098,8,{0x74,0xAC,0x74,0x14,0xF4,0xB4,0xD6,0x00}},
  {20101,8,{0x10,0x10,0x10,0x10,0x10,0x10,0x30,0x00}},
  {20102,8,{0xFE,0x04,0x18,0x10,0x10,0x10,0x30,0x00}},
  {20104,8,{0x7C,0x28,0x10,0xFE,0x12,0x10,0x30,0x00}},
  {20105,8,{0x38,0xC8,0x3C,0xFE,0x14,0x7C,0x30,0x00}},
  {20106,8,{0x10,0xFE,0x54,0x3C,0xFE,0x1C,0x30,0x00}},
  {20107,8,{0x10,0xFE,0x54,0xFC,0x16,0xFC,0x30,0x00}},
  {20108,8,{0x00,0x7C,0x00,0x00,0x00,0x04,0xFE,0x00}},
  {20110,8,{0x7C,0x10,0x10,0xFE,0x10,0x10,0x30,0x00}},
  {20113,8,{0x7C,0x00,0xFE,0x10,0x10,0x24,0xFA,0x00}},
  {20114,8,{0xFE,0x20,0x3C,0x24,0x78,0x08,0xFE,0x00}},
  {20116,8,{0x7C,0x10,0x10,0x7C,0x24,0x24,0xFE,0x00}},
  {20117,8,{0x24,0xFE,0x24,0x24,0xFE,0x24,0x44,0x00}},
  {20120,8,{0xFE,0x7C,0x44,0x7C,0x44,0x7C,0xFE,0x00}},
  {20121,8,{0xFE,0x20,0x3C,0x2C,0x54,0x08,0xFE,0x00}},
  {20123,8,{0x24,0xB6,0xA4,0xF6,0x7C,0x00,0xFE,0x00}},
  {20124,8,{0xFE,0x28,0xFE,0xAA,0xFE,0x28,0xFE,0x00}},
  {20126,8,{0xFE,0x28,0xEE,0x82,0xEE,0x28,0xFE,0x00}},
  {20127,8,{0xFE,0x20,0x3E,0xDA,0xD4,0x3A,0xFE,0x00}},
  {20128,8,{0x00,0x10,0x10,0xFE,0x00,0x00,0x00,0x00}},
  {20129,8,{0x10,0xFE,0x40,0x40,0x40,0x40,0x3E,0x00}},
  {20130,8,{0x10,0xFE,0x00,0x38,0x28,0x2A,0xCE,0x00}},
  {20132,8,{0x10,0xFE,0x28,0xC6,0x28,0x10,0xEE,0x00}},
  {20133,8,{0x10,0xFE,0x20,0x54,0x28,0x14,0xE2,0x00}},
  {20134,8,{0x10,0xFE,0x28,0x6C,0x6A,0xAA,0x58,0x00}},
  {20136,8,{0x10,0xFE,0x44,0x7C,0x08,0x10,0x30,0x00}},
  {20139,8,{0x10,0xFE,0x44,0x7C,0x08,0xFE,0x10,0x00}},
  {20140,8,{0x10,0xFE,0x44,0x7C,0x10,0x54,0xB2,0x00}},
  {20141,8,{0x10,0xFE,0x44,0xFE,0xBA,0x10,0x30,0x00}},
  {20142,8,{0x10,0xFE,0x44,0xFE,0x82,0x28,0xCE,0x00}},
  {20144,8,{0x10,0xFE,0x44,0x7C,0x7C,0x54,0xB2,0x00}},
  {20147,8,{0x10,0xFE,0x44,0xFE,0x9A,0x70,0x1E,0x00}},
  {20150,8,{0x10,0xFE,0x6C,0x7C,0x38,0x28,0xFE,0x00}},
  {20154,8,{0x10,0x10,0x10,0x28,0x28,0x44,0x82,0x00}},
  {20160,8,{0x28,0x48,0xFE,0x48,0x48,0x48,0x48,0x00}},
  {20161,8,{0x20,0x5E,0xC0,0x40,0x40,0x40,0x5E,0x00}},
  {20162,8,{0x28,0x5E,0xCA,0x4A,0x4A,0x4A,0x56,0x00}},
  {20164,8,{0x7E,0x48,0x48,0x48,0x48,0x54,0xA2,0x00}},
  {20166,8,{0x28,0x48,0xC8,0x4C,0x4A,0x48,0x48,0x00}},
  {20167,8,{0x28,0x7C,0xD4,0x54,0x54,0x54,0x66,0x00}},
  {20170,8,{0x10,0x28,0xDE,0x00,0x7C,0x08,0x30,0x00}},
  {20171,8,{0x10,0x28,0xC6,0x28,0x28,0x28,0x48,0x00}},
  {20173,8,{0x3C,0x54,0xD6,0x52,0x52,0x52,0x66,0x00}},
  {20174,8,{0x24,0x24,0x24,0x24,0x54,0x4A,0x92,0x00}},
  {20175,8,{0x28,0x48,0xC8,0x48,0x50,0x54,0x7A,0x00}},
  {20180,8,{0x3C,0x44,0xC8,0x7E,0x48,0x48,0x58,0x00}},
  {20181,8,{0x28,0x48,0xFE,0x48,0x48,0x48,0x5C,0x00}},
  {20182,8,{0x24,0x54,0xDE,0x76,0x54,0x52,0x5E,0x00}},
  {20183,8,{0x28,0x7E,0xC8,0x58,0x48,0x54,0x62,0x00}},
  {20184,8,{0x24,0x5E,0xC4,0x54,0x4C,0x44,0x4C,0x00}},
  {20185,8,{0x28,0x48,0xEA,0x6A,0x6A,0x6A,0x7E,0x00}},
  {20189,8,{0x10,0x28,0xC6,0x7C,0x10,0x10,0xFE,0x00}},
  {20190,8,{0x3E,0x4A,0xDA,0x5A,0x6A,0x4A,0x56,0x00}},
  {20191,8,{0x24,0x58,0xC8,0x7E,0x48,0x48,0x48,0x00}},
  {20195,8,{0x2A,0x48,0xDE,0x48,0x44,0x44,0x42,0x00}},
  {20196,8,{0x10,0x28,0xDE,0x00,0xFE,0x12,0x10,0x00}},
  {20197,8,{0x44,0x54,0x4C,0x44,0x64,0x8C,0x32,0x00}},
  {20205,8,{0x3E,0x4A,0xDA,0x4A,0x4E,0x4A,0x56,0x00}},
  {20206,8,{0x3E,0x50,0xDE,0x5A,0x5A,0x64,0x5A,0x00}},
  {20208,8,{0x50,0x6E,0xEA,0xEA,0x7A,0x68,0x48,0x00}},
  {20210,8,{0x28,0x7E,0xEA,0x6A,0x7E,0x48,0x48,0x00}},
  {20214,8,{0x2C,0x4E,0xD4,0x44,0x5E,0x44,0x44,0x00}},
  {20215,8,{0x28,0x54,0xE2,0x54,0x54,0x54,0x64,0x00}},
  {20219,8,{0x24,0x58,0xC8,0x7E,0x48,0x48,0x5C,0x00}},
  {20225,8,{0x10,0x28,0xD6,0x10,0x5C,0x50,0xFE,0x00}},
  {20233,8,{0x28,0x7E,0xC0,0x5C,0x54,0x54,0x66,0x00}},
  {20234,8,{0x3E,0x4A,0xFE,0x4A,0x5E,0x48,0x50,0x00}},
  {20237,8,{0x3C,0x48,0xC8,0x7C,0x54,0x54,0x7E,0x00}},
  {20238,8,{0x28,0x7E,0xC8,0x7C,0x54,0x48,0x76,0x00}},
  {20239,8,{0x2A,0x48,0xFE,0x48,0x48,0x54,0x62,0x00}},
  {20240,8,{0x2A,0x48,0xDE,0x48,0x4A,0x44,0x5A,0x00}},
  {20241,8,{0x28,0x7E,0xC8,0x5C,0x5C,0x6A,0x48,0x00}},
  {20250,8,{0x10,0x28,0xDE,0x00,0xFE,0x24,0xFA,0x00}},
  {20252,8,{0x28,0x7C,0xD4,0x66,0x48,0x7E,0x48,0x00}},
  {20253,8,{0x3C,0x40,0xFE,0x48,0x48,0x54,0x7A,0x00}},
  {20271,8,{0x28,0x5E,0xD2,0x5E,0x52,0x52,0x5E,0x00}},
  {20272,8,{0x28,0x48,0xFE,0x48,0x5C,0x54,0x5C,0x00}},
  {20276,8,{0x24,0x56,0xC4,0x5E,0x44,0x5E,0x44,0x00}},
  {20278,8,{0x28,0x54,0xEE,0x40,0x7E,0x4A,0x48,0x00}},
  {20280,8,{0x28,0x7E,0xEA,0x7E,0x6A,0x7E,0x48,0x00}},
  {20282,8,{0x3E,0x42,0xDA,0x42,0x5A,0x5A,0x46,0x00}},
  {20284,8,{0x32,0x56,0xD2,0x5A,0x72,0x44,0x5A,0x00}},
  {20285,8,{0x50,0x7E,0xDA,0xDA,0x6A,0x4E,0x58,0x00}},
  {20291,8,{0x3E,0x6A,0xEA,0x7E,0x6A,0x6A,0x7E,0x00}},
  {20294,8,{0x3E,0x52,0xDE,0x52,0x5E,0x40,0x5E,0x00}},
  {20295,8,{0x24,0x5E,0xD2,0x4E,0x44,0x44,0x4C,0x00}},
  {20301,8,{0x28,0x7E,0xD4,0x54,0x54,0x58,0x7E,0x00}},
  {20302,8,{0x22,0x5C,0xD4,0x5E,0x54,0x52,0x5E,0x00}},
  {20303,8,{0x28,0x44,0xDE,0x44,0x4E,0x44,0x5E,0x00}},
  {20304,8,{0x28,0x5E,0xC8,0x4E,0x54,0x44,0x5E,0x00}},
  {20305,8,{0x28,0x5E,0xC8,0x4E,0x5A,0x4A,0x4E,0x00}},
  {20307,8,{0x28,0x7E,0xC8,0x5C,0x6A,0x5C,0x48,0x00}},
  {20309,8,{0x3E,0x42,0xDE,0x56,0x5E,0x42,0x46,0x00}},
  {20311,8,{0x28,0x7E,0xE2,0x54,0x58,0x52,0x5E,0x00}},
  {20313,8,{0x10,0x28,0xFE,0x10,0xFE,0x54,0xB2,0x00}},
  {20314,8,{0x2C,0x4E,0xD4,0x5E,0x44,0x44,0x5A,0x00}},
  {20315,8,{0x54,0x7E,0xDE,0xF4,0x7E,0x56,0x64,0x00}},
  {20316,8,{0x28,0x4E,0xD8,0x4E,0x48,0x4E,0x48,0x00}},
  {20317,8,{0x28,0x4E,0xD2,0x4E,0x4E,0x42,0x46,0x00}},
  {20318,8,{0x2C,0x40,0xDE,0x48,0x5E,0x4C,0x5A,0x00}},
  {20329,8,{0x3E,0x62,0xFE,0x6A,0x7E,0x7E,0x6A,0x00}},
  {20335,8,{0x2A,0x5E,0xC4,0x4E,0x44,0x5E,0x44,0x00}},
  {20336,8,{0x3E,0x48,0xDE,0x52,0x5E,0x52,0x5E,0x00}},
  {20339,8,{0x28,0x5C,0xC8,0x7E,0x5C,0x48,0x7E,0x00}},
  {20341,8,{0x34,0x40,0xFE,0x54,0x7E,0x54,0x64,0x00}},
  {20342,8,{0x28,0x7E,0xC8,0x5C,0x40,0x5C,0x5C,0x00}},
  {20347,8,{0x54,0x76,0xD4,0xF6,0x54,0x54,0x66,0x00}},
  {20348,8,{0x28,0x7E,0xD4,0x62,0x54,0x48,0x76,0x00}},
  {20351,8,{0x28,0x7E,0xDA,0x5E,0x78,0x48,0x76,0x00}},
  {20355,8,{0x3E,0x52,0xDE,0x40,0x5A,0x5A,0x6A,0x00}},
  {20358,8,{0x10,0xFE,0x54,0x54,0xBA,0x38,0xD6,0x00}},
  {20360,8,{0x2C,0x54,0xC8,0x76,0x4A,0x44,0x58,0x00}},
  {20363,8,{0x3A,0x56,0xDE,0x6E,0x5A,0x52,0x66,0x00}},
  {20365,8,{0x28,0x5C,0xC8,0x7E,0x44,0x7E,0x54,0x00}},
  {20367,8,{0x38,0x5C,0xE8,0x7E,0x48,0x5C,0x6A,0x00}},
  {20369,8,{0x28,0x5E,0xC8,0x4E,0x5A,0x4E,0x4A,0x00}},
  {20374,8,{0x10,0x28,0xDE,0x00,0xFE,0xFE,0xAA,0x00}},
  {20376,8,{0x28,0x7E,0xE6,0x58,0x7E,0x48,0x4E,0x00}},
  {20379,8,{0x54,0x7E,0xD4,0xD4,0x7E,0x40,0x62,0x00}},
  {20381,8,{0x28,0x7E,0xC8,0x5A,0x74,0x54,0x5A,0x00}},
  {20384,8,{0x28,0x7E,0xC8,0x6A,0x7E,0x48,0x76,0x00}},
  {20385,8,{0x3E,0x48,0xDE,0x5A,0x5A,0x5A,0x5E,0x00}},
  {20395,8,{0x28,0x7E,0xD0,0x5C,0x7E,0x54,0x7A,0x00}},
  {20397,8,{0x3E,0x52,0xDE,0x54,0x6A,0x40,0x4C,0x00}},
  {20398,8,{0x30,0x5E,0xCC,0x7E,0x54,0x5E,0x44,0x00}},
  {20399,8,{0x2C,0x44,0xDE,0x48,0x5E,0x44,0x5A,0x00}},
  {20405,8,{0x3C,0x44,0xDC,0x7E,0x76,0x48,0x76,0x00}},
  {20406,8,{0x3E,0x52,0xDE,0x48,0x5E,0x52,0x5E,0x00}},
  {20415,8,{0x3E,0x5C,0xDC,0x48,0x58,0x48,0x76,0x00}},
  {20418,8,{0x3E,0x48,0xD0,0x4A,0x7E,0x48,0x6A,0x00}},
  {20419,8,{0x3E,0x52,0xDE,0x44,0x56,0x54,0x6E,0x00}},
  {20420,8,{0x4E,0x74,0xFE,0xD4,0x56,0x7C,0x52,0x00}},
  {20426,8,{0x32,0x7E,0xD4,0x66,0x5C,0x68,0x56,0x00}},
  {20430,8,{0x5C,0x54,0xBC,0x14,0x5C,0x54,0xBE,0x00}},
  {20432,8,{0x3A,0x56,0xFE,0x56,0x7A,0x72,0x56,0x00}},
  {20433,8,{0x3E,0x44,0xFE,0x6A,0x7E,0x6A,0x6A,0x00}},
  {20436,8,{0x3E,0x52,0xDE,0x52,0x5E,0x4C,0x56,0x00}},
  {20439,8,{0x54,0x62,0xC8,0xD4,0x62,0x5C,0x5C,0x00}},
  {20440,8,{0x3C,0x6A,0xC0,0x5C,0x44,0x7E,0x48,0x00}},
  {20442,8,{0x3E,0x6A,0xFE,0x6A,0x7E,0x48,0x7E,0x00}},
  {20443,8,{0x2C,0x54,0xFE,0x6A,0x7E,0x54,0x66,0x00}},
  {20445,8,{0x3C,0x54,0xDC,0x48,0x7E,0x5C,0x6A,0x00}},
  {20447,8,{0x28,0x52,0xDE,0x48,0x5E,0x44,0x5A,0x00}},
  {20449,8,{0x2C,0x5E,0xC0,0x4C,0x40,0x5E,0x5E,0x00}},
  {20451,8,{0x3C,0x54,0xFE,0x48,0x5C,0x48,0x76,0x00}},
  {20452,8,{0x54,0x7E,0xCA,0xFE,0x68,0x5E,0x6A,0x00}},
  {20453,8,{0x28,0x7E,0xDC,0x5C,0x5C,0x7E,0x48,0x00}},
  {20462,8,{0x28,0x6E,0xF4,0x6A,0x64,0x62,0x4C,0x00}},
  {20463,8,{0x28,0x7E,0xE0,0x6A,0x76,0x72,0x56,0x00}},
  {20467,8,{0x54,0x76,0xD4,0xF6,0x54,0x76,0x54,0x00}},
  {20469,8,{0x28,0x7E,0xC8,0x7C,0x5A,0x74,0x5A,0x00}},
  {20470,8,{0x36,0x5A,0xD2,0x7A,0x54,0x74,0x5A,0x00}},
  {20472,8,{0x28,0x5C,0xFE,0x54,0x6A,0x5C,0x48,0x00}},
  {20474,8,{0x28,0x7E,0xD4,0x6A,0x5C,0x5C,0x46,0x00}},
  {20478,8,{0x28,0x7E,0xEA,0x7E,0x54,0x7E,0x44,0x00}},
  {20485,8,{0x28,0x7E,0xD4,0x54,0x6A,0x7E,0x48,0x00}},
  {20486,8,{0x3E,0x48,0xFE,0x6A,0x7E,0x7E,0x6A,0x00}},
  {20489,8,{0x10,0x28,0xFE,0x38,0x20,0x5C,0x9C,0x00}},
  {20491,8,{0x3E,0x6A,0xFE,0x6A,0x76,0x7E,0x7E,0x00}},
  {20493,8,{0x28,0x7E,0xD4,0x7E,0x40,0x5C,0x5C,0x00}},
  {20495,8,{0x2C,0x74,0xE8,0x74,0x7E,0x48,0x76,0x00}},
  {20497,8,{0x36,0x76,0xF6,0x62,0x62,0x62,0x66,0x00}},
  {20498,8,{0x3A,0x56,0xE6,0x7E,0x52,0x7A,0x46,0x00}},
  {20500,8,{0x3E,0x62,0xFE,0x6E,0x64,0x76,0x5E,0x00}},
  {20502,8,{0x28,0x5C,0xFE,0x54,0x7E,0x5C,0x48,0x00}},
  {20505,8,{0x2C,0x64,0xFE,0x68,0x7E,0x64,0x5A,0x00}},
  {20506,8,{0x28,0x7E,0xC8,0x54,0x7E,0x44,0x54,0x00}},
  {20511,8,{0x54,0x7E,0xD4,0xFE,0x5C,0x54,0x5C,0x00}},
  {20513,8,{0x2C,0x4C,0xDE,0x52,0x5E,0x52,0x5E,0x00}},
  {20515,8,{0x54,0x7E,0xD6,0xDE,0x6E,0x4C,0x5A,0x00}},
  {20516,8,{0x24,0x5E,0xC4,0x56,0x56,0x50,0x5E,0x00}},
  {20517,8,{0x28,0x7E,0xF6,0x40,0x5C,0x48,0x7E,0x00}},
  {20518,8,{0x2A,0x5C,0xFE,0x54,0x6A,0x50,0x5C,0x00}},
  {20520,8,{0x3E,0x5E,0xD4,0x5E,0x54,0x6A,0x4E,0x00}},
  {20521,8,{0x28,0x5C,0xC8,0x7E,0x5C,0x5C,0x54,0x00}},
  {20522,8,{0x36,0x62,0xF6,0x62,0x7E,0x54,0x66,0x00}},
  {20523,8,{0x28,0x54,0xEE,0x40,0x7E,0x7E,0x6A,0x00}},
  {20524,8,{0x28,0x4E,0xDC,0x54,0x5C,0x7E,0x48,0x00}},
  {20525,8,{0x5C,0x7E,0xDC,0xEA,0x7E,0x54,0x7A,0x00}},
  {20534,8,{0x3C,0x54,0xDC,0x54,0x7E,0x40,0x62,0x00}},
  {20537,8,{0x28,0x54,0xFE,0x6A,0x7E,0x48,0x76,0x00}},
  {20547,8,{0x3E,0x6C,0xEC,0x7A,0x64,0x6A,0x7E,0x00}},
  {20551,8,{0x36,0x72,0xE6,0x7E,0x6A,0x74,0x6A,0x00}},
  {20552,8,{0x3C,0x54,0xDC,0x5E,0x72,0x5A,0x46,0x00}},
  {20553,8,{0x28,0x5E,0xCA,0x7E,0x54,0x7E,0x44,0x00}},
  {20559,8,{0x3E,0x54,0xDC,0x50,0x5E,0x6E,0x4A,0x00}},
  {20560,8,{0x24,0x5E,0xCC,0x5E,0x54,0x62,0x4C,0x00}},
  {20565,8,{0x24,0x76,0xE4,0x76,0x48,0x5C,0x5C,0x00}},
  {20566,8,{0x2A,0x5C,0xC8,0x7E,0x54,0x6E,0x4E,0x00}},
  {20570,8,{0x54,0x7E,0xD6,0xFE,0x6E,0x7C,0x4A,0x00}},
  {20572,8,{0x28,0x7E,0xD4,0x7E,0x5E,0x48,0x58,0x00}},
  {20581,8,{0x34,0x5E,0xEE,0x54,0x7E,0x54,0x6E,0x00}},
  {20588,8,{0x30,0x5E,0xEA,0x5A,0x44,0x72,0x6E,0x00}},
  {20594,8,{0x3E,0x5A,0xDE,0x5E,0x40,0x72,0x6E,0x00}},
  {20596,8,{0x3A,0x6E,0xFE,0x6E,0x7A,0x42,0x6A,0x00}},
  {20597,8,{0x28,0x4E,0xDC,0x54,0x5C,0x5C,0x62,0x00}},
  {20598,8,{0x3C,0x5C,0xC8,0x7E,0x6A,0x6E,0x7A,0x00}},
  {20600,8,{0x38,0x54,0xEE,0x40,0x5A,0x5C,0x5A,0x00}},
  {20605,8,{0x54,0x7C,0xCC,0xD4,0x7E,0x42,0x6A,0x00}},
  {20608,8,{0x28,0x7E,0xEA,0x7E,0x6A,0x5C,0x6E,0x00}},
  {20613,8,{0x2A,0x7E,0xDC,0x54,0x7E,0x54,0x4C,0x00}},
  {20621,8,{0x28,0x7E,0xD4,0x7E,0x6A,0x4C,0x54,0x00}},
  {20625,8,{0x5A,0x6E,0xD6,0xEA,0x7E,0x5C,0x6A,0x00}},
  {20632,8,{0x10,0x28,0xD6,0x38,0x54,0xFE,0x10,0x00}},
  {20633,8,{0x54,0x7E,0xD4,0xFE,0x60,0x5E,0x56,0x00}},
  {20634,8,{0x54,0x7E,0xEE,0xC6,0x6E,0x54,0x6A,0x00}},
  {20652,8,{0x2A,0x7E,0xD4,0x5E,0x74,0x54,0x5E,0x00}},
  {20653,8,{0x24,0x7E,0xEC,0x7E,0x76,0x7E,0x56,0x00}},
  {20658,8,{0x54,0x7E,0xD6,0xFE,0x56,0x5C,0x6A,0x00}},
  {20659,8,{0x28,0x7E,0xDC,0x5A,0x7E,0x54,0x4C,0x00}},
  {20660,8,{0x3E,0x6C,0xEC,0x60,0x76,0x76,0x7E,0x00}},
  {20661,8,{0x28,0x5C,0xC8,0x7E,0x5C,0x5C,0x62,0x00}},
  {20663,8,{0x30,0x5E,0xF4,0x5C,0x5E,0x6A,0x56,0x00}},
  {20670,8,{0x2E,0x64,0xFE,0x6A,0x6E,0x70,0x4A,0x00}},
  {20674,8,{0x28,0x5C,0xF6,0x5C,0x7E,0x54,0x7A,0x00}},
  {20677,8,{0x54,0x7E,0xD4,0xFE,0x7E,0x48,0x7E,0x00}},
  {20681,8,{0x10,0x28,0xFE,0xAA,0xEE,0x44,0xAA,0x00}},
  {20682,8,{0x3E,0x5C,0xFE,0x54,0x6A,0x50,0x5C,0x00}},
  {20685,8,{0x34,0x5E,0xF6,0x76,0x56,0x7A,0x4A,0x00}},
  {20687,8,{0x2C,0x74,0xDC,0x5C,0x5A,0x6C,0x5A,0x00}},
  {20689,8,{0x5C,0x7E,0xD4,0xEA,0x7E,0x62,0x6A,0x00}},
  {20693,8,{0x2A,0x7E,0xD4,0x7E,0x5C,0x48,0x76,0x00}},
  {20694,8,{0x28,0x7E,0xDC,0x54,0x7E,0x54,0x5C,0x00}},
  {20698,8,{0x28,0x7E,0xD4,0x7E,0x54,0x48,0x6A,0x00}},
  {20702,8,{0x3C,0x6A,0xDC,0x54,0x7E,0x42,0x6A,0x00}},
  {20707,8,{0x54,0x7E,0xD4,0xEA,0x5C,0x54,0x5C,0x00}},
  {20709,8,{0x28,0x5C,0xFE,0x76,0x7E,0x54,0x66,0x00}},
  {20711,8,{0x54,0x7E,0xEA,0xFE,0x5C,0x54,0x5C,0x00}},
  {20717,8,{0x54,0x5E,0xFE,0xD4,0x6A,0x5C,0x5C,0x00}},
  {20718,8,{0x28,0x7E,0xD4,0x7E,0x5C,0x48,0x7E,0x00}},
  {20725,8,{0x3E,0x4C,0xCC,0x5E,0x4C,0x4C,0x5E,0x00}},
  {20729,8,{0x3E,0x5C,0xC0,0x5C,0x5C,0x5C,0x62,0x00}},
  {20731,8,{0x24,0x7E,0xFA,0x6E,0x74,0x7E,0x44,0x00}},
  {20736,8,{0x54,0x7E,0xC8,0xFE,0x56,0x7C,0x52,0x00}},
  {20737,8,{0x54,0x5E,0xF4,0xDE,0x76,0x6A,0x62,0x00}},
  {20738,8,{0x2A,0x5E,0xDE,0x40,0x5E,0x74,0x5A,0x00}},
  {20740,8,{0x28,0x7E,0xD4,0x7E,0x5C,0x72,0x6E,0x00}},
  {20745,8,{0x28,0x54,0xFE,0x6A,0x7E,0x54,0x6A,0x00}},
  {20754,8,{0x5C,0x7E,0xEA,0xDC,0x48,0x7E,0x6A,0x00}},
  {20756,8,{0x28,0x5C,0xFE,0x48,0x7E,0x74,0x4C,0x00}},
  {20757,8,{0x28,0x7E,0xD4,0x6A,0x54,0x5C,0x64,0x00}},
  {20758,8,{0x34,0x66,0xE0,0x76,0x40,0x5C,0x7E,0x00}},
  {20760,8,{0x28,0x5C,0xCE,0x5C,0x6A,0x5C,0x7E,0x00}},
  {20762,8,{0x54,0x7E,0xDC,0xFE,0x6E,0x44,0x58,0x00}},
  {20767,8,{0x2A,0x5C,0xF6,0x5C,0x5C,0x5C,0x62,0x00}},
  {20769,8,{0x3C,0x5C,0xDC,0x40,0x76,0x76,0x76,0x00}},
  {20778,8,{0x3E,0x5C,0xDC,0x7E,0x76,0x48,0x76,0x00}},
  {20786,8,{0x24,0x7E,0xC4,0x6E,0x48,0x76,0x76,0x00}},
  {20791,8,{0x36,0x6A,0xFE,0x6C,0x7E,0x64,0x76,0x00}},
  {20794,8,{0x2A,0x7C,0xD6,0x7C,0x7E,0x54,0x6E,0x00}},
  {20795,8,{0x2A,0x7E,0xEA,0x5C,0x7E,0x40,0x6A,0x00}},
  {20796,8,{0x36,0x7E,0xF4,0x7E,0x7A,0x7C,0x6A,0x00}},
  {20799,8,{0x28,0x28,0x28,0x28,0x28,0x4A,0x8E,0x00}},
  {20800,8,{0xFE,0x28,0x28,0x28,0x28,0x4A,0x8E,0x00}},
  {20801,8,{0x10,0x24,0xFA,0x28,0x28,0x4A,0x8E,0x00}},
  {20803,8,{0x7C,0x00,0xFE,0x28,0x28,0x4A,0x8E,0x00}},
  {20804,8,{0x7C,0x44,0x44,0x7C,0x28,0x2A,0xCE,0x00}},
  {20805,8,{0x10,0xFE,0x28,0x74,0x28,0x2A,0xCE,0x00}},
  {20806,8,{0x28,0xAA,0x2C,0x6C,0xAA,0x28,0xCE,0x00}},
  {20807,8,{0x6C,0x54,0x6C,0x44,0x7C,0x2A,0xCE,0x00}},
  {20808,8,{0x50,0x7C,0x90,0xFE,0x28,0x2A,0xCE,0x00}},
  {20809,8,{0x10,0x54,0x10,0xFE,0x28,0x2A,0xCE,0x00}},
  {20811,8,{0x10,0xFE,0x7C,0x44,0x7C,0x2A,0xCE,0x00}},
  {20812,8,{0x28,0x44,0xFE,0x44,0x7C,0x2A,0xCE,0x00}},
  {20813,8,{0x38,0xC8,0x7C,0x54,0x7C,0x2A,0xCE,0x00}},
  {20814,8,{0x0C,0xF0,0x7C,0x54,0x7C,0x2A,0xCE,0x00}},
  {20816,8,{0x5C,0x54,0x5C,0x54,0x5C,0x2A,0xCE,0x00}},
  {20818,8,{0x2C,0x44,0x6C,0x44,0x7C,0x2A,0xCE,0x00}},
  {20820,8,{0x38,0xC8,0x7E,0x52,0x7E,0x34,0xDE,0x00}},
  {20826,8,{0x54,0xFE,0xBA,0x28,0x38,0x2A,0xCE,0x00}},
  {20828,8,{0x56,0xAA,0xBA,0xAA,0xFE,0x28,0xCE,0x00}},
  {20834,8,{0x24,0xFE,0x24,0x5A,0x7E,0x6C,0xB6,0x00}},
  {20837,8,{0x70,0x10,0x10,0x28,0x28,0x44,0x82,0x00}},
  {20840,8,{0x10,0x28,0xFE,0x10,0x7C,0x10,0xFE,0x00}},
  {20841,8,{0xFE,0x10,0xFE,0xDA,0xDA,0xB6,0x92,0x00}},
  {20842,8,{0x70,0x28,0xDE,0x00,0xEA,0xF4,0xAA,0x00}},
  {20843,8,{0x28,0x28,0x28,0x28,0x44,0x44,0x82,0x00}},
  {20844,8,{0x28,0x28,0x44,0x92,0x10,0x24,0xFA,0x00}},
  {20845,8,{0x10,0xFE,0x00,0x28,0x28,0x44,0x82,0x00}},
  {20846,8,{0x28,0x44,0xFA,0x20,0x3C,0x04,0x1C,0x00}},
  {20849,8,{0x28,0x7C,0x28,0x28,0xFE,0x00,0xC6,0x00}},
  {20853,8,{0x0C,0x70,0x7C,0x48,0xFE,0x00,0xC6,0x00}},
  {20854,8,{0x28,0xFE,0x28,0x38,0xFE,0x00,0xC6,0x00}},
  {20855,8,{0x7C,0x44,0x7C,0x44,0xFE,0x00,0xC6,0x00}},
  {20856,8,{0x28,0x7C,0x6C,0x7C,0xFE,0x00,0xC6,0x00}},
  {20860,8,{0x44,0xFE,0x78,0x2E,0xF8,0x6C,0xAA,0x00}},
  {20864,8,{0x28,0xEE,0x28,0xFE,0x38,0xFE,0x44,0x00}},
  {20866,8,{0xFE,0x82,0x82,0x82,0x82,0x82,0x86,0x00}},
  {20869,8,{0x10,0xFE,0x92,0xAA,0xC6,0x82,0x86,0x00}},
  {20870,8,{0xFE,0x92,0x92,0xFE,0x82,0x82,0x86,0x00}},
  {20873,8,{0x10,0x7C,0x54,0x7C,0x54,0xFE,0x44,0x00}},
  {20874,8,{0x7E,0x6A,0x6A,0xFE,0x6A,0x6A,0x42,0x00}},
  {20876,8,{0x7E,0x5A,0x5A,0xFE,0x5A,0x5A,0xB6,0x00}},
  {20877,8,{0xFE,0x54,0x7C,0x54,0xFE,0x44,0x4C,0x00}},
  {20879,8,{0xFE,0xAA,0xCE,0xBA,0xAA,0xBA,0x86,0x00}},
  {20880,8,{0xFE,0x82,0xBA,0x7C,0x44,0x7C,0x44,0x00}},
  {20881,8,{0x10,0xFE,0x92,0xFE,0x44,0x5C,0x44,0x00}},
  {20882,8,{0xFE,0x82,0xFE,0x44,0x7C,0x44,0x7C,0x00}},
  {20883,8,{0x28,0xFE,0x28,0xFE,0x54,0xFE,0x44,0x00}},
  {20885,8,{0x7C,0x44,0x3C,0xD4,0x7C,0x2A,0xCE,0x00}},
  {20886,8,{0x00,0x00,0xFE,0x82,0x00,0x00,0x00,0x00}},
  {20887,8,{0xFE,0x82,0x38,0x28,0x28,0x4A,0x8E,0x00}},
  {20889,8,{0xFE,0xA2,0x3C,0x20,0xFE,0x08,0x18,0x00}},
  {20896,8,{0xFE,0x82,0x64,0x0E,0xF4,0x6C,0xBE,0x00}},
  {20898,8,{0xFE,0xBA,0x30,0xDA,0x2C,0xCA,0x30,0x00}},
  {20900,8,{0xFE,0xBA,0x3C,0xD4,0x7C,0x2A,0xCE,0x00}},
  {20901,8,{0xFE,0xBA,0x28,0x38,0xFE,0x00,0xC6,0x00}},
  {20902,8,{0xFE,0x86,0x6C,0x0A,0xE4,0x6A,0xBE,0x00}},
  {20904,8,{0xFE,0xBA,0x28,0x38,0x7C,0x54,0x7C,0x00}},
  {20905,8,{0xFE,0xAA,0x48,0x78,0x7E,0x82,0x56,0x00}},
  {20906,8,{0xFE,0xAA,0x7C,0x38,0xFE,0x7E,0xB4,0x00}},
  {20907,8,{0x20,0x10,0x00,0x08,0x10,0x20,0x20,0x00}},
  {20908,8,{0x18,0x68,0x10,0x28,0xD6,0x30,0x0C,0x00}},
  {20912,8,{0x88,0x0A,0x3C,0x18,0xAC,0x8A,0x98,0x00}},
  {20913,8,{0xBE,0x08,0x0E,0x12,0x9C,0x84,0xBE,0x00}},
  {20914,8,{0x88,0x3E,0x2A,0x2A,0xBE,0x88,0x88,0x00}},
  {20915,8,{0x88,0x1C,0x0C,0x3E,0x88,0x88,0xB6,0x00}},
  {20916,8,{0x9E,0x14,0x14,0x3E,0x8C,0xB4,0x8C,0x00}},
  {20917,8,{0xBE,0x22,0x22,0x3E,0x94,0x94,0xA6,0x00}},
  {20918,8,{0x88,0x08,0x14,0x3A,0x80,0x9C,0x9C,0x00}},
  {20919,8,{0x88,0x14,0x2E,0x00,0xBE,0x8A,0x88,0x00}},
  {20925,8,{0xBA,0x16,0x1E,0x2E,0x9A,0x92,0xA6,0x00}},
  {20932,8,{0x88,0x3E,0x0C,0x1C,0xBE,0x94,0xBA,0x00}},
  {20933,8,{0xBE,0x2A,0x3E,0x2A,0xB6,0xBE,0xBE,0x00}},
  {20934,8,{0x94,0x1E,0x34,0x1E,0x94,0x94,0x9E,0x00}},
  {20937,8,{0x88,0x3E,0x14,0x1C,0x88,0xAA,0x98,0x00}},
  {20939,8,{0xBE,0x2A,0x3E,0x2A,0xB6,0xBE,0xA2,0x00}},
  {20940,8,{0x88,0x1C,0x08,0x3E,0x94,0xA8,0xD6,0x00}},
  {20941,8,{0x88,0x3E,0x1C,0x1C,0x88,0x9C,0xAA,0x00}},
  {20950,8,{0x94,0x1E,0x34,0x9E,0x10,0xFE,0x10,0x00}},
  {20955,8,{0x88,0x3E,0x14,0x1C,0xBE,0x88,0xAA,0x00}},
  {20956,8,{0x88,0x3E,0x14,0x1C,0xBE,0x9C,0xAA,0x00}},
  {20957,8,{0xA6,0x3A,0x26,0x1C,0xBE,0x94,0xAA,0x00}},
  {20960,8,{0x7C,0x44,0x44,0x44,0x44,0x44,0x86,0x00}},
  {20961,8,{0x7C,0x44,0x64,0x54,0x54,0x44,0x86,0x00}},
  {20966,8,{0x40,0x7C,0x54,0xD4,0x26,0x50,0x8E,0x00}},
  {20967,8,{0x7C,0x44,0x54,0x7C,0x7C,0x54,0x96,0x00}},
  {20969,8,{0x7C,0x44,0x54,0x7C,0x54,0x7C,0x96,0x00}},
  {20970,8,{0x7C,0x44,0x54,0x5C,0x74,0x7C,0x86,0x00}},
  {20973,8,{0x24,0x58,0xFE,0x48,0x3C,0x28,0xCE,0x00}},
  {20976,8,{0x7C,0x54,0x7C,0x6C,0x7C,0x54,0xBE,0x00}},
  {20977,8,{0xAE,0xFA,0x0A,0xFA,0x5A,0x2A,0xF2,0x00}},
  {20981,8,{0x82,0x82,0x82,0x82,0x82,0x82,0xFE,0x00}},
  {20982,8,{0x82,0x8A,0xAA,0x92,0xAA,0xC2,0xFE,0x00}},
  {20984,8,{0x38,0x28,0x28,0xEE,0x82,0x82,0xFE,0x00}},
  {20985,8,{0xEE,0xAA,0xAA,0xBA,0x82,0x82,0xFE,0x00}},
  {20986,8,{0x10,0x54,0x54,0x7C,0x92,0x92,0xFE,0x00}},
  {20989,8,{0xFE,0x20,0xB2,0xD6,0xBA,0xD6,0xFE,0x00}},
  {20990,8,{0x7C,0x08,0x9A,0xF6,0xDA,0xF6,0xFE,0x00}},
  {20992,8,{0xFE,0x12,0x12,0x22,0x22,0x42,0x86,0x00}},
  {20995,8,{0xFE,0x12,0x72,0x12,0x2A,0x42,0x86,0x00}},
  {20996,8,{0xFE,0x12,0x52,0x32,0x2E,0x42,0x86,0x00}},
  {20998,8,{0x28,0x28,0x44,0xBE,0x14,0x24,0xCC,0x00}},
  {20999,8,{0x5E,0x4A,0xEA,0x4A,0x4A,0x6A,0x16,0x00}},
  {21000,8,{0x12,0x1A,0xDA,0x2A,0x22,0x52,0x86,0x00}},
  {21002,8,{0x72,0x2A,0x2A,0xFA,0x22,0x22,0x26,0x00}},
  {21003,8,{0x12,0xEA,0x2A,0xFA,0x22,0x22,0x46,0x00}},
  {21006,8,{0x42,0x7A,0xBA,0x3A,0x5A,0xAA,0x5A,0x00}},
  {21009,8,{0xFA,0x56,0x56,0xFE,0x52,0x52,0x96,0x00}},
  {21012,8,{0x22,0x7A,0x3A,0xFA,0x22,0x52,0x86,0x00}},
  {21015,8,{0xF2,0x4A,0x6A,0xAA,0x62,0x42,0x86,0x00}},
  {21021,8,{0x5E,0xEA,0x2A,0x4A,0xEA,0x6A,0x56,0x00}},
  {21028,8,{0x22,0xAA,0x22,0xFA,0x22,0xFA,0x26,0x00}},
  {21029,8,{0xF2,0x9A,0xFA,0x4A,0x72,0x52,0xB6,0x00}},
  {21031,8,{0x5E,0xEA,0x4A,0xEA,0x4A,0xAA,0xD6,0x00}},
  {21033,8,{0x72,0x2A,0xFA,0x2A,0x72,0xA2,0x26,0x00}},
  {21034,8,{0x7A,0x6E,0x6E,0xFE,0x6A,0x6A,0x4A,0x00}},
  {21038,8,{0x12,0x6A,0xFA,0x2A,0x72,0x52,0x76,0x00}},
  {21040,8,{0xF2,0x2A,0x5A,0xFA,0x62,0x32,0xC6,0x00}},
  {21043,8,{0x22,0xFA,0x52,0xAA,0x72,0x0A,0x1A,0x00}},
  {21046,8,{0x62,0x7A,0xAA,0x7A,0x22,0xFA,0xAA,0x00}},
  {21047,8,{0x7A,0x4A,0x7A,0x52,0x7A,0x5A,0x96,0x00}},
  {21048,8,{0x54,0x38,0xFE,0x44,0xBE,0x14,0x6C,0x00}},
  {21049,8,{0x52,0x2A,0xDA,0x2A,0xFA,0x72,0xAA,0x00}},
  {21050,8,{0x22,0xFA,0x22,0xFA,0xAA,0x72,0xAA,0x00}},
  {21051,8,{0x22,0xFA,0x4A,0xAA,0x52,0x22,0xD6,0x00}},
  {21059,8,{0x52,0xFA,0x2A,0xFA,0xA2,0x7A,0xAA,0x00}},
  {21060,8,{0xFA,0x56,0xA6,0x56,0xFA,0x22,0xFA,0x00}},
  {21063,8,{0xE2,0xAA,0xEA,0xAA,0xE2,0x02,0xA6,0x00}},
  {21066,8,{0xB2,0x2A,0xFA,0x9A,0xF2,0x92,0xB6,0x00}},
  {21067,8,{0x42,0xEA,0x4A,0xAA,0xE2,0x46,0xBE,0x00}},
  {21068,8,{0x22,0xFA,0x6A,0x7A,0x22,0x72,0xAA,0x00}},
  {21069,8,{0x44,0xFE,0x00,0xEA,0xAA,0xE2,0xA6,0x00}},
  {21071,8,{0xBE,0x4A,0xFA,0x6A,0xEE,0x6A,0xB6,0x00}},
  {21076,8,{0xF2,0x9A,0xFA,0x4A,0x72,0xB2,0x56,0x00}},
  {21078,8,{0x22,0xFA,0x5A,0xFA,0x02,0x72,0x76,0x00}},
  {21083,8,{0xFA,0x8E,0xDE,0xAE,0xDA,0xFA,0x8A,0x00}},
  {21086,8,{0x22,0xFA,0x2A,0x5A,0xFA,0x12,0x56,0x00}},
  {21091,8,{0x22,0x56,0xFE,0xAE,0xFA,0x22,0xDA,0x00}},
  {21092,8,{0x22,0xFA,0x5A,0x2A,0xDA,0x72,0x96,0x00}},
  {21093,8,{0x62,0x2A,0xFA,0x2A,0xAA,0x72,0xAA,0x00}},
  {21097,8,{0x72,0xFA,0x52,0xDA,0x22,0x72,0xAA,0x00}},
  {21098,8,{0x44,0xFE,0x74,0x54,0xFE,0x22,0xC6,0x00}},
  {21103,8,{0xFA,0x56,0x76,0x06,0xFA,0xAA,0xFA,0x00}},
  {21104,8,{0x12,0x66,0xFE,0x56,0xFA,0x72,0xAA,0x00}},
  {21105,8,{0x2E,0x56,0xFE,0xB6,0xF6,0x2A,0xDA,0x00}},
  {21106,8,{0x22,0xFA,0xAA,0x7A,0x22,0xFA,0x76,0x00}},
  {21107,8,{0x52,0xFA,0x2A,0x5A,0xFA,0x52,0x76,0x00}},
  {21108,8,{0xAA,0xFA,0x0A,0xFA,0x52,0x3A,0xE6,0x00}},
  {21109,8,{0x22,0x5A,0xEA,0x6A,0x42,0x72,0xB6,0x00}},
  {21117,8,{0xFA,0x76,0x76,0x06,0xFA,0x22,0xAA,0x00}},
  {21119,8,{0x52,0xAA,0x7A,0x7A,0xFA,0x72,0xAA,0x00}},
  {21123,8,{0x22,0xF2,0x3A,0xF2,0x72,0x7A,0xE6,0x00}},
  {21127,8,{0x22,0x3A,0xEA,0xDA,0xB2,0xDA,0xB6,0x00}},
  {21128,8,{0x64,0x6E,0xCA,0x64,0xFE,0x22,0xC6,0x00}},
  {21129,8,{0x5A,0x9A,0xEA,0x52,0xAA,0x72,0xFA,0x00}},
  {21133,8,{0x22,0x5A,0xFA,0xAA,0xFA,0x52,0xAA,0x00}},
  {21137,8,{0x22,0xFA,0x5A,0xAA,0x52,0x72,0x96,0x00}},
  {21138,8,{0x2E,0x56,0xF6,0xBE,0xF6,0x5A,0xAA,0x00}},
  {21140,8,{0x2E,0x56,0xFE,0xB6,0xF6,0x5A,0xAA,0x00}},
  {21147,8,{0x10,0xFE,0x12,0x22,0x22,0x42,0x86,0x00}},
  {21151,8,{0x08,0xFE,0x4A,0x4A,0x6A,0xCA,0x16,0x00}},
  {21152,8,{0x40,0xFE,0x5A,0x5A,0x5A,0x5A,0xBE,0x00}},
  {21155,8,{0x10,0x54,0x9A,0x30,0xFE,0x22,0xC6,0x00}},
  {21161,8,{0x74,0x5E,0x76,0x56,0x76,0x5A,0xEA,0x00}},
  {21162,8,{0x2E,0xFA,0x54,0x6A,0xBC,0x14,0x6C,0x00}},
  {21163,8,{0x28,0x7E,0x2A,0xFA,0x2A,0x5A,0xF6,0x00}},
  {21164,8,{0x44,0x7E,0x96,0x76,0x76,0x1A,0x3A,0x00}},
  {21165,8,{0xE8,0x7E,0xAA,0x0A,0xEA,0xAA,0xF6,0x00}},
  {21169,8,{0xF4,0x8E,0xF6,0xA6,0xB6,0xDA,0xBA,0x00}},
  {21172,8,{0x54,0xFE,0x92,0x7C,0x14,0x24,0xCC,0x00}},
  {21173,8,{0x54,0x92,0x7C,0x28,0xDE,0x14,0x6C,0x00}},
  {21177,8,{0x28,0xFE,0x5A,0x8A,0x5A,0x2A,0xD6,0x00}},
  {21180,8,{0x48,0xFE,0x4A,0xEA,0x0A,0xEA,0xF6,0x00}},
  {21182,8,{0x28,0xFE,0x4A,0xAA,0x5A,0x2A,0xD6,0x00}},
  {21185,8,{0xF4,0x5E,0xA6,0x56,0xF6,0x2A,0xFA,0x00}},
  {21187,8,{0x24,0x6E,0xF6,0x96,0x2A,0xF2,0x66,0x00}},
  {21189,8,{0x24,0xFE,0x6E,0x7E,0x26,0x7A,0xAA,0x00}},
  {21191,8,{0x7C,0x08,0x7C,0x54,0xFE,0x22,0xC6,0x00}},
  {21193,8,{0x64,0xAE,0x76,0x76,0x2A,0x6A,0xBE,0x00}},
  {21197,8,{0x24,0xFE,0x56,0x76,0x26,0xAA,0x6A,0x00}},
  {21202,8,{0xA8,0xFE,0xEA,0x4A,0xEA,0xEA,0x56,0x00}},
  {21205,8,{0xE8,0x5E,0xEA,0xEA,0xEA,0x4A,0xF6,0x00}},
  {21207,8,{0x7C,0x7C,0x74,0x5E,0x76,0x56,0xEA,0x00}},
  {21208,8,{0x54,0xFE,0x56,0x56,0xF6,0xAA,0xFA,0x00}},
  {21209,8,{0xE8,0x2E,0x54,0xEA,0x7E,0xAA,0x76,0x00}},
  {21213,8,{0xF6,0xA4,0xFE,0xAC,0xFE,0xAA,0xB6,0x00}},
  {21214,8,{0xAA,0x44,0xFE,0x92,0x7C,0x24,0xCC,0x00}},
  {21215,8,{0x28,0xFE,0x38,0xFE,0x7C,0xAA,0x58,0x00}},
  {21216,8,{0xF4,0x5E,0x26,0x56,0xA6,0x1A,0x6A,0x00}},
  {21218,8,{0x28,0x7C,0xEC,0x76,0xBC,0x14,0x6C,0x00}},
  {21219,8,{0x28,0xFE,0x2A,0xFA,0x6A,0x6A,0x96,0x00}},
  {21220,8,{0x54,0xFE,0x56,0xF6,0xF6,0x2A,0xFA,0x00}},
  {21222,8,{0x54,0xAE,0x76,0x76,0xF6,0x7A,0xAA,0x00}},
  {21223,8,{0x48,0x7E,0xAA,0x7A,0xEA,0x6A,0x76,0x00}},
  {21234,8,{0x68,0xFE,0x6A,0x6A,0xF6,0x00,0xAA,0x00}},
  {21235,8,{0x64,0xFE,0x66,0x66,0xF6,0x0A,0xAA,0x00}},
  {21237,8,{0xF4,0xAE,0xF6,0xF6,0xA6,0xFA,0xDA,0x00}},
  {21240,8,{0x54,0xFE,0xDE,0x66,0x76,0xEA,0x7A,0x00}},
  {21241,8,{0x20,0x3E,0x42,0x82,0x02,0x02,0x06,0x00}},
  {21242,8,{0x20,0x3E,0x42,0xA2,0x12,0x02,0x06,0x00}},
  {21246,8,{0x20,0x3E,0x52,0x92,0x2A,0x76,0x02,0x00}},
  {21247,8,{0x40,0x7E,0xAA,0x2A,0x4A,0x92,0x26,0x00}},
  {21249,8,{0x20,0x3E,0x52,0xB2,0x1E,0x22,0xC6,0x00}},
  {21250,8,{0x20,0x3E,0x62,0xBA,0x22,0x3A,0x06,0x00}},
  {21253,8,{0x40,0x7E,0xBA,0x0A,0x7A,0x40,0x7E,0x00}},
  {21254,8,{0x40,0x7E,0xAA,0x3A,0x4E,0x92,0x26,0x00}},
  {21256,8,{0x40,0x7E,0xAA,0x52,0x6A,0x7A,0x06,0x00}},
  {21261,8,{0x40,0x7E,0x92,0x7A,0x12,0x7A,0x5A,0x00}},
  {21263,8,{0x24,0xF6,0x6A,0xD6,0x66,0x14,0x36,0x00}},
  {21264,8,{0x40,0x7E,0x82,0x7A,0x32,0x7A,0x7A,0x00}},
  {21269,8,{0x40,0x44,0x58,0xE0,0x40,0x42,0x3E,0x00}},
  {21270,8,{0x30,0x50,0xD2,0x5C,0x50,0x52,0x5E,0x00}},
  {21271,8,{0x28,0x28,0xEA,0x2C,0x68,0xAA,0x2E,0x00}},
  {21273,8,{0x68,0x6A,0xFC,0x28,0x7A,0x6E,0x9E,0x00}},
  {21274,8,{0xFE,0x80,0x80,0x80,0x80,0x80,0xFE,0x00}},
  {21277,8,{0xFE,0x88,0xBE,0xAA,0xAA,0x88,0xFE,0x00}},
  {21280,8,{0xFE,0x8C,0xB0,0xBE,0xA8,0xC8,0xFE,0x00}},
  {21281,8,{0xFE,0xBC,0x88,0x9C,0x88,0xBC,0xFE,0x00}},
  {21283,8,{0xFE,0xAA,0xBE,0xAA,0xBE,0x88,0xFE,0x00}},
  {21290,8,{0xFE,0x94,0xF6,0x94,0xF6,0xA4,0xFE,0x00}},
  {21295,8,{0xFE,0xD4,0xBE,0xD4,0x9E,0xD4,0xFE,0x00}},
  {21297,8,{0xFE,0x98,0xBC,0x98,0x98,0xA4,0xFE,0x00}},
  {21299,8,{0xFE,0x88,0x9C,0xBE,0x94,0xAA,0xFE,0x00}},
  {21304,8,{0xFE,0x40,0x40,0x40,0x40,0x40,0x3E,0x00}},
  {21305,8,{0xFE,0xA8,0xA8,0xAA,0xCE,0x80,0xFE,0x00}},
  {21306,8,{0xFE,0x84,0xB4,0x88,0x94,0xA0,0xFE,0x00}},
  {21307,8,{0xFE,0x90,0x9C,0xBE,0x88,0xB6,0xFE,0x00}},
  {21311,8,{0xFE,0xA8,0xFE,0xB0,0xDC,0x94,0xFE,0x00}},
  {21312,8,{0xFE,0x94,0x9C,0x80,0xB6,0xB6,0xFE,0x00}},
  {21313,8,{0x10,0x10,0xFE,0x10,0x10,0x10,0x10,0x00}},
  {21315,8,{0x0C,0x70,0x10,0xFE,0x10,0x10,0x10,0x00}},
  {21317,8,{0x54,0x54,0x54,0xFE,0x54,0x54,0x94,0x00}},
  {21318,8,{0x20,0x78,0x2A,0xCE,0x10,0xFE,0x10,0x00}},
  {21319,8,{0x14,0xE4,0x24,0xFE,0x24,0x24,0x44,0x00}},
  {21320,8,{0x40,0x7C,0x90,0x10,0xFE,0x10,0x10,0x00}},
  {21321,8,{0x10,0x7C,0x10,0x44,0xFE,0x44,0x84,0x00}},
  {21322,8,{0x10,0x54,0x10,0x7C,0x10,0xFE,0x10,0x00}},
  {21325,8,{0xF2,0x12,0x12,0xFE,0x90,0x90,0x9E,0x00}},
  {21329,8,{0x10,0x7C,0x54,0x7C,0x28,0xFE,0x08,0x00}},
  {21330,8,{0x10,0xFE,0x44,0x44,0xAA,0xFE,0x10,0x00}},
  {21331,8,{0x10,0x1E,0x7C,0x44,0x7C,0xFE,0x10,0x00}},
  {21332,8,{0x48,0x5E,0xEA,0x40,0x4A,0x7E,0x56,0x00}},
  {21335,8,{0x10,0xFE,0x10,0xFE,0xAA,0xFE,0x92,0x00}},
  {21336,8,{0x54,0x7C,0x54,0x7C,0x54,0xFE,0x10,0x00}},
  {21338,8,{0x4A,0x7E,0xDC,0x5C,0x7E,0x54,0x4C,0x00}},
  {21340,8,{0x20,0x20,0x30,0x28,0x24,0x20,0x20,0x00}},
  {21342,8,{0x10,0xFE,0x10,0x18,0x14,0x10,0x10,0x00}},
  {21344,8,{0x10,0x10,0x1E,0x10,0x7E,0x42,0x7E,0x00}},
  {21350,8,{0x28,0x78,0x28,0xFC,0x6A,0x38,0xC8,0x00}},
  {21353,8,{0x3C,0x24,0x24,0x24,0x2C,0x20,0x20,0x00}},
  {21358,8,{0x0C,0x70,0x7E,0x5C,0x54,0x52,0x9E,0x00}},
  {21359,8,{0x2E,0xCA,0xAA,0xAA,0xEA,0x28,0x48,0x00}},
  {21360,8,{0x2E,0xCA,0x8A,0xEA,0x8A,0xE8,0x08,0x00}},
  {21361,8,{0x38,0xC8,0x7E,0x5C,0x54,0x52,0x9E,0x00}},
  {21363,8,{0xEE,0xAA,0xEA,0xAA,0xEA,0x98,0xE8,0x00}},
  {21364,8,{0x2E,0x7A,0x2A,0xFA,0x2A,0x58,0xE8,0x00}},
  {21365,8,{0x2E,0xCA,0xEE,0xAA,0xEA,0x28,0x48,0x00}},
  {21367,8,{0x54,0x92,0x28,0xFE,0x6C,0xA2,0x38,0x00}},
  {21368,8,{0x4E,0x7A,0xAA,0xFA,0x2A,0xB8,0xC8,0x00}},
  {21371,8,{0x5E,0x8A,0x2A,0x5A,0x8A,0x68,0x68,0x00}},
  {21375,8,{0x46,0xBE,0xAE,0xBE,0xE6,0x6C,0xB4,0x00}},
  {21378,8,{0x7E,0x40,0x40,0x40,0x40,0x40,0x80,0x00}},
  {21380,8,{0x7E,0x40,0x5C,0x54,0x54,0x52,0x9E,0x00}},
  {21398,8,{0x7E,0x50,0x7A,0x54,0x52,0x54,0xAE,0x00}},
  {21400,8,{0x7E,0x6A,0x7E,0x6A,0x7E,0x48,0xBE,0x00}},
  {21402,8,{0x7E,0x5C,0x5C,0x44,0x7E,0x48,0x98,0x00}},
  {21407,8,{0x7E,0x48,0x5C,0x5C,0x48,0x6A,0x98,0x00}},
  {21408,8,{0x7E,0x68,0x7A,0x6A,0x7A,0x42,0xAA,0x00}},
  {21413,8,{0x7E,0x68,0x56,0x6E,0x74,0x54,0xAA,0x00}},
  {21414,8,{0x7E,0x5E,0x4C,0x4C,0x54,0x48,0xB6,0x00}},
  {21416,8,{0x7E,0x40,0x7A,0x6E,0x72,0x5A,0xB6,0x00}},
  {21417,8,{0x7E,0x5E,0x6A,0x6A,0x5E,0x6C,0x96,0x00}},
  {21421,8,{0x7E,0x74,0x4E,0x74,0x74,0x74,0xBA,0x00}},
  {21422,8,{0x7E,0x5A,0x7C,0x5C,0x7E,0x46,0xAA,0x00}},
  {21424,8,{0x7E,0x54,0x6E,0x7A,0x7A,0x7C,0xAA,0x00}},
  {21427,8,{0x54,0x7E,0x60,0x76,0x5A,0x74,0x9A,0x00}},
  {21430,8,{0x10,0x10,0x10,0x20,0x28,0x44,0xFA,0x00}},
  {21435,8,{0x10,0x7C,0x10,0xFE,0x10,0x24,0xFA,0x00}},
  {21442,8,{0x28,0x74,0xFE,0x54,0xA2,0x08,0x70,0x00}},
  {21443,8,{0x28,0x74,0xAA,0xFE,0x54,0x8A,0x30,0x00}},
  {21448,8,{0x7C,0x04,0x24,0x28,0x10,0x28,0xC6,0x00}},
  {21449,8,{0x7C,0x14,0x44,0x28,0x10,0x28,0xC6,0x00}},
  {21450,8,{0xF8,0x28,0x2C,0x24,0x54,0x48,0xB6,0x00}},
  {21451,8,{0x20,0xFE,0x20,0x3C,0x54,0x48,0xB6,0x00}},
  {21452,8,{0xFE,0x12,0x5A,0x2A,0x24,0x54,0x8A,0x00}},
  {21453,8,{0x7E,0x40,0x7C,0x54,0x54,0x48,0xB6,0x00}},
  {21454,8,{0x2E,0xA2,0xAA,0xAA,0xB4,0xE4,0x2A,0x00}},
  {21460,8,{0x2E,0x32,0x2A,0xFA,0x24,0xB4,0x6A,0x00}},
  {21462,8,{0xF0,0x5E,0x72,0x7A,0x54,0xFA,0x10,0x00}},
  {21463,8,{0xFE,0x54,0xFE,0xBA,0x28,0x10,0xEE,0x00}},
  {21465,8,{0x2E,0x52,0xFA,0x2A,0xF4,0x24,0xAA,0x00}},
  {21467,8,{0xAE,0x48,0xEE,0x4A,0xEA,0x54,0x8A,0x00}},
  {21471,8,{0x56,0x92,0xD6,0xFE,0x28,0x10,0xEE,0x00}},
  {21473,8,{0x2E,0x32,0xFA,0xAA,0x54,0xB4,0x3A,0x00}},
  {21474,8,{0xAA,0xFE,0x28,0xFE,0x7A,0xE4,0x2A,0x00}},
  {21475,8,{0x00,0x7E,0x42,0x42,0x42,0x7E,0x42,0x00}},
  {21476,8,{0x10,0x10,0xFE,0x10,0x7C,0x44,0x7C,0x00}},
  {21477,8,{0x20,0x3E,0x42,0xBA,0x2A,0x3A,0x06,0x00}},
  {21480,8,{0x1E,0xEA,0xAA,0xAA,0xEA,0x12,0x26,0x00}},
  {21481,8,{0x1E,0xF2,0xB2,0xB2,0xF6,0x10,0x10,0x00}},
  {21482,8,{0x7C,0x44,0x44,0x7C,0x00,0x28,0xC6,0x00}},
  {21483,8,{0x04,0xD4,0xD4,0xD4,0xD6,0x3C,0x04,0x00}},
  {21484,8,{0xFE,0x12,0x22,0xC6,0x7C,0x44,0x7C,0x00}},
  {21485,8,{0x14,0xD4,0xD4,0xD4,0xD4,0x14,0x22,0x00}},
  {21486,8,{0x1E,0xE4,0xA4,0xA4,0xE4,0x04,0x0C,0x00}},
  {21487,8,{0xFE,0x04,0x74,0x54,0x74,0x04,0x0C,0x00}},
  {21488,8,{0x10,0x10,0x24,0xFA,0x00,0x7C,0x7C,0x00}},
  {21489,8,{0x10,0xF0,0xB2,0xBC,0xF0,0x12,0x1E,0x00}},
  {21490,8,{0x10,0x7C,0x54,0x7C,0x30,0x10,0xEE,0x00}},
  {21491,8,{0x20,0xFE,0x20,0x7C,0xA4,0x24,0x3C,0x00}},
  {21494,8,{0x04,0xE4,0xBE,0xA4,0xE4,0x04,0x04,0x00}},
  {21495,8,{0x38,0x28,0xFE,0x20,0x3C,0x04,0x1C,0x00}},
  {21496,8,{0xFE,0x02,0x7A,0x02,0x7A,0x7A,0x06,0x00}},
  {21498,8,{0x18,0xE8,0xA8,0xA8,0xF4,0x14,0x22,0x00}},
  {21505,8,{0x1E,0xE4,0xA4,0xBE,0xE4,0x04,0x0C,0x00}},
  {21507,8,{0x10,0xDE,0xEC,0xC4,0xC8,0x12,0x0E,0x00}},
  {21508,8,{0x18,0x68,0x10,0x28,0xC6,0x38,0x38,0x00}},
  {21512,8,{0x10,0x28,0xDE,0x00,0x7C,0x44,0x7C,0x00}},
  {21513,8,{0x10,0xFE,0x10,0x7C,0x00,0x7C,0x7C,0x00}},
  {21514,8,{0x7C,0x44,0x7C,0xFE,0x92,0x96,0x10,0x00}},
  {21515,8,{0x04,0xFE,0xA4,0xB4,0xEC,0x04,0x0C,0x00}},
  {21516,8,{0xFE,0x82,0xBA,0x82,0xBA,0xAA,0xBA,0x00}},
  {21517,8,{0x3C,0x24,0x58,0x10,0x3E,0xD2,0x1E,0x00}},
  {21518,8,{0x0C,0x70,0x40,0x7E,0x40,0x5C,0x9C,0x00}},
  {21519,8,{0x10,0xFE,0x54,0x7C,0x30,0x10,0xEE,0x00}},
  {21520,8,{0x04,0xE4,0xBE,0xA4,0xE4,0x04,0x1E,0x00}},
  {21521,8,{0x10,0xFE,0x82,0xBA,0xAA,0xBA,0x86,0x00}},
  {21531,8,{0x7C,0x14,0xFE,0x14,0x3E,0xE2,0x3E,0x00}},
  {21533,8,{0x10,0xFE,0x28,0x10,0xEE,0x7C,0x7C,0x00}},
  {21535,8,{0x08,0xF4,0xAE,0xA0,0xFE,0x04,0x18,0x00}},
  {21536,8,{0x0A,0xE8,0xBE,0xA8,0xE8,0x14,0x22,0x00}},
  {21542,8,{0xFE,0x10,0x34,0xD2,0x7C,0x44,0x7C,0x00}},
  {21545,8,{0x14,0xD4,0xE2,0xDC,0xD4,0x14,0x2C,0x00}},
  {21547,8,{0x10,0x28,0xFE,0x08,0x7C,0x44,0x7C,0x00}},
  {21548,8,{0x04,0xD8,0xD0,0xDE,0xD4,0x14,0x24,0x00}},
  {21549,8,{0x08,0xFE,0xC0,0xDC,0xD4,0x14,0x26,0x00}},
  {21550,8,{0x08,0xD2,0xFE,0xD4,0xD4,0x14,0x26,0x00}},
  {21558,8,{0x18,0xE8,0xBE,0xAA,0xF6,0x22,0x26,0x00}},
  {21560,8,{0x3C,0xD4,0xD6,0xD2,0xEA,0x24,0x5A,0x00}},
  {21561,8,{0x10,0xDE,0xEA,0xC8,0xC8,0x14,0x22,0x00}},
  {21563,8,{0x10,0xFE,0xAE,0xAE,0xB6,0xEA,0x16,0x00}},
  {21564,8,{0x3C,0xCC,0xD4,0xDC,0xF4,0x14,0x36,0x00}},
  {21565,8,{0x0C,0xEE,0xB4,0xA4,0xFE,0x04,0x04,0x00}},
  {21566,8,{0x7C,0x10,0x78,0x28,0xFE,0x44,0x7C,0x00}},
  {21568,8,{0x1E,0xD4,0xD4,0xFE,0xCC,0x34,0x0C,0x00}},
  {21570,8,{0x3C,0x24,0x3C,0x10,0x7E,0x42,0x7E,0x00}},
  {21574,8,{0x7C,0x44,0x7C,0x10,0xFE,0x38,0xD6,0x00}},
  {21576,8,{0x7C,0x44,0xFE,0x10,0x7C,0x10,0xFE,0x00}},
  {21577,8,{0x3C,0xA4,0xFC,0x08,0xFE,0x00,0xC6,0x00}},
  {21578,8,{0x50,0x7C,0x90,0xFE,0x00,0x7C,0x7C,0x00}},
  {21582,8,{0x1E,0xD2,0xDE,0xD4,0xD4,0x12,0x22,0x00}},
  {21585,8,{0x0C,0x70,0xFE,0x44,0xBA,0x28,0x38,0x00}},
  {21599,8,{0x08,0xFE,0xD0,0xF4,0xC8,0x14,0x3A,0x00}},
  {21608,8,{0x7E,0x52,0x7A,0x52,0x7E,0x6A,0xBA,0x00}},
  {21610,8,{0x3E,0xE2,0xA2,0xBE,0xF4,0x14,0x66,0x00}},
  {21616,8,{0x24,0xB6,0xA4,0xF6,0x7C,0x44,0x7C,0x00}},
  {21617,8,{0x02,0xDC,0xD4,0xD4,0xD4,0x16,0x2A,0x00}},
  {21619,8,{0x08,0xFC,0xA8,0xBE,0xE8,0x1C,0x2A,0x00}},
  {21621,8,{0x3E,0xC2,0xDE,0xD6,0xDE,0x02,0x06,0x00}},
  {21622,8,{0x16,0xD2,0xFA,0xEA,0xF4,0x14,0x2A,0x00}},
  {21623,8,{0x3E,0xEA,0xBE,0xAA,0xFE,0x08,0x08,0x00}},
  {21627,8,{0x08,0xFE,0xAA,0xBE,0xEA,0x3E,0x08,0x00}},
  {21628,8,{0x06,0xF8,0xEA,0xC8,0xFE,0x08,0x18,0x00}},
  {21629,8,{0x10,0x28,0xDE,0x00,0xEE,0xEA,0x08,0x00}},
  {21632,8,{0x1C,0xD4,0xDC,0xD4,0xDC,0x14,0x3E,0x00}},
  {21636,8,{0x08,0xEA,0xFE,0xC8,0xEA,0x2A,0x3E,0x00}},
  {21638,8,{0x10,0xDE,0xE2,0xDA,0xDA,0x10,0x1E,0x00}},
  {21643,8,{0x08,0xEE,0xB8,0xAE,0xE8,0x0E,0x08,0x00}},
  {21644,8,{0x70,0x2E,0xFA,0x2A,0x7A,0xAA,0x2E,0x00}},
  {21646,8,{0x74,0xD4,0x2A,0xD0,0x7E,0x44,0x7C,0x00}},
  {21647,8,{0x18,0xC0,0xD8,0xFA,0xDC,0x2A,0x18,0x00}},
  {21648,8,{0x0A,0xD6,0xF2,0xDA,0xD2,0x12,0x16,0x00}},
  {21650,8,{0xEE,0xAA,0xEE,0x38,0x28,0x2A,0xCE,0x00}},
  {21666,8,{0xEE,0xEE,0x38,0xFE,0x3C,0x04,0x1C,0x00}},
  {21668,8,{0x08,0xFE,0xE6,0xD8,0xFE,0x08,0x0E,0x00}},
  {21669,8,{0x3E,0xD4,0xFA,0xC8,0xDC,0x08,0x3E,0x00}},
  {21672,8,{0x90,0x1E,0x2A,0x94,0x7C,0x44,0x7C,0x00}},
  {21675,8,{0x76,0x56,0x56,0x60,0x6A,0x50,0x8E,0x00}},
  {21676,8,{0x08,0xFE,0xD4,0xE2,0xD4,0x08,0x36,0x00}},
  {21679,8,{0x0C,0xD4,0xC8,0xD4,0xE2,0x1C,0x1C,0x00}},
  {21682,8,{0x14,0xE0,0xBE,0xA8,0xFE,0x08,0x36,0x00}},
  {21683,8,{0x04,0xFE,0xA8,0xB4,0xEA,0x04,0x1A,0x00}},
  {21688,8,{0x04,0x7E,0x44,0x74,0x46,0x74,0xBA,0x00}},
  {21692,8,{0x7C,0x5C,0x54,0xFE,0xBA,0xAA,0xBA,0x00}},
  {21693,8,{0x3E,0xEA,0xBE,0xAA,0xF6,0x22,0x3E,0x00}},
  {21694,8,{0x0A,0xDC,0xC8,0xFE,0xD4,0x28,0x0E,0x00}},
  {21696,8,{0x10,0xFE,0x44,0x7C,0x2A,0xE4,0x32,0x00}},
  {21697,8,{0x7C,0x44,0x7C,0x00,0xEE,0xAA,0xEE,0x00}},
  {21698,8,{0x3E,0xD4,0xBE,0xB6,0xF6,0x22,0x3E,0x00}},
  {21700,8,{0x14,0xFE,0xD4,0xD4,0xFE,0x00,0x22,0x00}},
  {21703,8,{0x08,0xDC,0xC8,0xFE,0xDC,0x08,0x3E,0x00}},
  {21704,8,{0x08,0xD4,0xEE,0xC0,0xDC,0x14,0x1C,0x00}},
  {21705,8,{0x28,0x7A,0x28,0xFE,0x06,0x64,0x6A,0x00}},
  {21720,8,{0x16,0xE0,0xD6,0xF2,0xD2,0x12,0x16,0x00}},
  {21729,8,{0x38,0x28,0x7C,0x7C,0x44,0x7C,0xC6,0x00}},
  {21730,8,{0x3E,0xC8,0xFE,0xD4,0xFE,0x14,0x24,0x00}},
  {21733,8,{0xFE,0x54,0x74,0xFE,0x74,0x54,0x74,0x00}},
  {21734,8,{0x0E,0xF4,0xFE,0xD4,0xD6,0x3C,0x12,0x00}},
  {21736,8,{0x16,0xE4,0xBE,0xB2,0xFE,0x12,0x16,0x00}},
  {21737,8,{0x3E,0xEA,0xBE,0xAA,0xFE,0x08,0x3E,0x00}},
  {21741,8,{0xEE,0xAA,0xEE,0x14,0xFE,0x10,0xEE,0x00}},
  {21742,8,{0x0A,0xDC,0xC8,0xFE,0xD4,0x2E,0x04,0x00}},
  {21746,8,{0x44,0xD8,0x5E,0xD4,0x7C,0x44,0x7C,0x00}},
  {21754,8,{0x0A,0xFE,0xA8,0xBE,0xEA,0x3E,0x2A,0x00}},
  {21757,8,{0x3E,0xDC,0xDC,0xC8,0xD8,0x08,0x36,0x00}},
  {21764,8,{0x1E,0xF2,0xBE,0xB2,0xFE,0x00,0x12,0x00}},
  {21766,8,{0x12,0xFE,0xD4,0xE6,0xDC,0x28,0x16,0x00}},
  {21767,8,{0x7E,0x5C,0x7E,0x68,0xB6,0x3C,0x3C,0x00}},
  {21775,8,{0x14,0xC8,0xD4,0xFE,0xC8,0x1E,0x2A,0x00}},
  {21776,8,{0x08,0x7E,0x5C,0x4E,0x7C,0x54,0x9C,0x00}},
  {21780,8,{0x1C,0xC8,0xFC,0xD4,0xFE,0x14,0x1C,0x00}},
  {21782,8,{0x3E,0xD4,0xBE,0xB6,0xFE,0x14,0x3E,0x00}},
  {21806,8,{0x28,0x3E,0x68,0xBE,0x3C,0x24,0x3C,0x00}},
  {21807,8,{0x14,0xDE,0xF4,0xDE,0xD4,0x14,0x1E,0x00}},
  {21809,8,{0x1C,0xF4,0xBE,0xA2,0xFE,0x22,0x3E,0x00}},
  {21811,8,{0x3E,0xD2,0xDE,0xD4,0xDE,0x24,0x1A,0x00}},
  {21816,8,{0x08,0xD4,0xEE,0xDC,0xC4,0x32,0x2E,0x00}},
  {21817,8,{0x14,0xFA,0xD0,0xDC,0xEA,0x0C,0x1A,0x00}},
  {21822,8,{0x1C,0xC8,0xFE,0xD4,0xFE,0x08,0x3E,0x00}},
  {21824,8,{0x3E,0xE4,0xAE,0xA4,0xEE,0x24,0x5E,0x00}},
  {21828,8,{0x3E,0xD0,0xDA,0xEC,0xDC,0x2A,0x18,0x00}},
  {21829,8,{0x08,0xCE,0xDC,0xD4,0xDC,0x3E,0x08,0x00}},
  {21830,8,{0x10,0xFE,0x24,0xFE,0xAA,0xDE,0x9A,0x00}},
  {21836,8,{0x08,0xFE,0xF6,0xC0,0xDC,0x08,0x3E,0x00}},
  {21839,8,{0xEE,0xAA,0xEE,0x82,0xBA,0xAA,0xBA,0x00}},
  {21843,8,{0xF6,0x5A,0x74,0x8A,0x7C,0x44,0x7C,0x00}},
  {21846,8,{0x2A,0xD4,0xE2,0xC8,0xEA,0x14,0x22,0x00}},
  {21847,8,{0x0E,0xD2,0xC4,0xD6,0xE2,0x36,0x3E,0x00}},
  {21852,8,{0x3E,0xD4,0xAA,0xBE,0xEA,0x14,0x2A,0x00}},
  {21853,8,{0x38,0xD6,0xFE,0xD6,0xD8,0x34,0x52,0x00}},
  {21859,8,{0x26,0xFE,0xD6,0xDE,0xF6,0x3C,0x04,0x00}},
  {21883,8,{0x10,0xFE,0x24,0xFE,0xAA,0x7C,0x7C,0x00}},
  {21884,8,{0x08,0xFE,0xD4,0xFE,0xEA,0x1C,0x14,0x00}},
  {21886,8,{0x34,0xD4,0xFE,0xDC,0xF4,0x34,0x1A,0x00}},
  {21888,8,{0x08,0xFE,0xEE,0xD4,0xC8,0x36,0x1C,0x00}},
  {21891,8,{0x08,0xFE,0xC8,0xF6,0xEA,0x3E,0x2A,0x00}},
  {21892,8,{0x44,0xFE,0x10,0xFE,0x54,0xFE,0x7C,0x00}},
  {21895,8,{0x12,0xFE,0xB6,0xBE,0xD2,0x3A,0x56,0x00}},
  {21897,8,{0x2C,0xE4,0xBE,0xA8,0xFE,0x24,0x3A,0x00}},
  {21898,8,{0x04,0xFE,0xA4,0xBC,0xE6,0x3C,0x5A,0x00}},
  {21899,8,{0x2A,0xFE,0xAE,0xA0,0xFE,0x1C,0x2A,0x00}},
  {21912,8,{0x2A,0xFE,0xC0,0xFE,0xD0,0x3E,0x2A,0x00}},
  {21913,8,{0x0E,0xD4,0xFE,0xE8,0xDA,0x2C,0x1A,0x00}},
  {21914,8,{0x1C,0xE4,0xDC,0xDC,0xFE,0x08,0x36,0x00}},
  {21916,8,{0x10,0xFE,0x7C,0x28,0xFE,0x44,0x7C,0x00}},
  {21917,8,{0x1C,0xD4,0xDC,0xDE,0xF2,0x1A,0x06,0x00}},
  {21918,8,{0x16,0xFE,0xAE,0xBE,0xE6,0x34,0x24,0x00}},
  {21919,8,{0x3E,0xEA,0xBE,0xBE,0xF4,0x1C,0x14,0x00}},
  {21927,8,{0x08,0xFE,0xEE,0xC0,0xDC,0x14,0x3E,0x00}},
  {21928,8,{0x08,0xFE,0xD4,0xFE,0xE2,0x14,0x26,0x00}},
  {21929,8,{0x38,0xD4,0xEE,0xC0,0xFA,0x3C,0x2A,0x00}},
  {21930,8,{0x10,0xFE,0x76,0x10,0xFE,0x68,0xB6,0x00}},
  {21931,8,{0x16,0xFE,0xD6,0xFA,0xDC,0x08,0x36,0x00}},
  {21932,8,{0x38,0xFE,0x28,0xD6,0xFE,0xAA,0xBA,0x00}},
  {21934,8,{0xEE,0xAA,0xFE,0x54,0x7C,0xFE,0x10,0x00}},
  {21936,8,{0x08,0xD4,0xEA,0xD8,0xDA,0x14,0x3A,0x00}},
  {21942,8,{0x54,0xFE,0xAA,0x38,0x10,0x7C,0x7C,0x00}},
  {21956,8,{0x3E,0xDC,0xDC,0xDC,0xF4,0x08,0x36,0x00}},
  {21957,8,{0x08,0xDC,0xD4,0xDC,0xFE,0x08,0x36,0x00}},
  {21959,8,{0x10,0xFE,0x54,0xBA,0xFE,0x6C,0x7C,0x00}},
  {21972,8,{0x10,0xDE,0xCC,0xEC,0xFE,0x00,0x22,0x00}},
  {21978,8,{0x08,0xDC,0xD4,0xDC,0xDE,0x02,0x2A,0x00}},
  {21980,8,{0x0A,0xDC,0xFE,0xD8,0xEE,0x1C,0x1C,0x00}},
  {21983,8,{0x14,0xFE,0xC8,0xFE,0xDE,0x14,0x2E,0x00}},
  {21987,8,{0x6E,0x62,0x0E,0xF2,0xFE,0xDE,0x92,0x00}},
  {21988,8,{0x2A,0xFE,0xC8,0xFE,0xDC,0x0A,0x3E,0x00}},
  {22007,8,{0x14,0xFE,0xD6,0xFE,0xD6,0x1C,0x2A,0x00}},
  {22009,8,{0x24,0xDE,0xEC,0xCC,0xDE,0x24,0x3E,0x00}},
  {22013,8,{0x14,0xFE,0xBA,0xBC,0xD4,0x34,0x5A,0x00}},
  {22014,8,{0x14,0xFE,0xD6,0xDC,0xEE,0x0C,0x1A,0x00}},
  {22022,8,{0x14,0xFE,0xAA,0xBE,0xFE,0x08,0x36,0x00}},
  {22025,8,{0x10,0xFE,0x7C,0x28,0xFE,0x5A,0xBE,0x00}},
  {22036,8,{0x3E,0xEC,0xAC,0xA0,0xF6,0x36,0x3E,0x00}},
  {22038,8,{0x08,0xDC,0xC8,0xFE,0xDC,0x1C,0x22,0x00}},
  {22039,8,{0x54,0xFE,0xBA,0x40,0x7E,0x44,0x7C,0x00}},
  {22040,8,{0x08,0xEE,0xB8,0xAE,0xE0,0x34,0x5E,0x00}},
  {22043,8,{0x08,0xFE,0xD4,0xFE,0xFE,0x7E,0x94,0x00}},
  {22057,8,{0x14,0xFE,0xDC,0xFE,0xDC,0x3E,0x08,0x00}},
  {22063,8,{0x08,0xDC,0xCE,0xF4,0xE2,0x36,0x56,0x00}},
  {22065,8,{0x3E,0xFE,0xA4,0xAC,0xFE,0x36,0x5A,0x00}},
  {22066,8,{0x3E,0xDA,0xBE,0xBA,0xDE,0x3A,0x12,0x00}},
  {22068,8,{0x24,0xF6,0xE4,0xFE,0xDC,0x1C,0x24,0x00}},
  {22070,8,{0x2A,0xFC,0xAC,0xBE,0xFE,0x06,0x2A,0x00}},
  {22072,8,{0x20,0xFE,0xD4,0xFE,0xD4,0x3E,0x2A,0x00}},
  {22082,8,{0x14,0xFE,0xB6,0xA2,0xFE,0x14,0x0C,0x00}},
  {22092,8,{0x14,0xFE,0xAA,0xBE,0xFC,0x14,0x1C,0x00}},
  {22094,8,{0x08,0xFE,0xC8,0xFE,0xEA,0x14,0x3E,0x00}},
  {22096,8,{0x6C,0x6C,0xFE,0x10,0xFE,0x6C,0x6C,0x00}},
  {22107,8,{0x14,0xF6,0xBC,0xB6,0xEA,0x36,0x3E,0x00}},
  {22116,8,{0x12,0xF6,0xD2,0xDC,0xFE,0x08,0x2A,0x00}},
  {22120,8,{0x6C,0x6C,0x10,0xFE,0x10,0xEE,0x6C,0x00}},
  {22122,8,{0x1C,0xF4,0xBE,0xAA,0xFE,0x1C,0x2A,0x00}},
  {22123,8,{0x08,0xFE,0xD4,0xFE,0xDC,0x32,0x2E,0x00}},
  {22124,8,{0x24,0xF6,0xD2,0xFE,0xDC,0x2A,0x3E,0x00}},
  {22132,8,{0x08,0xFE,0xD4,0xFE,0xD4,0x1C,0x22,0x00}},
  {22136,8,{0x2E,0xF4,0xAE,0xBE,0xE6,0x30,0x0A,0x00}},
  {22138,8,{0x12,0xFC,0xE8,0xDE,0xFA,0x3A,0x52,0x00}},
  {22144,8,{0x08,0xFE,0xBA,0xAC,0xFE,0x08,0x18,0x00}},
  {22150,8,{0x14,0xFE,0xDC,0xD4,0xFE,0x22,0x2A,0x00}},
  {22151,8,{0x14,0xFE,0xD4,0xFE,0xF6,0x36,0x5A,0x00}},
  {22154,8,{0x08,0xDC,0xD4,0xFE,0xEA,0x3E,0x14,0x00}},
  {22159,8,{0x08,0xDC,0xFE,0xFE,0xCE,0x18,0x2E,0x00}},
  {22164,8,{0x08,0xDC,0xFE,0xFE,0xCC,0x18,0x2E,0x00}},
  {22176,8,{0x16,0xEE,0xF6,0xCA,0xD6,0x2A,0x1E,0x00}},
  {22178,8,{0x10,0xFE,0x54,0xFE,0xFE,0x68,0xB6,0x00}},
  {22181,8,{0x14,0xFE,0xDC,0xD4,0xFE,0x00,0x2A,0x00}},
  {22190,8,{0x76,0xB6,0x66,0xB4,0xFE,0xAA,0xBA,0x00}},
  {22196,8,{0x6C,0x7E,0x60,0x76,0x5A,0x74,0x9A,0x00}},
  {22198,8,{0x36,0xF6,0xEA,0xD0,0xFE,0x14,0x3A,0x00}},
  {22204,8,{0x1C,0xEA,0xBE,0xBE,0xE6,0x32,0x26,0x00}},
  {22208,8,{0x34,0xDE,0xBE,0xBE,0xD6,0x3A,0x16,0x00}},
  {22209,8,{0x1E,0xEC,0xBE,0xA4,0xF6,0x3E,0x12,0x00}},
  {22210,8,{0x6C,0x6C,0xFE,0x38,0x38,0xEE,0x6C,0x00}},
  {22211,8,{0x12,0xFC,0xEE,0xD4,0xFE,0x3C,0x56,0x00}},
  {22216,8,{0x14,0xFE,0xD4,0xDA,0xFE,0x14,0x3A,0x00}},
  {22222,8,{0x74,0xDA,0xF6,0xD6,0xF0,0x06,0x56,0x00}},
  {22225,8,{0x3E,0xFE,0xAA,0xBC,0xFE,0x2E,0x5A,0x00}},
  {22227,8,{0x16,0xFE,0xDA,0xFE,0xDA,0x16,0x1E,0x00}},
  {22231,8,{0xFE,0x82,0x82,0x82,0x82,0x82,0xFE,0x00}},
  {22232,8,{0xFE,0xBA,0xAA,0xBA,0xA2,0xBA,0x86,0x00}},
  {22234,8,{0xFE,0x92,0x92,0x92,0xAA,0xC6,0xFE,0x00}},
  {22235,8,{0xFE,0xAA,0xAA,0xAE,0xC2,0x82,0xFE,0x00}},
  {22238,8,{0xFE,0x82,0xBA,0xAA,0xBA,0x82,0xFE,0x00}},
  {22240,8,{0xFE,0x92,0xFE,0x92,0xAA,0xC6,0xFE,0x00}},
  {22243,8,{0xFE,0x8A,0xFE,0xAA,0x8A,0x9A,0xFE,0x00}},
  {22254,8,{0xFE,0x9A,0xAE,0xEA,0xAA,0xAE,0xFE,0x00}},
  {22256,8,{0xFE,0x92,0xFE,0xBA,0xD6,0x92,0xFE,0x00}},
  {22258,8,{0xFE,0xAA,0xFE,0xAA,0xFE,0xAA,0xFE,0x00}},
  {22259,8,{0xFE,0xD2,0x86,0xAA,0x9A,0xA6,0xFE,0x00}},
  {22265,8,{0xFE,0x92,0xAA,0xFE,0x96,0x92,0xFE,0x00}},
  {22266,8,{0xFE,0x92,0xBA,0x92,0xAA,0xBA,0xFE,0x00}},
  {22269,8,{0xFE,0xBA,0x92,0xBA,0x96,0xBA,0xFE,0x00}},
  {22271,8,{0xFE,0xA2,0xFA,0xA2,0xDA,0x9A,0xFE,0x00}},
  {22272,8,{0xFE,0xAA,0xCE,0xBE,0x9A,0xAA,0xFE,0x00}},
  {22275,8,{0xFE,0x96,0xFE,0xBA,0xBA,0xAA,0xFE,0x00}},
  {22276,8,{0xFE,0xBA,0xF2,0xAA,0xFE,0xBA,0xFE,0x00}},
  {22280,8,{0xFE,0xAA,0xFE,0xBA,0xF6,0xBA,0xFE,0x00}},
  {22281,8,{0xFE,0x92,0xFE,0xAA,0xFE,0x92,0xFE,0x00}},
  {22283,8,{0xFE,0x8A,0xFE,0xEA,0x8A,0xE6,0xFE,0x00}},
  {22285,8,{0xFE,0x9A,0xFE,0xAA,0xFE,0x8A,0xFE,0x00}},
  {22287,8,{0xFE,0xAA,0xFE,0xBA,0xD6,0x9A,0xFE,0x00}},
  {22290,8,{0xFE,0xBA,0xFE,0xAA,0xBA,0xD6,0xFE,0x00}},
  {22291,8,{0xFE,0xBA,0xAA,0xBA,0xBA,0xC6,0xFE,0x00}},
  {22294,8,{0xFE,0xAA,0xBA,0xFE,0xAA,0xBA,0xFE,0x00}},
  {22296,8,{0xFE,0x92,0xFE,0xBA,0xFE,0x8A,0xFE,0x00}},
  {22300,8,{0xFE,0xBA,0xFE,0xBA,0xEA,0xB6,0xFE,0x00}},
  {22303,8,{0x10,0x10,0x7C,0x10,0x10,0x10,0xFE,0x00}},
  {22310,8,{0x58,0x48,0xE8,0x48,0x54,0xD4,0x22,0x00}},
  {22311,8,{0x7E,0x48,0x48,0x5C,0x48,0x48,0xBE,0x00}},
  {22312,8,{0x20,0xFE,0x28,0x5C,0xC8,0x48,0x7E,0x00}},
  {22317,8,{0x10,0x7C,0x10,0xFE,0x7C,0x10,0xFE,0x00}},
  {22320,8,{0x44,0x54,0xDE,0x76,0x54,0xD2,0x1E,0x00}},
  {22327,8,{0x5E,0x48,0xEC,0x4A,0x68,0xC8,0x08,0x00}},
  {22328,8,{0x48,0x48,0xEA,0x6A,0x6A,0xEA,0x3E,0x00}},
  {22331,8,{0x44,0x58,0xD0,0x5E,0x54,0xD4,0x24,0x00}},
  {22336,8,{0x44,0x44,0xD6,0x54,0x54,0xD4,0x3E,0x00}},
  {22338,8,{0x5E,0x50,0xFE,0x5A,0x5A,0xE4,0x1A,0x00}},
  {22343,8,{0x50,0x5E,0xE2,0x4A,0x66,0xDA,0x06,0x00}},
  {22346,8,{0x44,0x5E,0xE8,0x4E,0x6A,0xCA,0x16,0x00}},
  {22350,8,{0x50,0x5E,0xEA,0x48,0x48,0xD4,0x22,0x00}},
  {22351,8,{0x7E,0x48,0xC8,0x5C,0x6A,0xC8,0x08,0x00}},
  {22352,8,{0x54,0x54,0xBA,0x10,0x7C,0x10,0xFE,0x00}},
  {22353,8,{0x48,0x7E,0xC0,0x5C,0x54,0xD4,0x26,0x00}},
  {22369,8,{0x48,0x7E,0xEA,0x7C,0x74,0xE8,0x36,0x00}},
  {22372,8,{0x48,0x7E,0xEA,0x7E,0x6A,0xFE,0x08,0x00}},
  {22374,8,{0x5E,0x52,0xFE,0x52,0x7E,0xC0,0x1E,0x00}},
  {22377,8,{0x54,0x7E,0xD4,0x5C,0x54,0xD4,0x1C,0x00}},
  {22378,8,{0x7E,0x48,0xEA,0x48,0x7E,0xC8,0x08,0x00}},
  {22399,8,{0x4A,0x56,0xF2,0x5A,0x72,0xD2,0x16,0x00}},
  {22402,8,{0x0C,0x70,0xFE,0x54,0xFE,0x10,0xFE,0x00}},
  {22408,8,{0x2A,0x5E,0xC4,0x52,0x7C,0x10,0xFE,0x00}},
  {22409,8,{0x50,0x5E,0xE2,0x5A,0x5A,0xD0,0x1E,0x00}},
  {22411,8,{0xFA,0x56,0xFE,0x52,0xBA,0x10,0xFE,0x00}},
  {22419,8,{0x48,0x7E,0xD0,0x6A,0x54,0xCC,0x32,0x00}},
  {22432,8,{0x5E,0x52,0xFE,0x52,0x7E,0xD4,0x1A,0x00}},
  {22434,8,{0x42,0x5C,0xD0,0x5E,0x50,0xD6,0x26,0x00}},
  {22435,8,{0x7E,0x5C,0xD4,0x5C,0x54,0xDC,0x3E,0x00}},
  {22436,8,{0x7E,0x54,0xFA,0x48,0x5C,0xC8,0x3E,0x00}},
  {22442,8,{0x54,0x40,0xFE,0x54,0x7E,0xD4,0x24,0x00}},
  {22448,8,{0x48,0x4E,0xE8,0x5E,0x6C,0xCA,0x08,0x00}},
  {22451,8,{0x56,0x60,0xD6,0x72,0x52,0xD2,0x16,0x00}},
  {22464,8,{0x0C,0x70,0xFE,0x54,0xD6,0x38,0xFE,0x00}},
  {22467,8,{0x48,0x52,0xFE,0x50,0x7E,0xC8,0x36,0x00}},
  {22470,8,{0x4C,0x74,0xDE,0x5A,0x5E,0xD2,0x26,0x00}},
  {22475,8,{0x7E,0x6A,0xFE,0x6A,0x7E,0xC8,0x3E,0x00}},
  {22478,8,{0x44,0x7E,0xE4,0x7C,0x6E,0xF4,0x2A,0x00}},
  {22482,8,{0x5C,0x6A,0xC4,0x7E,0x44,0xD4,0x0C,0x00}},
  {22483,8,{0x4C,0x54,0xC8,0x7E,0x44,0xD4,0x0C,0x00}},
  {22484,8,{0x4A,0x7E,0xC8,0x7E,0x6A,0xFE,0x2A,0x00}},
  {22486,8,{0x54,0x7E,0xC4,0x54,0x76,0xD4,0x16,0x00}},
  {22492,8,{0x24,0xFE,0x6C,0xB6,0x7C,0x10,0xFE,0x00}},
  {22495,8,{0x44,0x7E,0xC4,0x74,0x76,0xCC,0x32,0x00}},
  {22496,8,{0x48,0x5C,0xF4,0x5E,0x52,0xFE,0x08,0x00}},
  {22499,8,{0x48,0x7E,0xD4,0x54,0x6A,0xFE,0x08,0x00}},
  {22516,8,{0x44,0x5E,0xE4,0x56,0x76,0xD0,0x1E,0x00}},
  {22519,8,{0x28,0x7C,0xF4,0x54,0xFC,0x74,0x26,0x00}},
  {22521,8,{0x48,0x7E,0xD4,0x7E,0x40,0xDC,0x1C,0x00}},
  {22522,8,{0x28,0x7C,0x28,0xFE,0x44,0x92,0x38,0x00}},
  {22524,8,{0x48,0x7E,0xC8,0x54,0x7E,0xC4,0x14,0x00}},
  {22528,8,{0x7E,0x62,0xFE,0x6E,0x64,0xD6,0x1E,0x00}},
  {22530,8,{0x54,0xFE,0xAA,0x38,0x7C,0x10,0xFE,0x00}},
  {22533,8,{0xEE,0xCA,0xE4,0x1A,0x7C,0x10,0xFE,0x00}},
  {22534,8,{0x54,0x5E,0xF4,0x5E,0x74,0xD4,0x1E,0x00}},
  {22538,8,{0xFE,0x6C,0x44,0x6C,0xFE,0x10,0xFE,0x00}},
  {22539,8,{0x7E,0x6A,0xFE,0x6A,0x7E,0xEA,0x56,0x00}},
  {22549,8,{0xC8,0xDE,0x88,0xD6,0x86,0x10,0xFE,0x00}},
  {22553,8,{0x5E,0x4C,0xFE,0x5E,0x7E,0xC4,0x1E,0x00}},
  {22557,8,{0x4E,0x4A,0xEA,0x5E,0x72,0xDA,0x1A,0x00}},
  {22561,8,{0x3C,0x54,0xFE,0x5C,0x6A,0x10,0xFE,0x00}},
  {22564,8,{0x4C,0x4C,0xFE,0x44,0x56,0xD4,0x2E,0x00}},
  {22570,8,{0x54,0x7E,0xD4,0x54,0x7E,0xE8,0x3E,0x00}},
  {22575,8,{0x10,0x7C,0xFE,0x6C,0xFE,0x28,0xCE,0x00}},
  {22576,8,{0x7E,0x6C,0xEC,0x7A,0x64,0xEA,0x3E,0x00}},
  {22577,8,{0x2E,0x7A,0xF8,0x5E,0xFA,0x74,0x2A,0x00}},
  {22580,8,{0x5C,0x54,0xFE,0x50,0x5E,0xEA,0x16,0x00}},
  {22581,8,{0x4A,0x5C,0xC8,0x7E,0x50,0xEE,0x0E,0x00}},
  {22586,8,{0x7E,0x6A,0xFE,0x6A,0x5C,0xF6,0x14,0x00}},
  {22589,8,{0x5E,0x5A,0xDE,0x44,0x56,0xD4,0x1E,0x00}},
  {22592,8,{0x7E,0x62,0xFE,0x74,0x6C,0xFE,0x14,0x00}},
  {22593,8,{0x7C,0x54,0x7C,0x82,0x44,0x92,0x7C,0x00}},
  {22602,8,{0x48,0x7E,0xEA,0x7E,0x6A,0xDC,0x2E,0x00}},
  {22603,8,{0xAA,0x44,0xFE,0x92,0x38,0x10,0xFE,0x00}},
  {22609,8,{0xAE,0xFA,0xDE,0x7A,0xCA,0x10,0xFE,0x00}},
  {22610,8,{0x48,0x7C,0xE8,0x7E,0x64,0xFE,0x14,0x00}},
  {22612,8,{0x54,0x7E,0xC8,0x54,0x7E,0xD4,0x1C,0x00}},
  {22615,8,{0x88,0x14,0xBE,0x08,0xBA,0x10,0xFE,0x00}},
  {22616,8,{0x48,0x7E,0xEC,0x66,0x7C,0xEA,0x0E,0x00}},
  {22617,8,{0x48,0x7E,0xD4,0x5C,0x7E,0xE2,0x2A,0x00}},
  {22618,8,{0x7E,0x62,0xDC,0x7A,0x5C,0xEC,0x1A,0x00}},
  {22622,8,{0x10,0xFE,0xAA,0x7C,0xFE,0x54,0xBA,0x00}},
  {22626,8,{0x48,0x5C,0xD4,0x5C,0x5E,0xC2,0x2A,0x00}},
  {22633,8,{0x50,0x5E,0xF4,0x5C,0x40,0xDC,0x3E,0x00}},
  {22635,8,{0x48,0x7E,0xDC,0x5C,0x7E,0xC0,0x22,0x00}},
  {22640,8,{0xA0,0x3E,0x9C,0x3E,0x9C,0x10,0xFE,0x00}},
  {22642,8,{0x50,0x5E,0xF4,0x5C,0x5E,0xEA,0x16,0x00}},
  {22645,8,{0x08,0x7E,0x5C,0x64,0x76,0x48,0xBE,0x00}},
  {22649,8,{0x2E,0xF8,0x6E,0xF4,0x24,0x10,0xFE,0x00}},
  {22654,8,{0x28,0xFC,0x5C,0x7C,0xAE,0x10,0xFE,0x00}},
  {22659,8,{0x48,0x7E,0xD4,0x7E,0x5C,0xDC,0x26,0x00}},
  {22661,8,{0xEE,0xE4,0xEE,0x46,0xEC,0x10,0xFE,0x00}},
  {22675,8,{0x28,0xFE,0x38,0xFE,0x44,0x92,0x38,0x00}},
  {22679,8,{0x54,0x7E,0xEA,0x7E,0x5C,0xD4,0x1C,0x00}},
  {22684,8,{0xD4,0xFE,0x9A,0xEC,0x9A,0x10,0xFE,0x00}},
  {22687,8,{0x44,0x46,0xDC,0x56,0x50,0xD4,0x2E,0x00}},
  {22696,8,{0x7C,0x54,0xFE,0x00,0xAA,0x10,0xFE,0x00}},
  {22699,8,{0x54,0x62,0xFE,0x76,0x7E,0xD4,0x0C,0x00}},
  {22702,8,{0xC8,0xDE,0x88,0xDE,0x8E,0x10,0xFE,0x00}},
  {22707,8,{0x48,0x7E,0xD4,0x7E,0x54,0xDC,0x22,0x00}},
  {22712,8,{0x54,0x7E,0xDC,0x4C,0x7E,0xDC,0x2C,0x00}},
  {22713,8,{0x76,0x76,0xE2,0x6E,0x6E,0xEE,0x22,0x00}},
  {22714,8,{0x48,0x5E,0xDE,0x5A,0x7E,0xC8,0x36,0x00}},
  {22715,8,{0x48,0x7E,0xD4,0x6A,0x7E,0xF6,0x3E,0x00}},
  {22718,8,{0x2C,0xDC,0x6A,0xAC,0x6A,0x10,0xFE,0x00}},
  {22721,8,{0x64,0x7E,0x4A,0xFE,0x64,0x10,0xFE,0x00}},
  {22725,8,{0x10,0xFE,0x8E,0x5C,0x8E,0x10,0xFE,0x00}},
  {22727,8,{0x48,0x7E,0xF6,0x7E,0x5C,0xD4,0x3E,0x00}},
  {22730,8,{0x48,0x7E,0xDA,0x5E,0x7E,0xF4,0x1A,0x00}},
  {22732,8,{0x48,0x7E,0xD4,0x76,0x7E,0xD4,0x1A,0x00}},
  {22737,8,{0x6E,0xFA,0xAA,0x74,0xEA,0x10,0xFE,0x00}},
  {22739,8,{0x7E,0x74,0x4E,0x74,0xBA,0x10,0xFE,0x00}},
  {22741,8,{0x48,0x7E,0xD4,0x7E,0x5A,0xEC,0x1A,0x00}},
  {22743,8,{0x48,0x5C,0xCE,0x5C,0x6A,0xDC,0x3E,0x00}},
  {22744,8,{0x7C,0x54,0x7C,0xEE,0xEE,0x10,0xFE,0x00}},
  {22745,8,{0x48,0x7E,0xEC,0x7E,0x6C,0xEC,0x12,0x00}},
  {22748,8,{0x5C,0x54,0xFE,0x76,0x4C,0xD4,0x3A,0x00}},
  {22750,8,{0x48,0x7E,0xDA,0x7E,0x48,0xF4,0x1A,0x00}},
  {22751,8,{0x26,0xFC,0x52,0xF4,0x56,0x10,0xFE,0x00}},
  {22756,8,{0x48,0x7E,0xF6,0x5C,0x7E,0xF4,0x1A,0x00}},
  {22757,8,{0x5E,0x5C,0xF0,0x5A,0x50,0xE4,0x1E,0x00}},
  {22763,8,{0x10,0x10,0xFE,0x10,0x10,0x10,0x7C,0x00}},
  {22764,8,{0x0C,0x70,0x10,0xFE,0x10,0x10,0x7C,0x00}},
  {22766,8,{0x48,0x48,0xFE,0x48,0xC8,0x48,0x5C,0x00}},
  {22767,8,{0xA4,0xA4,0xFE,0x24,0xE4,0x64,0xAE,0x00}},
  {22768,8,{0x10,0xFE,0x10,0x7C,0x54,0x7C,0x80,0x00}},
  {22769,8,{0x10,0xFE,0x10,0xFE,0xBA,0x20,0x3C,0x00}},
  {22770,8,{0x10,0xFE,0x10,0xFE,0x82,0x28,0xCE,0x00}},
  {22775,8,{0x10,0xFE,0x10,0xFE,0xAA,0x7C,0xFE,0x00}},
  {22777,8,{0x10,0xFE,0x10,0xFE,0xBA,0x28,0xFE,0x00}},
  {22778,8,{0x10,0xFE,0x10,0xFE,0xAA,0x6C,0xFE,0x00}},
  {22779,8,{0x5E,0x4A,0xEC,0x56,0x6A,0xCE,0x0A,0x00}},
  {22780,8,{0x10,0xFE,0x10,0xFE,0xBA,0x6C,0xFE,0x00}},
  {22781,8,{0x10,0x7C,0xFE,0x10,0xFE,0x64,0x6C,0x00}},
  {22786,8,{0x20,0x3C,0x44,0xA8,0x10,0x28,0xC6,0x00}},
  {22793,8,{0x10,0xFE,0x28,0xBA,0x68,0x10,0xEE,0x00}},
  {22794,8,{0x20,0xBC,0x44,0xA8,0x10,0x28,0xC6,0x00}},
  {22799,8,{0xFE,0x38,0x38,0x38,0x68,0x10,0xEE,0x00}},
  {22800,8,{0x38,0xDC,0x3C,0x3C,0x68,0x10,0xEE,0x00}},
  {22805,8,{0x10,0x1E,0x22,0xDA,0x04,0x08,0x70,0x00}},
  {22806,8,{0x48,0x78,0x58,0xBC,0x1A,0x28,0xC8,0x00}},
  {22808,8,{0x4E,0x7A,0x5A,0xBA,0x1A,0x28,0xC8,0x00}},
  {22809,8,{0x7C,0x7C,0x54,0x5C,0x6C,0x54,0xA6,0x00}},
  {22810,8,{0x18,0x68,0x10,0xEE,0x32,0x0C,0x70,0x00}},
  {22811,8,{0x38,0x08,0xFE,0x1C,0x64,0x18,0xE0,0x00}},
  {22812,8,{0x10,0xFE,0x28,0x4E,0xDA,0x44,0x5A,0x00}},
  {22818,8,{0x28,0xFE,0x54,0xFE,0xAA,0x18,0x70,0x00}},
  {22821,8,{0xF6,0xBA,0xF4,0x26,0xFA,0x74,0xA8,0x00}},
  {22823,8,{0x10,0x10,0xFE,0x10,0x10,0x28,0xC6,0x00}},
  {22825,8,{0xFE,0x10,0x7C,0x10,0x10,0x28,0xC6,0x00}},
  {22826,8,{0x10,0xFE,0x10,0x28,0x28,0x44,0x92,0x00}},
  {22827,8,{0x10,0x7C,0x10,0xFE,0x10,0x28,0xC6,0x00}},
  {22828,8,{0x10,0x7C,0x14,0xFE,0x10,0x28,0xC6,0x00}},
  {22829,8,{0x0C,0x70,0x10,0xFE,0x10,0x28,0xC6,0x00}},
  {22830,8,{0x10,0x7C,0x54,0xFE,0x10,0x28,0xC6,0x00}},
  {22833,8,{0x50,0x7C,0x90,0xFE,0x10,0x28,0xC6,0x00}},
  {22834,8,{0x10,0xFE,0x28,0xC6,0x10,0xFE,0x10,0x00}},
  {22839,8,{0x10,0xFE,0x7C,0x50,0x7C,0x14,0xEE,0x00}},
  {22840,8,{0x10,0xFE,0x28,0xC6,0x7C,0x04,0x1C,0x00}},
  {22846,8,{0x10,0xFE,0x54,0x54,0xBA,0x10,0xEE,0x00}},
  {22852,8,{0x10,0xFE,0x28,0xD6,0x7C,0x7C,0x0E,0x00}},
  {22855,8,{0x10,0x7C,0x10,0x28,0xFE,0x54,0x74,0x00}},
  {22856,8,{0x10,0xFE,0x28,0xC6,0x7C,0x54,0xB2,0x00}},
  {22857,8,{0x10,0x7C,0x38,0xFE,0x54,0xBA,0x10,0x00}},
  {22862,8,{0x10,0xFE,0x28,0xD6,0x38,0x10,0xFE,0x00}},
  {22863,8,{0x10,0x7C,0x38,0xFE,0x54,0x92,0x28,0x00}},
  {22864,8,{0x38,0xC8,0x7C,0x6C,0xFE,0x10,0xEE,0x00}},
  {22865,8,{0x5E,0xEA,0x4A,0xF6,0x7C,0x10,0xEE,0x00}},
  {22868,8,{0x10,0xFE,0x28,0xD6,0x38,0xFE,0x48,0x00}},
  {22869,8,{0x10,0xFE,0x28,0xAA,0x7C,0x10,0xEE,0x00}},
  {22871,8,{0x10,0xFE,0x64,0xB2,0xFE,0x24,0xFA,0x00}},
  {22872,8,{0xA4,0xFE,0x64,0xAE,0x7C,0x10,0xEE,0x00}},
  {22874,8,{0x7C,0x52,0xA0,0x14,0xFE,0x10,0xEE,0x00}},
  {22880,8,{0x28,0xC6,0x7C,0x6C,0xFE,0x10,0xEE,0x00}},
  {22882,8,{0x10,0xFE,0x28,0xD6,0x7E,0x34,0xDC,0x00}},
  {22885,8,{0x10,0x7C,0x5C,0x74,0xFE,0x10,0xEE,0x00}},
  {22887,8,{0x10,0x7C,0x7C,0x74,0xFE,0x10,0xEE,0x00}},
  {22888,8,{0x5E,0xCA,0x5E,0xC4,0x7E,0x10,0xEE,0x00}},
  {22889,8,{0x10,0xFE,0x24,0xDA,0x58,0x76,0x7E,0x00}},
  {22890,8,{0x10,0xFE,0x74,0xBA,0xFE,0x28,0x18,0x00}},
  {22892,8,{0xAC,0xF4,0x7E,0xAC,0xFE,0x10,0xEE,0x00}},
  {22894,8,{0x10,0xFE,0x74,0xBA,0x7C,0x54,0x7C,0x00}},
  {22899,8,{0x10,0x10,0xFE,0x24,0x68,0x18,0xE6,0x00}},
  {22900,8,{0x2E,0x22,0xFA,0x5A,0x64,0x34,0xCA,0x00}},
  {22904,8,{0x2E,0x24,0xF4,0x5E,0x64,0x34,0xC4,0x00}},
  {22909,8,{0x2E,0x22,0xF4,0x5E,0x64,0x34,0xCC,0x00}},
  {22913,8,{0x28,0x2E,0xF2,0x5A,0x66,0x32,0xC6,0x00}},
  {22914,8,{0x20,0x2E,0xFA,0x5A,0x6A,0x3A,0xCE,0x00}},
  {22915,8,{0x2E,0x22,0xF2,0x5E,0x68,0x3A,0xCE,0x00}},
  {22916,8,{0x10,0xFE,0x40,0x7C,0xFE,0x28,0xF6,0x00}},
  {22922,8,{0x22,0x2C,0xF4,0x5E,0x64,0x34,0xCE,0x00}},
  {22925,8,{0xBE,0x94,0xD4,0xFE,0xD4,0x54,0xA4,0x00}},
  {22931,8,{0x24,0x2E,0xF4,0x5E,0x6A,0x24,0xDA,0x00}},
  {22934,8,{0x22,0x2C,0xF4,0x5E,0x64,0x34,0xCA,0x00}},
  {22937,8,{0x48,0x5C,0xFA,0xA8,0xCA,0x64,0x98,0x00}},
  {22939,8,{0x54,0x7C,0xFE,0x10,0xFE,0x28,0xF6,0x00}},
  {22941,8,{0xA4,0xA4,0xFE,0x2A,0xEC,0x64,0xBA,0x00}},
  {22947,8,{0x54,0x54,0xFE,0xB4,0xD4,0x5C,0xB6,0x00}},
  {22949,8,{0x0E,0xF0,0x54,0xFE,0x28,0x18,0xE6,0x00}},
  {22952,8,{0x44,0x5E,0xE8,0xAE,0xCA,0x6A,0x96,0x00}},
  {22956,8,{0x5E,0x48,0xE8,0xAE,0xDA,0x6A,0x8E,0x00}},
  {22962,8,{0x2E,0x2A,0xFE,0x5A,0x6E,0x30,0xCE,0x00}},
  {22969,8,{0x48,0x5C,0xE8,0xBE,0xC8,0x5C,0xAA,0x00}},
  {22971,8,{0x10,0xFE,0x14,0x7C,0xFE,0x28,0xF6,0x00}},
  {22974,8,{0x10,0x7C,0x28,0xFE,0x7C,0x28,0xF6,0x00}},
  {22982,8,{0x5C,0x54,0xF4,0xBE,0xD4,0x7E,0x8C,0x00}},
  {22985,8,{0x44,0x5E,0xE4,0xBE,0xD6,0x76,0x84,0x00}},
  {22987,8,{0x24,0x24,0xFA,0x5E,0x60,0x3E,0xCE,0x00}},
  {22992,8,{0x5C,0x54,0xFC,0xB4,0xDC,0x54,0xBE,0x00}},
  {22993,8,{0x24,0x24,0xFE,0x54,0x6E,0x3A,0xCE,0x00}},
  {22995,8,{0x2C,0x2E,0xF4,0x54,0x6E,0x24,0xDE,0x00}},
  {22996,8,{0x38,0xFE,0x38,0xD6,0x7C,0x28,0xF6,0x00}},
  {23001,8,{0x92,0xAC,0xE4,0xEE,0xE4,0x64,0xAE,0x00}},
  {23002,8,{0x94,0xB6,0xD4,0xF6,0xD4,0x54,0xA6,0x00}},
  {23004,8,{0x44,0xFE,0x7C,0x10,0xFE,0x28,0xF6,0x00}},
  {23013,8,{0x4A,0x5C,0xE8,0xBE,0xD4,0x68,0x8E,0x00}},
  {23014,8,{0x10,0xFE,0x28,0x74,0xFE,0x54,0xAA,0x00}},
  {23016,8,{0x88,0xBE,0xDC,0xD8,0xDE,0x4A,0xB6,0x00}},
  {23018,8,{0x5E,0x48,0xFE,0xA4,0xCE,0x64,0x9E,0x00}},
  {23019,8,{0x5E,0x54,0xFE,0xB2,0xDE,0x74,0x9E,0x00}},
  {23030,8,{0x24,0x2A,0xFE,0x50,0x6E,0x3A,0xCE,0x00}},
  {23035,8,{0xBE,0xAA,0xFE,0xEA,0xF6,0x62,0xBE,0x00}},
  {23039,8,{0x90,0x1E,0xAA,0x14,0xFE,0x28,0xF6,0x00}},
  {23041,8,{0x04,0x7E,0x7C,0x54,0x6E,0x54,0xAA,0x00}},
  {23043,8,{0x24,0x2E,0xF4,0x5E,0x6E,0x24,0xDE,0x00}},
  {23049,8,{0x24,0x2E,0xFE,0x5E,0x6C,0x32,0xC6,0x00}},
  {23057,8,{0x88,0x2A,0x8C,0x30,0xFE,0x28,0xF6,0x00}},
  {23064,8,{0x44,0x5E,0xF2,0xBE,0xDA,0x74,0x9A,0x00}},
  {23066,8,{0x5E,0x56,0xFE,0xB6,0xDE,0x6A,0x96,0x00}},
  {23068,8,{0xBE,0x96,0xFC,0xD6,0xFE,0x54,0xAC,0x00}},
  {23071,8,{0x4C,0x4C,0xE0,0xBE,0xD2,0x7E,0x92,0x00}},
  {23072,8,{0x5E,0x50,0xF6,0xB0,0xDE,0x74,0x9A,0x00}},
  {23077,8,{0x8E,0xB4,0xFE,0xD4,0xD6,0x7C,0x92,0x00}},
  {23081,8,{0x4C,0x54,0xFE,0xBA,0xDE,0x54,0xA6,0x00}},
  {23087,8,{0x46,0x56,0xFC,0xA4,0xDE,0x60,0x92,0x00}},
  {23093,8,{0xB8,0x9E,0xDA,0xDA,0xDC,0x7A,0x88,0x00}},
  {23094,8,{0xFE,0x6A,0xF4,0x2A,0xFE,0x28,0xF6,0x00}},
  {23100,8,{0x4C,0x4C,0xFE,0xB2,0xDE,0x72,0x9E,0x00}},
  {23104,8,{0xBE,0xB2,0xEE,0xFA,0xFE,0x62,0xA6,0x00}},
  {23105,8,{0x10,0x7C,0xFE,0x54,0xFE,0x28,0xF6,0x00}},
  {23110,8,{0x84,0x1E,0x94,0x2A,0xFE,0x28,0xF6,0x00}},
  {23113,8,{0x88,0xBE,0xE2,0xDE,0xEA,0x58,0xAE,0x00}},
  {23130,8,{0x5E,0x54,0xFE,0xB4,0xDA,0x6C,0x8C,0x00}},
  {23138,8,{0x88,0xBE,0xEA,0xFE,0xD4,0x7E,0x84,0x00}},
  {23142,8,{0x5C,0x44,0xFE,0xAA,0xDC,0x7C,0x88,0x00}},
  {23146,8,{0x24,0xFE,0x6C,0xB6,0x7C,0x28,0xF6,0x00}},
  {23148,8,{0x9C,0xAA,0xC0,0xFE,0xDC,0x48,0xBE,0x00}},
  {23167,8,{0x5E,0x4A,0xEC,0xB6,0xCA,0x6E,0x8A,0x00}},
  {23186,8,{0x94,0xBE,0xD4,0xDC,0xFE,0x5C,0xAA,0x00}},
  {23194,8,{0x5E,0x56,0xFE,0xB0,0xD6,0x56,0xA6,0x00}},
  {23195,8,{0x46,0x58,0xEA,0xBE,0xCA,0x54,0xAA,0x00}},
  {23228,8,{0x5E,0x56,0xFA,0xBE,0xC0,0x6C,0x9E,0x00}},
  {23229,8,{0x5E,0x54,0xFE,0xB4,0xDE,0x62,0x96,0x00}},
  {23230,8,{0x94,0xBE,0xD4,0xFE,0xDC,0x7E,0x94,0x00}},
  {23233,8,{0x88,0xBE,0xE2,0xDC,0xDA,0x6C,0x9A,0x00}},
  {23234,8,{0x96,0xAA,0xEA,0xFE,0xD4,0x48,0xB6,0x00}},
  {23241,8,{0x84,0x9E,0xF0,0xD8,0xFE,0x54,0xAA,0x00}},
  {23243,8,{0x5E,0x4A,0xFE,0xB4,0xDE,0x6A,0x9E,0x00}},
  {23244,8,{0x94,0xBE,0xDC,0xCE,0xFC,0x5C,0xAA,0x00}},
  {23248,8,{0xB4,0xBC,0xFE,0xD6,0xDE,0x5C,0xAA,0x00}},
  {23254,8,{0xBE,0x9C,0xDC,0xC0,0xFE,0x48,0xAA,0x00}},
  {23255,8,{0xBE,0xAC,0xEC,0xE0,0xF6,0x76,0xBE,0x00}},
  {23265,8,{0x88,0xBE,0xD4,0xFE,0xEA,0x76,0xBE,0x00}},
  {23267,8,{0x5E,0x44,0xF6,0xBC,0xDE,0x62,0x96,0x00}},
  {23270,8,{0xAA,0x9C,0xF6,0xDC,0xFE,0x6A,0x88,0x00}},
  {23273,8,{0x94,0xBE,0xF6,0xFE,0xD6,0x7C,0x92,0x00}},
  {23290,8,{0xB6,0xB6,0xE2,0xEE,0xEE,0x76,0xA2,0x00}},
  {23291,8,{0xB6,0xB6,0xEA,0xFE,0xEA,0x7E,0xAA,0x00}},
  {23305,8,{0x88,0xBE,0xDC,0xD4,0xFE,0x54,0x9C,0x00}},
  {23307,8,{0xB6,0xB6,0xDC,0xDC,0xDC,0x7E,0x88,0x00}},
  {23308,8,{0x9C,0xBE,0xD4,0xEA,0xFE,0x62,0xAA,0x00}},
  {23318,8,{0x64,0x6E,0xCA,0x64,0xFE,0x28,0xF6,0x00}},
  {23330,8,{0x88,0xBE,0xD4,0xF6,0xFE,0x54,0x9A,0x00}},
  {23338,8,{0x88,0xBE,0xEA,0xF4,0xDC,0x5C,0xA2,0x00}},
  {23340,8,{0x9C,0xBE,0xEA,0xDC,0xC8,0x7E,0xAA,0x00}},
  {23344,8,{0x6C,0x6C,0x92,0x20,0xFE,0x28,0xF6,0x00}},
  {23346,8,{0xD6,0xD6,0xFE,0x6C,0xF6,0x56,0xAA,0x00}},
  {23350,8,{0x48,0x5C,0xF4,0xBE,0xEA,0x7E,0x94,0x00}},
  {23358,8,{0x96,0xBA,0xF0,0xFE,0xDE,0x70,0x9A,0x00}},
  {23360,8,{0x9C,0xBE,0xEA,0xC0,0xD6,0x7E,0x96,0x00}},
  {23363,8,{0x88,0xBE,0xF6,0xDC,0xFE,0x74,0x9A,0x00}},
  {23365,8,{0xAC,0x94,0xFE,0xD4,0xFE,0x54,0xBA,0x00}},
  {23376,8,{0x7C,0x08,0x10,0xFE,0x10,0x10,0x30,0x00}},
  {23377,8,{0x7C,0x08,0x10,0x1E,0xF0,0x10,0x30,0x00}},
  {23380,8,{0xE8,0x28,0x48,0x68,0xC8,0x4A,0xCE,0x00}},
  {23381,8,{0x78,0x2E,0x22,0xDC,0x08,0xFE,0x10,0x00}},
  {23383,8,{0x10,0xFE,0xBA,0x08,0xFE,0x10,0x30,0x00}},
  {23384,8,{0x20,0xFE,0x2C,0x44,0xFE,0x48,0x58,0x00}},
  {23386,8,{0x7C,0x52,0xB8,0x08,0xFE,0x10,0x30,0x00}},
  {23387,8,{0x10,0x7C,0xFE,0xBA,0x08,0xFE,0x10,0x00}},
  {23388,8,{0xE8,0x2E,0x5A,0x6A,0xCA,0x44,0xDA,0x00}},
  {23389,8,{0x12,0x7C,0x18,0xFE,0x24,0xDE,0x08,0x00}},
  {23391,8,{0x7C,0x08,0xFE,0x10,0x7C,0x54,0xFE,0x00}},
  {23395,8,{0x38,0xFE,0x3C,0xDA,0x08,0xFE,0x10,0x00}},
  {23396,8,{0xE2,0x3C,0x54,0x74,0xD4,0x56,0xEA,0x00}},
  {23397,8,{0x2E,0xFA,0x54,0xFA,0x08,0xFE,0x10,0x00}},
  {23398,8,{0x54,0xFE,0xBA,0x08,0xFE,0x10,0x30,0x00}},
  {23401,8,{0xE8,0x3E,0x50,0x6A,0xD4,0x4C,0xF2,0x00}},
  {23403,8,{0xEE,0x24,0x48,0x64,0xDE,0x44,0xD6,0x00}},
  {23408,8,{0x28,0xFC,0x54,0x74,0x1C,0xF4,0x26,0x00}},
  {23409,8,{0x7E,0x7E,0x4C,0x7E,0x52,0x76,0xA4,0x00}},
  {23411,8,{0x44,0xFE,0x24,0x48,0x3C,0xFE,0x10,0x00}},
  {23413,8,{0x5C,0xAA,0xE0,0xEC,0xE4,0x7E,0xA8,0x00}},
  {23416,8,{0x2C,0x54,0xFE,0xBA,0x08,0xFE,0x10,0x00}},
  {23418,8,{0xEC,0x3E,0x56,0x6E,0xC4,0x5E,0xD6,0x00}},
  {23424,8,{0x00,0x10,0xFE,0x82,0x00,0x00,0x00,0x00}},
  {23427,8,{0x10,0xFE,0x82,0x4C,0x70,0x42,0x3E,0x00}},
  {23429,8,{0x10,0xFE,0xBA,0x10,0xFE,0x10,0x1E,0x00}},
  {23431,8,{0x10,0xFE,0xBA,0x10,0xFE,0x10,0x30,0x00}},
  {23432,8,{0x10,0xFE,0x82,0x08,0xFE,0x28,0x18,0x00}},
  {23433,8,{0x10,0xFE,0x92,0x7C,0x28,0x18,0xE6,0x00}},
  {23435,8,{0x10,0xFE,0x92,0x7C,0x10,0x38,0xD6,0x00}},
  {23436,8,{0x10,0xFE,0xBA,0x00,0xFE,0x28,0xCE,0x00}},
  {23437,8,{0x10,0xFE,0x82,0x10,0xFE,0x00,0xC6,0x00}},
  {23439,8,{0x10,0xFE,0xA2,0xFC,0x50,0xA4,0x7A,0x00}},
  {23445,8,{0x10,0xFE,0x82,0xFC,0x40,0xBC,0x3C,0x00}},
  {23447,8,{0x10,0xFE,0xBA,0x00,0xFE,0x54,0xB2,0x00}},
  {23448,8,{0x10,0xFE,0xBA,0x28,0x3C,0x24,0x3C,0x00}},
  {23449,8,{0x10,0xFE,0x92,0x7C,0x7C,0x54,0x7C,0x00}},
  {23450,8,{0x10,0xFE,0xBA,0x10,0x5C,0x50,0xBE,0x00}},
  {23451,8,{0x10,0xFE,0x82,0x7E,0xDA,0x28,0xCE,0x00}},
  {23452,8,{0x10,0xFE,0xBA,0x28,0x38,0x28,0xFE,0x00}},
  {23453,8,{0x10,0xFE,0xBA,0x10,0x38,0x14,0xFE,0x00}},
  {23455,8,{0x10,0xFE,0xBA,0x10,0xFE,0x10,0xEE,0x00}},
  {23458,8,{0x10,0xFE,0x9A,0x68,0x10,0xEE,0x38,0x00}},
  {23459,8,{0x10,0xFE,0xBA,0x00,0x38,0x28,0xFE,0x00}},
  {23460,8,{0x10,0xFE,0xB2,0x28,0x74,0x10,0xFE,0x00}},
  {23461,8,{0x10,0xFE,0xA2,0xFE,0x64,0xBC,0x24,0x00}},
  {23462,8,{0x10,0xFE,0xFA,0x48,0x78,0x50,0x7C,0x00}},
  {23470,8,{0x10,0xFE,0xAA,0x38,0x10,0x7C,0x7C,0x00}},
  {23472,8,{0x10,0xFE,0x92,0x7C,0x28,0xFE,0x10,0x00}},
  {23475,8,{0x10,0xFE,0x92,0x7C,0x10,0xFE,0x38,0x00}},
  {23476,8,{0x10,0xFE,0xAA,0x38,0xFE,0x28,0xF6,0x00}},
  {23477,8,{0x10,0xFE,0xB6,0x7C,0x44,0x7C,0x44,0x00}},
  {23478,8,{0x10,0xFE,0xBA,0x30,0xDA,0x2C,0xDA,0x00}},
  {23480,8,{0x10,0xFE,0xFA,0x40,0x7C,0x68,0xB6,0x00}},
  {23481,8,{0x10,0xFE,0xAA,0x54,0x28,0xFE,0x38,0x00}},
  {23487,8,{0x10,0xFE,0x82,0x5E,0xC8,0x5E,0x5E,0x00}},
  {23490,8,{0x10,0xFE,0xB2,0x2E,0xFA,0x24,0xAA,0x00}},
  {23491,8,{0x10,0xFE,0xBE,0xD4,0x7C,0x2A,0xCE,0x00}},
  {23492,8,{0x10,0xFE,0x92,0x28,0xFE,0x54,0x74,0x00}},
  {23493,8,{0x10,0xFE,0xBA,0x7C,0x54,0x7C,0xC6,0x00}},
  {23494,8,{0x10,0xFE,0xAA,0x60,0xBA,0x54,0x7C,0x00}},
  {23495,8,{0x10,0xFE,0xEA,0x0C,0xE8,0x54,0xBE,0x00}},
  {23497,8,{0x10,0xFE,0xAA,0x3C,0x7E,0xA8,0x3E,0x00}},
  {23500,8,{0x10,0xFE,0xAA,0x38,0x7C,0x54,0x7C,0x00}},
  {23504,8,{0x10,0xFE,0xEA,0x3C,0xE8,0x7C,0xAA,0x00}},
  {23506,8,{0x10,0xFE,0xAA,0x7C,0x7C,0xB2,0x08,0x00}},
  {23507,8,{0x10,0xFE,0xBA,0x38,0xFE,0x9A,0xB6,0x00}},
  {23508,8,{0x10,0xFE,0xAA,0x7C,0x18,0x50,0xBE,0x00}},
  {23515,8,{0x10,0xFE,0xAA,0x7C,0x38,0x3A,0xCE,0x00}},
  {23517,8,{0x10,0xFE,0x86,0xDE,0x5A,0xC4,0x5A,0x00}},
  {23518,8,{0x10,0xFE,0xAA,0x7C,0xFE,0x10,0xEE,0x00}},
  {23519,8,{0x10,0xFE,0xEA,0x44,0xBA,0x54,0xB2,0x00}},
  {23521,8,{0x10,0xFE,0xAA,0x38,0xFE,0x5C,0xAA,0x00}},
  {23522,8,{0x10,0xFE,0xE2,0x2E,0xEA,0x64,0xAA,0x00}},
  {23524,8,{0x10,0xFE,0xEA,0x3C,0xEC,0x7E,0xAC,0x00}},
  {23525,8,{0x10,0xFE,0xB6,0x28,0xD6,0x08,0x30,0x00}},
  {23526,8,{0x10,0xFE,0xBA,0x6C,0x38,0x38,0xC6,0x00}},
  {23527,8,{0x10,0xFE,0xAA,0x5C,0xFE,0x10,0x30,0x00}},
  {23528,8,{0x10,0xFE,0xAA,0x7C,0xFE,0xBA,0x54,0x00}},
  {23529,8,{0x10,0xFE,0xBA,0x54,0xFE,0x7C,0xBA,0x00}},
  {23531,8,{0x10,0xFE,0xAA,0x48,0x7E,0x82,0x56,0x00}},
  {23534,8,{0x10,0xFE,0xAA,0x7C,0xAA,0x38,0x92,0x00}},
  {23536,8,{0x10,0xFE,0xBA,0x7C,0x3C,0xE8,0x36,0x00}},
  {23539,8,{0x10,0xFE,0xEA,0x54,0xFC,0x7C,0xC6,0x00}},
  {23541,8,{0x10,0xFE,0xA6,0xFC,0x52,0x74,0x56,0x00}},
  {23542,8,{0x10,0xFE,0xEA,0x4C,0xFC,0x7C,0xC6,0x00}},
  {23544,8,{0x08,0xFE,0x08,0x48,0x28,0x08,0x18,0x00}},
  {23546,8,{0x10,0x7C,0x10,0xFE,0x08,0xFE,0x28,0x00}},
  {23550,8,{0x22,0xFE,0x12,0x5A,0x26,0x52,0x86,0x00}},
  {23551,8,{0x10,0x7C,0xFE,0x24,0xFE,0x44,0x94,0x00}},
  {23553,8,{0x22,0x7E,0x22,0xFA,0x66,0x32,0xC6,0x00}},
  {23554,8,{0x10,0xFE,0x38,0x38,0xFE,0x28,0x18,0x00}},
  {23556,8,{0x22,0x7E,0x52,0x7A,0xD6,0x32,0xD6,0x00}},
  {23557,8,{0x42,0xEE,0x42,0xAA,0xE2,0x46,0xBE,0x00}},
  {23558,8,{0x46,0x78,0xEA,0x44,0xFE,0x54,0x4C,0x00}},
  {23559,8,{0xA6,0xAA,0xE4,0x3E,0xE2,0x6A,0xA6,0x00}},
  {23560,8,{0x10,0xFE,0x38,0x34,0xFE,0x28,0x18,0x00}},
  {23561,8,{0x72,0x7E,0x42,0x76,0x46,0x72,0xA6,0x00}},
  {23562,8,{0x44,0xFE,0x5C,0x6C,0xFE,0x28,0x18,0x00}},
  {23563,8,{0x7C,0x04,0xEE,0x4A,0xFE,0x28,0x18,0x00}},
  {23565,8,{0xAA,0xF6,0x52,0xFA,0x66,0x32,0xC6,0x00}},
  {23566,8,{0x54,0x3E,0xDC,0x5C,0xFE,0x28,0x18,0x00}},
  {23567,8,{0x10,0x10,0x54,0x52,0x92,0x10,0x30,0x00}},
  {23569,8,{0x10,0x54,0x52,0x90,0x34,0x18,0xE0,0x00}},
  {23571,8,{0x40,0x7E,0x90,0x54,0x52,0x92,0x30,0x00}},
  {23574,8,{0x10,0x54,0x92,0x30,0xFE,0x10,0xEE,0x00}},
  {23578,8,{0x54,0x10,0xFE,0x82,0xBA,0xAA,0xBA,0x00}},
  {23584,8,{0x54,0xFC,0x5E,0x54,0xF2,0xA4,0xF8,0x00}},
  {23586,8,{0x10,0xFE,0x10,0x18,0x18,0x2A,0xCE,0x00}},
  {23588,8,{0x14,0xFE,0x10,0x18,0x18,0x2A,0xCE,0x00}},
  {23592,8,{0x52,0xF4,0x42,0x64,0x62,0x64,0xBE,0x00}},
  {23597,8,{0x10,0x7C,0xFE,0x28,0xFE,0x28,0xCE,0x00}},
  {23601,8,{0x26,0xF4,0x5E,0x74,0x24,0xB4,0x6A,0x00}},
  {23608,8,{0x7E,0x42,0x7E,0x40,0x40,0x40,0x80,0x00}},
  {23609,8,{0x7C,0x14,0xFE,0x14,0x7C,0x20,0xC0,0x00}},
  {23610,8,{0x7C,0x44,0x7C,0x50,0x48,0x44,0x82,0x00}},
  {23611,8,{0x7E,0x42,0x7E,0x50,0x7C,0x54,0xA6,0x00}},
  {23612,8,{0x7E,0x42,0x7E,0x50,0x5E,0x50,0x9E,0x00}},
  {23613,8,{0x7C,0x44,0x78,0x54,0x44,0xB2,0x08,0x00}},
  {23614,8,{0x7E,0x7E,0x4C,0x78,0x4E,0x78,0x8E,0x00}},
  {23615,8,{0x7E,0x42,0x7E,0x48,0x7A,0x5C,0xAA,0x00}},
  {23616,8,{0x7C,0x44,0x7C,0x40,0x7E,0x6A,0xBA,0x00}},
  {23617,8,{0x7E,0x42,0x7E,0x64,0x76,0x64,0xB6,0x00}},
  {23621,8,{0x7E,0x7E,0x44,0x5E,0x44,0x5E,0x9E,0x00}},
  {23622,8,{0x7E,0x7E,0x48,0x6A,0x7E,0x6A,0xBE,0x00}},
  {23624,8,{0x7E,0x42,0x7E,0x5C,0x48,0x6A,0xBE,0x00}},
  {23626,8,{0x7E,0x42,0x7E,0x48,0x7E,0x6A,0xBE,0x00}},
  {23627,8,{0x7E,0x42,0x7E,0x54,0x7A,0x48,0xBE,0x00}},
  {23629,8,{0x7E,0x42,0x7E,0x5C,0x6E,0x54,0xA6,0x00}},
  {23630,8,{0x7E,0x7E,0x5A,0x48,0x7E,0x5C,0xAA,0x00}},
  {23631,8,{0x7E,0x7E,0x54,0x7E,0x54,0x7E,0xA4,0x00}},
  {23632,8,{0x7E,0x7E,0x54,0x6E,0x5A,0x74,0x9A,0x00}},
  {23633,8,{0x7E,0x7E,0x6A,0x5E,0x52,0x5E,0x92,0x00}},
  {23635,8,{0x7E,0x7E,0x54,0x5C,0x54,0x5C,0xA2,0x00}},
  {23637,8,{0x7E,0x42,0x7E,0x54,0x7E,0x68,0xB6,0x00}},
  {23646,8,{0x7E,0x7E,0x4C,0x5C,0x7E,0x6E,0xBA,0x00}},
  {23648,8,{0x7E,0x7E,0x5C,0x48,0x7E,0x5C,0xAC,0x00}},
  {23649,8,{0x7E,0x7E,0x6A,0x5C,0x7E,0x54,0xBA,0x00}},
  {23652,8,{0x7E,0x7E,0x54,0x6A,0x7E,0x54,0x9C,0x00}},
  {23653,8,{0x7E,0x7E,0x58,0x6E,0x5A,0x74,0x9A,0x00}},
  {23660,8,{0x7E,0x7E,0x6A,0x5E,0x7A,0x5A,0xB6,0x00}},
  {23662,8,{0x10,0x92,0x92,0x92,0xFE,0x20,0xC0,0x00}},
  {23663,8,{0x16,0xF8,0x10,0x52,0x7E,0x10,0x1E,0x00}},
  {23665,8,{0x10,0x10,0x92,0x92,0x92,0x92,0xFE,0x00}},
  {23670,8,{0x54,0x54,0x7C,0xFE,0x12,0x22,0xC6,0x00}},
  {23673,8,{0x50,0x5E,0x6C,0xC4,0xC8,0xD2,0x0E,0x00}},
  {23692,8,{0x92,0xFE,0x2C,0x24,0x54,0x48,0xB6,0x00}},
  {23696,8,{0x44,0x5E,0x44,0xEE,0xEA,0xE4,0x1A,0x00}},
  {23697,8,{0x92,0xFE,0x28,0xC6,0x7C,0x08,0x30,0x00}},
  {23700,8,{0x28,0x44,0xBE,0x14,0x6C,0x92,0xFE,0x00}},
  {23713,8,{0xFE,0xAA,0xFE,0x92,0xD6,0xFE,0x82,0x00}},
  {23720,8,{0x5C,0x54,0x5C,0xD4,0xDC,0xD4,0x3E,0x00}},
  {23721,8,{0x54,0x7C,0x00,0xFE,0x40,0xBC,0x3C,0x00}},
  {23723,8,{0x48,0x7E,0x6A,0xFE,0xEA,0xEA,0x3E,0x00}},
  {23724,8,{0x7E,0x6A,0x7E,0xEA,0xFE,0xE8,0x08,0x00}},
  {23729,8,{0x2A,0x5E,0xC4,0x42,0x10,0x92,0xFE,0x00}},
  {23731,8,{0x0C,0x70,0x7C,0x48,0xFE,0x54,0x7C,0x00}},
  {23734,8,{0x48,0x5E,0x52,0xFE,0xF2,0xF2,0x1E,0x00}},
  {23735,8,{0x5E,0x52,0x5E,0xF4,0xFE,0xF4,0x1A,0x00}},
  {23736,8,{0x92,0xFE,0x40,0x5C,0x48,0x7E,0x88,0x00}},
  {23739,8,{0x42,0x5C,0x54,0xFE,0xF4,0xF2,0x1E,0x00}},
  {23740,8,{0x7E,0x5C,0x6A,0xC8,0xFE,0xC8,0x08,0x00}},
  {23742,8,{0x48,0x48,0x4E,0xE8,0xFE,0xF2,0x1E,0x00}},
  {23749,8,{0x48,0x52,0x7E,0xD4,0xFE,0xD4,0x24,0x00}},
  {23751,8,{0x92,0xFE,0x10,0x38,0xC6,0x38,0x38,0x00}},
  {23769,8,{0x48,0x5C,0x48,0xFE,0xC4,0xFE,0x14,0x00}},
  {23776,8,{0x48,0x4E,0x48,0xFE,0xEC,0xEA,0x08,0x00}},
  {23777,8,{0x48,0x7E,0x48,0xEA,0xFE,0xC8,0x36,0x00}},
  {23784,8,{0x4E,0x74,0x7E,0xD4,0xD6,0xFC,0x12,0x00}},
  {23785,8,{0x92,0xFE,0x6A,0xFC,0x2A,0xE4,0x2A,0x00}},
  {23786,8,{0x54,0x62,0x48,0xD4,0xE2,0xDC,0x1C,0x00}},
  {23789,8,{0x54,0x6A,0x54,0xDC,0xD4,0xDC,0x14,0x00}},
  {23791,8,{0x92,0xFE,0x68,0x38,0xD6,0x38,0x10,0x00}},
  {23792,8,{0x4C,0x54,0x48,0xF6,0xC8,0xFE,0x08,0x00}},
  {23798,8,{0x10,0x7C,0x7C,0x40,0x7E,0xAA,0xFA,0x00}},
  {23802,8,{0x7E,0x5C,0x5C,0xC8,0xD8,0xC8,0x36,0x00}},
  {23803,8,{0x52,0x7E,0x54,0xE6,0xDC,0xE8,0x16,0x00}},
  {23805,8,{0x48,0x7E,0x5C,0xDC,0xEA,0xC8,0x36,0x00}},
  {23815,8,{0x54,0x7C,0xFE,0xBA,0x7C,0x54,0xB2,0x00}},
  {23819,8,{0x92,0xFE,0x54,0xFE,0x54,0xFE,0x10,0x00}},
  {23822,8,{0x48,0x7E,0x48,0xD4,0xFE,0xC4,0x14,0x00}},
  {23825,8,{0x92,0xFE,0x44,0x7C,0x6E,0x48,0xEE,0x00}},
  {23828,8,{0x92,0xFE,0x3C,0x68,0xBC,0x28,0x3E,0x00}},
  {23829,8,{0x5E,0x54,0x5E,0xD4,0xDE,0xD4,0x2E,0x00}},
  {23830,8,{0x92,0xFE,0x5C,0x48,0x5C,0x48,0xBE,0x00}},
  {23831,8,{0x92,0xFE,0xAA,0x92,0xD6,0xFE,0x82,0x00}},
  {23832,8,{0x48,0x54,0x6E,0xC0,0xFE,0xFE,0x2A,0x00}},
  {23833,8,{0x92,0xFE,0x28,0xC6,0x7C,0x7C,0x54,0x00}},
  {23834,8,{0x48,0x5C,0x48,0xFE,0xD4,0xE8,0x16,0x00}},
  {23835,8,{0x7E,0x62,0x7E,0xEE,0xE4,0xD6,0x1E,0x00}},
  {23839,8,{0x92,0xFE,0x10,0xEE,0x38,0x54,0xFE,0x00}},
  {23842,8,{0x5C,0x6A,0x5C,0xCC,0xFE,0xCC,0x18,0x00}},
  {23849,8,{0x92,0xFE,0x7E,0x5A,0x7E,0x5A,0xB6,0x00}},
  {23883,8,{0x5E,0x56,0x5E,0xD0,0xD6,0xD6,0x26,0x00}},
  {23884,8,{0x92,0xFE,0x08,0x5E,0xF6,0x54,0x7A,0x00}},
  {23886,8,{0x5C,0x5C,0x48,0xFE,0xEA,0xEE,0x3A,0x00}},
  {23888,8,{0x92,0xFE,0x54,0x7C,0x7C,0x5C,0xB6,0x00}},
  {23890,8,{0x38,0x28,0xFE,0xAA,0xEE,0x54,0x7C,0x00}},
  {23900,8,{0x92,0xFE,0x28,0xFE,0x74,0x54,0x74,0x00}},
  {23913,8,{0x92,0xFE,0x28,0x38,0xFE,0xAA,0xBA,0x00}},
  {23916,8,{0x92,0xFE,0x10,0x7C,0x7C,0x2A,0xCE,0x00}},
  {23919,8,{0x54,0x7E,0x48,0xFE,0xDE,0xD4,0x2E,0x00}},
  {23923,8,{0x92,0xFE,0x10,0xFE,0x5C,0x48,0xBE,0x00}},
  {23926,8,{0x5E,0x4A,0x5E,0xF4,0xFE,0xEA,0x1E,0x00}},
  {23938,8,{0x48,0x7E,0x54,0xFE,0xDC,0xFE,0x08,0x00}},
  {23940,8,{0x92,0xFE,0x2C,0xF8,0x6E,0xF4,0x24,0x00}},
  {23943,8,{0x7E,0x6C,0x6C,0xE0,0xF6,0xF6,0x3E,0x00}},
  {23947,8,{0x48,0x5C,0x5C,0xD0,0xDE,0xC2,0x2A,0x00}},
  {23948,8,{0x92,0xFE,0x7C,0x40,0x7E,0x02,0xAA,0x00}},
  {23952,8,{0x92,0xFE,0xD4,0x88,0xF6,0xC8,0xBE,0x00}},
  {23965,8,{0x7A,0x54,0x62,0xDC,0xD4,0xC8,0x3E,0x00}},
  {23970,8,{0x48,0x5C,0x7E,0xF6,0xFE,0xD4,0x26,0x00}},
  {23980,8,{0x54,0x7E,0x48,0xFE,0xD6,0xFC,0x12,0x00}},
  {23982,8,{0x48,0x54,0x7E,0xEA,0xFE,0xD4,0x2A,0x00}},
  {23991,8,{0x92,0xFE,0x9E,0xE4,0xFE,0x58,0xB6,0x00}},
  {23994,8,{0x92,0xFE,0xA4,0x0E,0xEE,0x60,0x52,0x00}},
  {23996,8,{0x56,0x6A,0x6E,0xE6,0xFE,0xC0,0x22,0x00}},
  {23997,8,{0x92,0xFE,0xA4,0x5E,0xA4,0x3C,0xDA,0x00}},
  {24009,8,{0x4C,0x76,0x5E,0xDC,0xF6,0xCC,0x36,0x00}},
  {24012,8,{0x92,0xFE,0x54,0x7E,0x5A,0x74,0x9A,0x00}},
  {24013,8,{0x92,0xFE,0x74,0xAE,0xFE,0x6C,0xD6,0x00}},
  {24018,8,{0x54,0xB8,0x54,0xEE,0x54,0x54,0x7C,0x00}},
  {24019,8,{0x92,0xFE,0x84,0xEE,0x6E,0x00,0xAA,0x00}},
  {24022,8,{0x92,0xFE,0x6C,0x7E,0x5A,0x74,0x9A,0x00}},
  {24027,8,{0x2A,0x2A,0x54,0xA8,0x54,0x2A,0x2A,0x00}},
  {24029,8,{0x42,0x52,0x52,0x52,0x52,0x42,0x82,0x00}},
  {24030,8,{0x52,0x52,0xF6,0xF6,0x52,0x52,0x92,0x00}},
  {24033,8,{0xAA,0x2A,0x54,0xEA,0x6A,0x40,0xBE,0x00}},
  {24035,8,{0x54,0x7C,0x7C,0x10,0xFE,0x38,0xD6,0x00}},
  {24037,8,{0x00,0x7C,0x10,0x10,0x10,0x10,0xFE,0x00}},
  {24038,8,{0x20,0xFE,0x20,0x3C,0x48,0x88,0x7E,0x00}},
  {24039,8,{0x1E,0xE8,0x48,0x4E,0x62,0xC2,0x06,0x00}},
  {24040,8,{0xFE,0x80,0xFC,0x84,0xFC,0x80,0xFE,0x00}},
  {24043,8,{0x7C,0x10,0x54,0x54,0xBA,0x10,0xFE,0x00}},
  {24046,8,{0x44,0xFE,0x10,0xFE,0x5C,0x48,0xBE,0x00}},
  {24049,8,{0xFC,0x04,0x04,0xFC,0x80,0x82,0x7E,0x00}},
  {24050,8,{0xFC,0x04,0x84,0xFC,0x80,0x82,0x7E,0x00}},
  {24051,8,{0xFC,0x84,0x84,0xFC,0x80,0x82,0x7E,0x00}},
  {24052,8,{0xFC,0x94,0x94,0xFC,0x80,0x82,0x7E,0x00}},
  {24053,8,{0x0C,0x70,0x7E,0x6A,0x7E,0x60,0xBE,0x00}},
  {24055,8,{0x28,0x7C,0x28,0xFE,0x74,0xA2,0x38,0x00}},
  {24059,8,{0x54,0x38,0xFE,0x4C,0xBA,0x20,0x3C,0x00}},
  {24061,8,{0xEE,0x22,0x6E,0x38,0xFE,0x00,0xC6,0x00}},
  {24062,8,{0x10,0xFE,0x92,0x92,0x92,0x96,0x10,0x00}},
  {24066,8,{0x10,0xFE,0x10,0x7C,0x54,0x54,0x10,0x00}},
  {24067,8,{0x20,0xFE,0x28,0x7E,0xAA,0x2A,0x08,0x00}},
  {24070,8,{0x5C,0xD4,0xD4,0xDC,0x54,0x54,0x66,0x00}},
  {24075,8,{0x0C,0x70,0x7C,0x48,0xE6,0x7C,0x54,0x00}},
  {24076,8,{0x64,0x18,0x24,0xFE,0x48,0xBE,0x2A,0x00}},
  {24081,8,{0x2E,0xFA,0x54,0xEA,0x7C,0x54,0x10,0x00}},
  {24086,8,{0x48,0xE8,0xEE,0xE8,0x5E,0x52,0x5E,0x00}},
  {24089,8,{0x58,0xDC,0xE8,0xFE,0x48,0x54,0x62,0x00}},
  {24090,8,{0x3C,0xFE,0x3C,0xFE,0x92,0x7C,0x54,0x00}},
  {24091,8,{0x10,0x7C,0x44,0x7C,0xFE,0x92,0x10,0x00}},
  {24093,8,{0x10,0xFE,0x24,0xFE,0x92,0x7C,0x54,0x00}},
  {24101,8,{0x48,0xFE,0xEA,0xAA,0xEA,0xEA,0x08,0x00}},
  {24107,8,{0x5E,0xE8,0xFE,0xAA,0xEA,0xEA,0x08,0x00}},
  {24109,8,{0x08,0x7E,0x54,0x7E,0x48,0x7E,0xAA,0x00}},
  {24111,8,{0x54,0xFE,0x54,0xFE,0x92,0x7C,0x54,0x00}},
  {24112,8,{0x5C,0xC4,0xFE,0xEA,0x5C,0x5C,0x88,0x00}},
  {24115,8,{0x5E,0xD0,0xDC,0xD0,0x7E,0x54,0x5A,0x00}},
  {24118,8,{0x6C,0xFE,0x6C,0xB6,0xFE,0x7C,0x54,0x00}},
  {24119,8,{0x54,0xDE,0xF4,0xDE,0x54,0x54,0x5E,0x00}},
  {24120,8,{0x54,0xFE,0xAA,0x38,0xFE,0x92,0x10,0x00}},
  {24125,8,{0x7E,0xE2,0xFE,0xD4,0x5C,0x54,0x5C,0x00}},
  {24128,8,{0x48,0xCE,0xDC,0xD4,0x5C,0x5C,0x62,0x00}},
  {24131,8,{0x48,0xDE,0xCA,0xFE,0x54,0x7E,0x44,0x00}},
  {24132,8,{0x5E,0xD2,0xDC,0xD8,0x5E,0x64,0x5E,0x00}},
  {24133,8,{0x7E,0xD4,0xDC,0xC0,0x7E,0x6A,0x7E,0x00}},
  {24135,8,{0x42,0xEE,0x4A,0xE6,0x7C,0x54,0x10,0x00}},
  {24140,8,{0x5C,0xDC,0xEA,0xC8,0x7E,0x54,0x66,0x00}},
  {24142,8,{0x7E,0xE2,0xDC,0xD4,0x7E,0x40,0x62,0x00}},
  {24148,8,{0x5C,0xD4,0xFE,0xFE,0x54,0x48,0x76,0x00}},
  {24149,8,{0x28,0xFE,0x38,0xFE,0x56,0xBC,0x34,0x00}},
  {24151,8,{0x7E,0xEA,0xFE,0xFA,0x66,0x72,0x7E,0x00}},
  {24159,8,{0x56,0xFC,0xDE,0xFC,0x46,0x5C,0x5A,0x00}},
  {24161,8,{0x7E,0xD4,0xFE,0xDC,0x6A,0x5C,0x5C,0x00}},
  {24162,8,{0x48,0xFE,0xD4,0xFE,0x5C,0x48,0x7E,0x00}},
  {24163,8,{0x96,0x6A,0xF4,0xAA,0x7C,0x54,0x10,0x00}},
  {24164,8,{0x56,0xAA,0x74,0x6A,0x7C,0x54,0x10,0x00}},
  {24178,8,{0x7C,0x10,0x10,0xFE,0x10,0x10,0x10,0x00}},
  {24179,8,{0xFE,0x54,0x38,0x10,0xFE,0x10,0x10,0x00}},
  {24180,8,{0x40,0x7E,0x90,0x7C,0x50,0xFE,0x10,0x00}},
  {24181,8,{0xEE,0x44,0x44,0xEE,0x44,0x44,0x44,0x00}},
  {24182,8,{0x44,0x08,0xFE,0x44,0xFE,0x44,0x84,0x00}},
  {24184,8,{0x10,0x7C,0xFE,0x28,0xFE,0x7C,0x10,0x00}},
  {24185,8,{0xE4,0x4A,0xE0,0xAE,0x44,0xEE,0x44,0x00}},
  {24186,8,{0x10,0x10,0x64,0x28,0x10,0x24,0xFA,0x00}},
  {24187,8,{0x2E,0x22,0xD2,0x62,0x22,0x52,0xF4,0x00}},
  {24188,8,{0x28,0x2E,0xDA,0x6A,0x2A,0x5A,0xF6,0x00}},
  {24189,8,{0x34,0xDA,0xB6,0xDA,0xFE,0x92,0xFE,0x00}},
  {24190,8,{0x54,0x98,0x54,0xFC,0x4A,0x64,0x9A,0x00}},
  {24191,8,{0x08,0x7E,0x40,0x40,0x40,0x40,0x80,0x00}},
  {24193,8,{0x08,0x7E,0x40,0x7E,0x48,0x48,0x98,0x00}},
  {24195,8,{0x08,0x7E,0x40,0x48,0x48,0x54,0xBA,0x00}},
  {24196,8,{0x08,0x7E,0x48,0x5C,0x48,0x48,0xBE,0x00}},
  {24199,8,{0x08,0x7E,0x40,0x64,0x76,0x64,0xB6,0x00}},
  {24202,8,{0x08,0x7E,0x48,0x7E,0x48,0x5C,0xAA,0x00}},
  {24207,8,{0x08,0x7E,0x5C,0x44,0x7E,0x4A,0x98,0x00}},
  {24213,8,{0x08,0x7E,0x5E,0x54,0x5E,0x54,0xBA,0x00}},
  {24214,8,{0x08,0x7E,0x5E,0x6A,0x5A,0x50,0x9E,0x00}},
  {24215,8,{0x08,0x7E,0x48,0x4E,0x48,0x5E,0x9E,0x00}},
  {24218,8,{0x08,0x7E,0x5E,0x4A,0x5E,0x48,0xB6,0x00}},
  {24220,8,{0x08,0x7E,0x52,0x5E,0x72,0x5A,0x96,0x00}},
  {24224,8,{0x08,0x7E,0x54,0x7E,0x48,0x7E,0x88,0x00}},
  {24230,8,{0x08,0x7E,0x54,0x7E,0x54,0x48,0xB6,0x00}},
  {24231,8,{0x08,0x7E,0x54,0x6A,0x5C,0x48,0xBE,0x00}},
  {24235,8,{0x08,0x7E,0x48,0x7E,0x5C,0x7E,0x88,0x00}},
  {24237,8,{0x08,0x7E,0x72,0x54,0x6E,0x54,0xAE,0x00}},
  {24245,8,{0x08,0x7E,0x54,0x6A,0x5C,0x5C,0x86,0x00}},
  {24246,8,{0x08,0x7E,0x54,0x7E,0x5C,0x40,0xAA,0x00}},
  {24247,8,{0x08,0x7E,0x4E,0x7C,0x6A,0x5C,0xAA,0x00}},
  {24248,8,{0x08,0x7E,0x5C,0x7E,0x6A,0x7E,0xAA,0x00}},
  {24257,8,{0x08,0x7E,0x78,0x6A,0x7A,0x42,0xAA,0x00}},
  {24258,8,{0x08,0x7E,0x6E,0x7A,0x6E,0x7A,0xAE,0x00}},
  {24259,8,{0x08,0x7E,0x7A,0x54,0x7E,0x54,0xA6,0x00}},
  {24264,8,{0x08,0x7E,0x5E,0x4C,0x54,0x48,0xB6,0x00}},
  {24265,8,{0x08,0x7E,0x5C,0x4E,0x7E,0x5C,0xAA,0x00}},
  {24266,8,{0x08,0x7E,0x56,0x74,0x76,0x6E,0xB4,0x00}},
  {24271,8,{0x08,0x7E,0x5E,0x7A,0x6E,0x74,0x8A,0x00}},
  {24272,8,{0x08,0x7E,0x5E,0x74,0x6E,0x74,0x8A,0x00}},
  {24275,8,{0x08,0x7E,0x56,0x7C,0x6E,0x7E,0x94,0x00}},
  {24278,8,{0x08,0x7E,0x6A,0x54,0x6A,0x44,0x98,0x00}},
  {24282,8,{0x08,0x7E,0x7A,0x56,0x6A,0x5A,0xB6,0x00}},
  {24283,8,{0x08,0x7E,0x5C,0x7E,0x76,0x48,0xBE,0x00}},
  {24285,8,{0x08,0x7E,0x7A,0x6C,0x7E,0x46,0xAA,0x00}},
  {24287,8,{0x08,0x7E,0x70,0x6E,0x7A,0x7E,0xAA,0x00}},
  {24288,8,{0x08,0x7E,0x6C,0x56,0x7A,0x7C,0xAA,0x00}},
  {24289,8,{0x08,0x7E,0x60,0x7E,0x54,0x7E,0xAA,0x00}},
  {24290,8,{0x08,0x7E,0x7A,0x5C,0x6A,0x54,0xAA,0x00}},
  {24291,8,{0x08,0x7E,0x54,0x7E,0x5C,0x5C,0xA2,0x00}},
  {24296,8,{0x08,0x7E,0x76,0x5A,0x74,0x7E,0xD4,0x00}},
  {24297,8,{0x08,0x7E,0x54,0x5C,0x7E,0x5C,0xAA,0x00}},
  {24300,8,{0x08,0x7E,0x4C,0x78,0x6E,0x6C,0xDE,0x00}},
  {24304,8,{0x08,0x7E,0x74,0x7E,0x74,0x7A,0x96,0x00}},
  {24305,8,{0x08,0x7E,0x56,0x6C,0x56,0x74,0xBE,0x00}},
  {24307,8,{0x08,0x7E,0x74,0x5E,0x74,0x7A,0x96,0x00}},
  {24308,8,{0xE0,0x20,0x40,0x20,0xA0,0x40,0xBE,0x00}},
  {24310,8,{0xC2,0x5C,0x86,0x54,0xDE,0x40,0xBE,0x00}},
  {24311,8,{0xC4,0x58,0x88,0x7E,0xC8,0x5C,0xBE,0x00}},
  {24312,8,{0xC4,0x5E,0x96,0x5E,0xD6,0x5E,0xBE,0x00}},
  {24314,8,{0xDC,0x4E,0x9C,0x48,0xDE,0x48,0xBE,0x00}},
  {24315,8,{0xDE,0x52,0x9E,0x5A,0xDE,0x52,0xBE,0x00}},
  {24316,8,{0xDE,0x4C,0x9E,0x5A,0xD2,0x5E,0xBE,0x00}},
  {24318,8,{0x24,0x24,0x24,0xFE,0x24,0x24,0x44,0x00}},
  {24319,8,{0x44,0x44,0xFE,0x44,0x44,0x44,0x7C,0x00}},
  {24321,8,{0x10,0x24,0xFA,0x28,0xFE,0x28,0x48,0x00}},
  {24323,8,{0x10,0xFE,0x28,0x74,0xFE,0x28,0x48,0x00}},
  {24324,8,{0x7C,0x10,0x7C,0x28,0xFE,0x28,0x48,0x00}},
  {24329,8,{0xA4,0xFE,0x64,0xAE,0xFE,0x28,0x48,0x00}},
  {24330,8,{0x96,0x6A,0xF4,0xAA,0xFE,0x28,0x48,0x00}},
  {24331,8,{0x14,0x10,0xFE,0x10,0x10,0x0A,0x06,0x00}},
  {24332,8,{0x0A,0xFE,0x08,0x08,0xF4,0x04,0x02,0x00}},
  {24333,8,{0x0A,0xFE,0x08,0x68,0x04,0x04,0xF2,0x00}},
  {24335,8,{0x0A,0xFE,0x08,0x78,0x24,0x34,0xC2,0x00}},
  {24336,8,{0x6A,0x08,0xFE,0x68,0x04,0x34,0xC2,0x00}},
  {24337,8,{0x56,0x24,0xDE,0x24,0xFC,0x6C,0xBA,0x00}},
  {24339,8,{0x7C,0x04,0x7C,0x40,0xFE,0x02,0x0E,0x00}},
  {24340,8,{0x7C,0x14,0x7C,0x50,0xFE,0x12,0x16,0x00}},
  {24341,8,{0xF2,0x12,0xF2,0x82,0xF2,0x12,0x32,0x00}},
  {24342,8,{0x7C,0x04,0x3C,0x20,0x3C,0x04,0xFE,0x00}},
  {24343,8,{0x28,0xFE,0x3E,0xE8,0xFE,0x2A,0xC8,0x00}},
  {24344,8,{0xC8,0x48,0xC8,0x88,0xD0,0x54,0xFA,0x00}},
  {24347,8,{0xC4,0x54,0xDE,0xB6,0xD4,0x52,0xDE,0x00}},
  {24351,8,{0x28,0xFC,0x14,0x7C,0x50,0x3E,0xD2,0x00}},
  {24357,8,{0xD0,0x5E,0xE8,0x9C,0xDA,0x6A,0xD8,0x00}},
  {24358,8,{0xC8,0x7E,0xD0,0xB4,0xC8,0x54,0xFA,0x00}},
  {24359,8,{0xC2,0x5C,0xD4,0x94,0xD4,0x56,0xEA,0x00}},
  {24361,8,{0x2E,0xFA,0x54,0xEA,0x78,0x7E,0x02,0x00}},
  {24365,8,{0xFE,0x54,0xDC,0x9C,0xD4,0x7E,0xC4,0x00}},
  {24367,8,{0x10,0xFE,0x28,0xAA,0x78,0x7E,0x02,0x00}},
  {24369,8,{0xEE,0x22,0xEE,0x88,0x66,0xAA,0x66,0x00}},
  {24373,8,{0xDE,0x50,0xDC,0x90,0xFE,0x54,0xDA,0x00}},
  {24375,8,{0xC8,0x52,0xFE,0x9C,0xDC,0x4A,0xFE,0x00}},
  {24376,8,{0xFE,0x6A,0xFE,0xAA,0xFE,0x6A,0xD6,0x00}},
  {24380,8,{0xC6,0x7A,0xD6,0xBC,0xEE,0x7A,0xC6,0x00}},
  {24382,8,{0xEA,0x44,0xFE,0xBE,0xC8,0x7E,0xC8,0x00}},
  {24385,8,{0xFE,0x44,0xD4,0xBE,0xC4,0x54,0xCC,0x00}},
  {24392,8,{0xF6,0x76,0xDC,0x9C,0xDC,0x7E,0xC8,0x00}},
  {24394,8,{0xDE,0x4C,0xCC,0x9E,0xCC,0x4C,0xDE,0x00}},
  {24396,8,{0xFE,0x5C,0xEA,0xBE,0xEA,0x7E,0xEA,0x00}},
  {24398,8,{0x54,0xB8,0x54,0xEE,0x7C,0x7E,0x02,0x00}},
  {24401,8,{0x20,0x3C,0x24,0x44,0x78,0x08,0xFE,0x00}},
  {24403,8,{0x52,0x34,0x7E,0x02,0x3E,0x02,0x7E,0x00}},
  {24406,8,{0x1C,0x28,0xFE,0x30,0xDA,0x2C,0xDA,0x00}},
  {24407,8,{0x44,0xEE,0x44,0xFE,0x04,0xFE,0x7C,0x00}},
  {24409,8,{0x1C,0x28,0xFE,0xBA,0x7C,0x38,0xD6,0x00}},
  {24412,8,{0x1C,0x28,0xFE,0x66,0x2A,0xFE,0x48,0x00}},
  {24413,8,{0x1C,0x28,0xFE,0x64,0x2E,0xFE,0x48,0x00}},
  {24417,8,{0x04,0x18,0x64,0x18,0x62,0x0C,0x70,0x00}},
  {24418,8,{0xFA,0x54,0x52,0xFC,0x50,0x52,0x94,0x00}},
  {24422,8,{0x10,0xFE,0x24,0x7E,0x58,0x42,0x9C,0x00}},
  {24425,8,{0x1A,0xE4,0x52,0x24,0xF8,0x72,0xAC,0x00}},
  {24426,8,{0x22,0x34,0xE2,0xB4,0x82,0xB4,0xDE,0x00}},
  {24427,8,{0xFA,0xAC,0xFA,0xAC,0xD8,0xFA,0x8C,0x00}},
  {24428,8,{0x52,0xFC,0x52,0xFC,0xF8,0x52,0x54,0x00}},
  {24429,8,{0x22,0xF4,0x22,0x74,0x50,0x22,0xF4,0x00}},
  {24432,8,{0x22,0xFC,0x52,0xFC,0x70,0xFA,0x24,0x00}},
  {24433,8,{0x72,0x54,0xFA,0x54,0x70,0x22,0xAC,0x00}},
  {24435,8,{0x04,0x08,0x34,0x08,0x38,0x08,0x08,0x00}},
  {24439,8,{0x48,0xBE,0x50,0xDE,0x52,0x52,0x66,0x00}},
  {24441,8,{0x5C,0x94,0x66,0xDC,0x54,0x48,0x76,0x00}},
  {24444,8,{0x48,0xBE,0x6A,0xFC,0x74,0x68,0x56,0x00}},
  {24447,8,{0x54,0xBE,0x5E,0xF4,0x7E,0x56,0x64,0x00}},
  {24448,8,{0x50,0x88,0x7E,0xC8,0x5C,0x48,0x7E,0x00}},
  {24449,8,{0x5E,0x84,0x44,0xD6,0x54,0x54,0x7E,0x00}},
  {24450,8,{0x5C,0x94,0x5C,0xD4,0x5C,0x54,0x7E,0x00}},
  {24451,8,{0x58,0x9E,0x68,0xC8,0x5C,0x48,0x7E,0x00}},
  {24452,8,{0x7C,0x94,0x48,0xF6,0x5C,0x48,0x7E,0x00}},
  {24453,8,{0x48,0x9C,0x48,0xFE,0x44,0x7E,0x54,0x00}},
  {24455,8,{0x50,0x9E,0x76,0xDE,0x56,0x5E,0x42,0x00}},
  {24456,8,{0x5E,0x92,0x5E,0xD2,0x5E,0x54,0x5A,0x00}},
  {24458,8,{0x7E,0xA2,0x7E,0xF6,0x7E,0x62,0x7E,0x00}},
  {24459,8,{0x48,0xBC,0x4E,0xFC,0x48,0x7E,0x48,0x00}},
  {24460,8,{0x48,0x90,0x4A,0xFE,0x54,0x48,0x76,0x00}},
  {24464,8,{0x48,0x94,0x7E,0xC8,0x7E,0x48,0x6A,0x00}},
  {24465,8,{0x5E,0x8A,0x54,0xCA,0x5E,0x44,0x5E,0x00}},
  {24466,8,{0x48,0x9C,0x48,0xFE,0x4C,0x58,0x6E,0x00}},
  {24467,8,{0x52,0xBE,0x44,0xD6,0x54,0x54,0x6E,0x00}},
  {24471,8,{0x5C,0x94,0x7E,0xC4,0x7E,0x54,0x4C,0x00}},
  {24472,8,{0x54,0xB6,0x54,0xF6,0x54,0x76,0x54,0x00}},
  {24473,8,{0x44,0x96,0x54,0xFE,0x46,0x54,0x6E,0x00}},
  {24478,8,{0x54,0x94,0x6A,0xC4,0x56,0x54,0x6E,0x00}},
  {24480,8,{0x48,0xBE,0x5C,0xEA,0x48,0x5C,0x6A,0x00}},
  {24481,8,{0x66,0xBE,0x56,0xDE,0x76,0x7C,0x44,0x00}},
  {24488,8,{0x48,0x9C,0x54,0xDC,0x7E,0x48,0x7E,0x00}},
  {24489,8,{0x50,0x9E,0x6C,0xCC,0x54,0x48,0x76,0x00}},
  {24490,8,{0x42,0x9C,0x5E,0xD4,0x5E,0x6E,0x4E,0x00}},
  {24493,8,{0x4C,0x94,0x48,0xDE,0x64,0x56,0x5E,0x00}},
  {24494,8,{0x54,0xBE,0x46,0xFE,0x56,0x54,0x6A,0x00}},
  {24499,8,{0x48,0xBE,0x5C,0xDC,0x40,0x72,0x6E,0x00}},
  {24500,8,{0x54,0xBE,0x46,0xFE,0x56,0x7C,0x4A,0x00}},
  {24505,8,{0x54,0xBE,0x56,0xE6,0x5E,0x5C,0x5A,0x00}},
  {24508,8,{0x54,0xB6,0x7A,0xFA,0x5A,0x6C,0x5A,0x00}},
  {24509,8,{0x54,0xBE,0x56,0xEE,0x56,0x7C,0x52,0x00}},
  {24515,8,{0x20,0x10,0x20,0x64,0x62,0xA4,0x3C,0x00}},
  {24517,8,{0x20,0x14,0x24,0xAA,0xB2,0x20,0xDE,0x00}},
  {24524,8,{0x7C,0x04,0x7C,0x40,0x7C,0xCA,0xBA,0x00}},
  {24525,8,{0x7C,0x2C,0x14,0x6C,0x10,0xCA,0xBA,0x00}},
  {24534,8,{0x44,0xFE,0xC4,0x54,0x4C,0x44,0x4C,0x00}},
  {24535,8,{0x10,0xFE,0x10,0x7C,0x00,0xCA,0xBA,0x00}},
  {24536,8,{0x10,0xFE,0x40,0x7C,0x54,0xCA,0xBA,0x00}},
  {24537,8,{0x48,0xFE,0xD0,0x50,0x50,0x50,0x4E,0x00}},
  {24540,8,{0x08,0x7E,0x50,0x48,0x50,0x76,0x9C,0x00}},
  {24541,8,{0x0C,0x70,0xFE,0x28,0xC6,0x20,0xAA,0x00}},
  {24544,8,{0x10,0x7C,0x54,0x7C,0x10,0xCA,0xBA,0x00}},
  {24548,8,{0x50,0xDC,0xE8,0x48,0x7E,0x48,0x48,0x00}},
  {24555,8,{0x48,0xDC,0xCC,0x7E,0x48,0x48,0x76,0x00}},
  {24560,8,{0x50,0xFC,0xD4,0x66,0x48,0x7E,0x48,0x00}},
  {24561,8,{0x48,0xFE,0xEA,0x4C,0x4C,0x54,0x66,0x00}},
  {24565,8,{0x10,0x28,0xDE,0x38,0x08,0xC2,0xBA,0x00}},
  {24568,8,{0x7C,0xD4,0xD4,0x7E,0x54,0x54,0x7E,0x00}},
  {24571,8,{0x44,0xD8,0xD0,0x5E,0x54,0x54,0x64,0x00}},
  {24573,8,{0x40,0x7E,0xAA,0x2A,0x54,0xCA,0xBA,0x00}},
  {24575,8,{0x28,0x44,0xBE,0x14,0x6C,0xCA,0xBA,0x00}},
  {24590,8,{0x20,0x3E,0xD0,0x1E,0x50,0xCA,0xBA,0x00}},
  {24591,8,{0x48,0xDC,0xD4,0x7E,0x48,0x48,0x76,0x00}},
  {24592,8,{0x50,0xDE,0xE2,0x5A,0x5A,0x42,0x46,0x00}},
  {24594,8,{0x2E,0xFA,0x54,0xEA,0x00,0xCA,0xBA,0x00}},
  {24597,8,{0x48,0xFE,0xD2,0x5E,0x52,0x52,0x5E,0x00}},
  {24598,8,{0x50,0xFE,0xD0,0x64,0x5E,0x56,0x44,0x00}},
  {24601,8,{0x48,0xC8,0xFE,0x48,0x5C,0x54,0x5C,0x00}},
  {24603,8,{0x5E,0xD2,0xDE,0x52,0x5E,0x40,0x5E,0x00}},
  {24604,8,{0x48,0xD4,0xEE,0x40,0x7E,0x4A,0x48,0x00}},
  {24605,8,{0x7C,0x54,0x7C,0x54,0x7C,0xCA,0xBA,0x00}},
  {24608,8,{0x10,0x24,0xFA,0x44,0x7C,0xCA,0xBA,0x00}},
  {24609,8,{0x48,0xC8,0xD4,0x7A,0x40,0x5C,0x5C,0x00}},
  {24613,8,{0x38,0xC8,0x7C,0x04,0x7C,0xCA,0xBA,0x00}},
  {24614,8,{0x7E,0xDC,0xEA,0x48,0x7E,0x48,0x48,0x00}},
  {24615,8,{0x58,0xDE,0xE8,0x48,0x5C,0x48,0x7E,0x00}},
  {24616,8,{0x7E,0xDA,0x28,0xCE,0x10,0xCA,0xBA,0x00}},
  {24617,8,{0x5E,0xD2,0xDE,0x54,0x56,0x54,0x66,0x00}},
  {24618,8,{0x7C,0xD4,0xC8,0x76,0x5C,0x48,0x7E,0x00}},
  {24619,8,{0x54,0xFE,0xDE,0x74,0x7E,0x56,0x64,0x00}},
  {24623,8,{0x48,0xDC,0xC8,0x7E,0x48,0x54,0x7A,0x00}},
  {24625,8,{0x40,0x7E,0xAA,0x7A,0x14,0xCA,0xBA,0x00}},
  {24634,8,{0x58,0xC0,0xD8,0x7A,0x5C,0x6A,0x58,0x00}},
  {24641,8,{0x24,0x58,0xFE,0x48,0x5C,0xC0,0xBA,0x00}},
  {24642,8,{0x50,0xDE,0xF6,0x5E,0x56,0x5E,0x42,0x00}},
  {24643,8,{0x48,0xDC,0xC8,0x7E,0x44,0x7E,0x54,0x00}},
  {24646,8,{0x7E,0xD0,0xDC,0x54,0x6C,0x48,0x7E,0x00}},
  {24650,8,{0x48,0xDE,0xCA,0x40,0x4A,0x7E,0x56,0x00}},
  {24651,8,{0x10,0xFE,0x28,0xAA,0x00,0xCA,0xBA,0x00}},
  {24653,8,{0x48,0xEA,0xC8,0x7E,0x54,0x54,0x66,0x00}},
  {24656,8,{0xEC,0x4C,0x6C,0xD6,0x00,0xCA,0xBA,0x00}},
  {24658,8,{0x7E,0xDC,0xD4,0x5C,0x54,0x5C,0x7E,0x00}},
  {24661,8,{0x2E,0xFA,0x5A,0xEE,0x00,0xCA,0xBA,0x00}},
  {24665,8,{0x44,0xFE,0x10,0xFE,0x54,0xCA,0xBA,0x00}},
  {24666,8,{0x10,0x7C,0xFE,0x10,0xFE,0x48,0xBA,0x00}},
  {24671,8,{0x50,0xDE,0xF6,0x4A,0x56,0x5E,0x42,0x00}},
  {24672,8,{0x48,0xFE,0xD0,0x74,0x5E,0x54,0x5E,0x00}},
  {24674,8,{0x5E,0xD4,0xDE,0x5C,0x54,0x54,0x6A,0x00}},
  {24675,8,{0x90,0x1E,0x2A,0x94,0x00,0xCA,0xBA,0x00}},
  {24676,8,{0x48,0xDE,0xD6,0x56,0x56,0x56,0x7E,0x00}},
  {24677,8,{0xE8,0x64,0x68,0x7A,0x78,0xEA,0x2E,0x00}},
  {24680,8,{0x5E,0xF2,0xDE,0x52,0x5E,0x54,0x5A,0x00}},
  {24681,8,{0x7C,0x54,0x6C,0x7C,0x54,0xCA,0xBA,0x00}},
  {24682,8,{0x4C,0xD4,0xC8,0x54,0x62,0x5C,0x5C,0x00}},
  {24683,8,{0x5E,0xF2,0xDE,0x52,0x5E,0x5E,0x52,0x00}},
  {24684,8,{0x44,0xD8,0xFE,0x48,0x5C,0x54,0x5C,0x00}},
  {24685,8,{0x28,0x7C,0x28,0xFE,0x44,0x20,0xAA,0x00}},
  {24687,8,{0x10,0x7C,0x44,0x7C,0x7C,0xCA,0xBA,0x00}},
  {24688,8,{0x48,0xD4,0xEE,0x40,0x5C,0x54,0x5C,0x00}},
  {24693,8,{0x10,0xFE,0x7C,0x54,0x7C,0xCA,0xBA,0x00}},
  {24695,8,{0x28,0x7E,0xC8,0x5C,0x6A,0xC0,0xBA,0x00}},
  {24705,8,{0x4C,0xEC,0xC0,0x5E,0x52,0x5E,0x52,0x00}},
  {24707,8,{0x7E,0xEA,0xFE,0x6A,0x7E,0x6A,0x7E,0x00}},
  {24708,8,{0x54,0xEA,0xD4,0x5C,0x54,0x5C,0x54,0x00}},
  {24713,8,{0xFE,0x54,0xFE,0x38,0xD6,0x48,0xBA,0x00}},
  {24715,8,{0x48,0xFE,0xD4,0x48,0x76,0x5C,0x5C,0x00}},
  {24716,8,{0x54,0xFE,0xCA,0x7E,0x68,0x5E,0x6A,0x00}},
  {24717,8,{0x5C,0xD4,0xDC,0x7E,0x48,0x7E,0x48,0x00}},
  {24722,8,{0x5C,0xD4,0xFE,0x6A,0x7E,0x60,0x5E,0x00}},
  {24724,8,{0x50,0xDE,0xCC,0x7E,0x54,0x5E,0x44,0x00}},
  {24726,8,{0x48,0xDC,0xFE,0x6E,0x44,0x7E,0x48,0x00}},
  {24727,8,{0x4C,0xD4,0xFE,0x6A,0x7E,0x54,0x66,0x00}},
  {24730,8,{0x48,0xFE,0xDA,0x5E,0x48,0x5C,0x6A,0x00}},
  {24731,8,{0x52,0xFE,0xD4,0x66,0x5C,0x68,0x56,0x00}},
  {24735,8,{0x5C,0xC8,0xFC,0x54,0x7E,0x54,0x5C,0x00}},
  {24736,8,{0x26,0x5A,0xD4,0x5A,0x00,0xCA,0xBA,0x00}},
  {24739,8,{0x10,0x38,0x38,0x7C,0x7C,0xCA,0xBA,0x00}},
  {24742,8,{0x54,0xFE,0xE2,0x7E,0x54,0x54,0x66,0x00}},
  {24743,8,{0x7A,0xD6,0xFE,0x56,0x7A,0x72,0x56,0x00}},
  {24745,8,{0x6A,0xC2,0xD4,0x6A,0x76,0x62,0x7E,0x00}},
  {24746,8,{0xFE,0x7C,0x7C,0xFE,0x54,0xCA,0xBA,0x00}},
  {24754,8,{0x28,0xEE,0x28,0xEE,0x28,0xC2,0xBA,0x00}},
  {24755,8,{0x10,0x7C,0x18,0x58,0x7C,0xCA,0xBA,0x00}},
  {24756,8,{0x48,0xFE,0xD4,0x54,0x6A,0x7E,0x48,0x00}},
  {24757,8,{0x5E,0xD0,0xDC,0x50,0x7E,0x54,0x5A,0x00}},
  {24758,8,{0xEE,0xAA,0xEE,0x92,0xA2,0xEE,0xBA,0x00}},
  {24760,8,{0x5C,0xFE,0xDC,0x6A,0x44,0x7E,0x48,0x00}},
  {24764,8,{0x48,0xCE,0xDC,0x54,0x5C,0x7E,0x48,0x00}},
  {24765,8,{0x48,0xFE,0xCC,0x5C,0x7E,0x54,0x7A,0x00}},
  {24773,8,{0x48,0xDC,0xC8,0x7E,0x54,0x5C,0x54,0x00}},
  {24774,8,{0x7E,0xEA,0xFE,0x6A,0x76,0x7E,0x62,0x00}},
  {24775,8,{0x48,0xFE,0xD4,0x5C,0x44,0x7E,0x48,0x00}},
  {24785,8,{0x0A,0xFE,0x64,0xEA,0x00,0xCA,0xBA,0x00}},
  {24787,8,{0x54,0xEA,0xFE,0x54,0x6A,0x50,0x5C,0x00}},
  {24792,8,{0x7E,0xE2,0xF6,0x7E,0x6A,0x6E,0x62,0x00}},
  {24794,8,{0x50,0xDE,0xEA,0x4A,0x54,0x72,0x6E,0x00}},
  {24796,8,{0x54,0xFE,0xD4,0x7E,0x5C,0x54,0x5C,0x00}},
  {24799,8,{0x54,0xDE,0xF4,0x5E,0x54,0x54,0x5E,0x00}},
  {24800,8,{0x10,0xFE,0x54,0x7C,0x74,0xCA,0xBA,0x00}},
  {24801,8,{0xFE,0x6C,0x44,0xFE,0x54,0xCA,0xBA,0x00}},
  {24803,8,{0xC8,0xEE,0x56,0xEA,0x56,0xC8,0xBA,0x00}},
  {24807,8,{0x5C,0xD4,0xDC,0x54,0x7E,0x40,0x62,0x00}},
  {24808,8,{0x48,0xD4,0xFA,0x54,0x6A,0x44,0x58,0x00}},
  {24816,8,{0x50,0xFE,0xD4,0x6E,0x5C,0x5C,0x54,0x00}},
  {24817,8,{0x4A,0xD4,0xCA,0x5E,0x56,0x5A,0x5E,0x00}},
  {24819,8,{0x2E,0xFA,0x6E,0xBA,0x2E,0xC0,0xBA,0x00}},
  {24820,8,{0x6A,0xFE,0xC0,0x7E,0x50,0x7E,0x6A,0x00}},
  {24822,8,{0x48,0xDC,0xD4,0x5C,0x7E,0x48,0x7E,0x00}},
  {24823,8,{0x38,0xFE,0x24,0xDA,0x18,0xCA,0xBA,0x00}},
  {24825,8,{0x28,0xFE,0x20,0xFE,0x5C,0xCA,0xBA,0x00}},
  {24826,8,{0x5C,0xD4,0xDE,0x68,0x5C,0x48,0x7E,0x00}},
  {24827,8,{0x7A,0xEE,0xFE,0x6E,0x7A,0x42,0x6A,0x00}},
  {24832,8,{0x74,0xD4,0xFE,0x5C,0x74,0x74,0x5A,0x00}},
  {24833,8,{0x74,0xFE,0x74,0xAA,0x00,0xCA,0xBA,0x00}},
  {24835,8,{0x48,0xFE,0xEE,0x40,0x5C,0x54,0x7E,0x00}},
  {24838,8,{0x56,0x80,0x56,0xC2,0x56,0xC8,0xBA,0x00}},
  {24840,8,{0x10,0x28,0xDE,0x74,0x74,0xCA,0xBA,0x00}},
  {24841,8,{0x48,0xD4,0xEE,0x40,0x5A,0x5A,0x5A,0x00}},
  {24845,8,{0xF6,0xFA,0xA4,0xDA,0x00,0xCA,0xBA,0x00}},
  {24846,8,{0x50,0xDE,0xEC,0x4C,0x54,0x48,0x76,0x00}},
  {24847,8,{0x10,0x7C,0x28,0xFE,0x38,0xCA,0xBA,0x00}},
  {24853,8,{0x76,0xF6,0xDC,0x7E,0x5C,0x42,0x46,0x00}},
  {24858,8,{0x38,0x38,0x7C,0x5C,0x74,0xCA,0xBA,0x00}},
  {24859,8,{0xFE,0x54,0xFE,0xAA,0x64,0x18,0xE6,0x00}},
  {24863,8,{0x04,0x7E,0x74,0xB2,0x00,0xCA,0xBA,0x00}},
  {24865,8,{0x50,0xDE,0xEA,0x5A,0x44,0x72,0x6E,0x00}},
  {24871,8,{0x48,0xFE,0xEA,0x7E,0x6A,0x5C,0x6E,0x00}},
  {24872,8,{0x2E,0xFA,0x74,0x5A,0x00,0xCA,0xBA,0x00}},
  {24876,8,{0xAE,0xEA,0xEE,0x52,0x80,0x4A,0xBA,0x00}},
  {24884,8,{0x48,0xD4,0xFA,0x58,0x50,0x6C,0x4C,0x00}},
  {24892,8,{0x50,0xDE,0xCC,0x6C,0x7E,0x40,0x62,0x00}},
  {24893,8,{0x4A,0xFE,0xDC,0x54,0x7E,0x54,0x4C,0x00}},
  {24894,8,{0x60,0xFE,0xDC,0x7E,0x6A,0x5E,0x6A,0x00}},
  {24895,8,{0x7E,0x5C,0x5C,0x6A,0x98,0x4A,0xBA,0x00}},
  {24898,8,{0xBE,0x04,0xBE,0x3E,0xAA,0x40,0xBA,0x00}},
  {24900,8,{0x7E,0xDC,0xDC,0x48,0x7E,0x5C,0x6A,0x00}},
  {24903,8,{0x2E,0xCA,0xE4,0xAA,0x00,0xCA,0xBA,0x00}},
  {24904,8,{0x44,0xFE,0x24,0x48,0x24,0xCA,0xBA,0x00}},
  {24906,8,{0x54,0xFE,0xDC,0x4E,0x7C,0x5C,0x6A,0x00}},
  {24907,8,{0x54,0xF6,0x50,0x74,0x56,0xC8,0xBA,0x00}},
  {24908,8,{0x54,0xFE,0xD0,0x5C,0x40,0x5A,0x6A,0x00}},
  {24909,8,{0x5E,0xF6,0xDA,0x5E,0x40,0x4C,0x5E,0x00}},
  {24910,8,{0x48,0xFE,0xDC,0x5C,0x7E,0x40,0x62,0x00}},
  {24915,8,{0x7E,0xDC,0xDC,0x40,0x7E,0x48,0x6A,0x00}},
  {24917,8,{0x28,0xFE,0x38,0xFE,0x44,0x20,0xAA,0x00}},
  {24920,8,{0x54,0xFA,0xD4,0x7E,0x6A,0x44,0x58,0x00}},
  {24921,8,{0x2E,0xF8,0x6E,0xF4,0x24,0xC8,0xBA,0x00}},
  {24922,8,{0x72,0xDC,0xF8,0x7E,0x5A,0x7A,0x52,0x00}},
  {24925,8,{0xFE,0xA8,0xFE,0xB4,0xFE,0x48,0xBA,0x00}},
  {24927,8,{0x74,0xDE,0xF6,0x76,0x56,0x7A,0x4A,0x00}},
  {24930,8,{0x5C,0xD4,0xFE,0x7E,0x54,0x48,0x76,0x00}},
  {24931,8,{0x5C,0xF6,0xDC,0x5C,0x5C,0x5C,0x62,0x00}},
  {24933,8,{0x6C,0xCE,0xE4,0x5E,0x6A,0x6E,0x7E,0x00}},
  {24935,8,{0x44,0xEE,0x44,0xFE,0x3C,0xCA,0xBA,0x00}},
  {24936,8,{0x4E,0xF6,0xF6,0x7E,0x64,0x74,0x4A,0x00}},
  {24939,8,{0x54,0xAA,0x5C,0xD8,0x6E,0xC0,0xBA,0x00}},
  {24942,8,{0x08,0x0E,0x78,0x5E,0x5C,0x72,0xAE,0x00}},
  {24943,8,{0x50,0xDE,0xF4,0x5C,0x5E,0x6A,0x56,0x00}},
  {24944,8,{0x72,0x7E,0x4A,0x72,0xA6,0x48,0xBA,0x00}},
  {24945,8,{0x48,0xFE,0xDC,0x5A,0x7E,0x54,0x4C,0x00}},
  {24947,8,{0x7E,0xFA,0xF4,0x4A,0x5C,0x48,0x7E,0x00}},
  {24948,8,{0x7E,0xCA,0xDE,0x6A,0x44,0x5E,0x5E,0x00}},
  {24949,8,{0x44,0xFE,0xEC,0x7E,0x76,0x7E,0x56,0x00}},
  {24950,8,{0x08,0x7E,0x54,0x7E,0x7A,0x4C,0xB6,0x00}},
  {24951,8,{0x48,0xFE,0xEE,0x6C,0x7A,0x6C,0x5A,0x00}},
  {24958,8,{0x58,0x2E,0xD6,0x64,0x6A,0xC0,0xBA,0x00}},
  {24962,8,{0xFE,0x38,0x38,0xFE,0xEE,0x10,0xEE,0x00}},
  {24967,8,{0xEA,0x5E,0xEA,0x6E,0x00,0xCA,0xBA,0x00}},
  {24970,8,{0x54,0x7E,0xD4,0x7E,0x56,0xC8,0xBA,0x00}},
  {24974,8,{0x54,0xFE,0xEA,0x7E,0x5C,0x54,0x5C,0x00}},
  {24976,8,{0x6A,0xDC,0xEA,0x40,0x74,0x5E,0x64,0x00}},
  {24977,8,{0xBE,0x28,0x3E,0x82,0x2A,0xC0,0xBA,0x00}},
  {24980,8,{0x54,0xDE,0xF4,0x54,0x5E,0x40,0x6A,0x00}},
  {24982,8,{0x24,0xFE,0x74,0x74,0xAA,0x40,0xBA,0x00}},
  {24985,8,{0x10,0xFE,0x38,0xFE,0x7C,0xCA,0xBA,0x00}},
  {24986,8,{0x76,0xF6,0xDC,0x5C,0x5C,0x7E,0x48,0x00}},
  {24996,8,{0x48,0xFE,0xD4,0x7E,0x54,0x5C,0x62,0x00}},
  {24999,8,{0x48,0xFE,0xD4,0x7E,0x5C,0x48,0x7E,0x00}},
  {25001,8,{0xF4,0x4E,0xFA,0x6E,0x00,0xCA,0xBA,0x00}},
  {25003,8,{0x76,0xF6,0xEA,0x7E,0x76,0x6A,0x76,0x00}},
  {25004,8,{0x5C,0xD4,0xFE,0x54,0x5C,0x48,0x6A,0x00}},
  {25006,8,{0x60,0xFE,0xD4,0x7E,0x54,0x7E,0x6A,0x00}},
  {25010,8,{0x10,0xFE,0x92,0x7C,0x38,0xCA,0xBA,0x00}},
  {25014,8,{0x48,0xFE,0xD4,0x7E,0x5C,0x72,0x6E,0x00}},
  {25018,8,{0x4C,0xD4,0xFE,0x76,0x6C,0x7E,0x4C,0x00}},
  {25022,8,{0x44,0xFE,0xF4,0x72,0x40,0x72,0x6E,0x00}},
  {25027,8,{0x54,0xFE,0x76,0x2A,0xF0,0x4A,0xBA,0x00}},
  {25030,8,{0x5C,0xD4,0xFE,0x6A,0x7E,0x5C,0x6A,0x00}},
  {25031,8,{0x2C,0xDC,0x6A,0xAC,0x6A,0xC0,0xBA,0x00}},
  {25032,8,{0x5E,0xEA,0xD8,0x5A,0x5E,0x5E,0x6A,0x00}},
  {25033,8,{0x08,0x7E,0x56,0x6C,0x6E,0x52,0xAE,0x00}},
  {25034,8,{0x48,0xDE,0xDE,0x5A,0x7E,0x48,0x76,0x00}},
  {25035,8,{0x7C,0xCE,0x54,0xFE,0x54,0xCA,0xBA,0x00}},
  {25036,8,{0x7E,0xFE,0xC8,0x7E,0x54,0x7E,0x48,0x00}},
  {25037,8,{0x48,0xFE,0xD4,0x5C,0x7E,0x5C,0x6A,0x00}},
  {25040,8,{0x48,0xFE,0xDA,0x5E,0x7E,0x74,0x5A,0x00}},
  {25059,8,{0x94,0x3E,0x94,0x3E,0xAA,0x40,0xBA,0x00}},
  {25062,8,{0x5C,0xFE,0xEA,0x5C,0x48,0x7E,0x6A,0x00}},
  {25074,8,{0x54,0xBE,0x46,0xFC,0x52,0xC8,0xBA,0x00}},
  {25076,8,{0x56,0xD4,0xFE,0x54,0x7E,0x54,0x7A,0x00}},
  {25078,8,{0x56,0xFA,0xF0,0x7E,0x5E,0x70,0x5A,0x00}},
  {25079,8,{0x48,0xFE,0xDA,0x7E,0x48,0x74,0x5A,0x00}},
  {25080,8,{0x6E,0xE4,0x88,0xEE,0x54,0xCA,0xBA,0x00}},
  {25082,8,{0x6E,0xD4,0xFE,0x54,0x7E,0x54,0x7A,0x00}},
  {25084,8,{0x76,0xF6,0xC0,0x54,0x5E,0x74,0x5E,0x00}},
  {25085,8,{0x54,0xFE,0xF6,0x54,0x5E,0x74,0x5E,0x00}},
  {25086,8,{0x5E,0xCC,0xDE,0x44,0x76,0x7E,0x52,0x00}},
  {25087,8,{0x58,0xEE,0x54,0xAA,0xE0,0x5A,0xF6,0x00}},
  {25088,8,{0x54,0xB8,0x54,0xEE,0x54,0xCA,0xBA,0x00}},
  {25096,8,{0x14,0xFE,0x10,0x14,0x08,0x1A,0xE6,0x00}},
  {25097,8,{0x0A,0x7E,0x48,0x48,0x6A,0xC4,0x1A,0x00}},
  {25098,8,{0x0A,0x7E,0x48,0x4A,0x44,0x4C,0xB2,0x00}},
  {25100,8,{0x0A,0x7E,0x48,0x78,0x4A,0x44,0x9A,0x00}},
  {25101,8,{0x0A,0x7E,0x48,0x68,0x5A,0x44,0x9A,0x00}},
  {25102,8,{0x0A,0xFE,0x08,0x48,0xEA,0x44,0x9A,0x00}},
  {25104,8,{0x04,0x7E,0x44,0x74,0x56,0x54,0xAA,0x00}},
  {25105,8,{0x1A,0x68,0xFE,0x28,0xFA,0x24,0x6A,0x00}},
  {25106,8,{0x04,0xFE,0x04,0x54,0xFE,0x54,0x9A,0x00}},
  {25108,8,{0x14,0xFC,0x1A,0x66,0xFC,0x1A,0x66,0x00}},
  {25110,8,{0x0A,0xFE,0x08,0x68,0x6A,0x04,0xDA,0x00}},
  {25114,8,{0x04,0x7E,0x54,0x5C,0x56,0x7C,0x92,0x00}},
  {25115,8,{0xFE,0x3C,0x24,0x3E,0xFC,0x1A,0x66,0x00}},
  {25117,8,{0xEA,0xA8,0xFE,0xA8,0xEA,0x04,0xAA,0x00}},
  {25118,8,{0xFE,0x38,0x38,0xFE,0xBA,0x18,0x66,0x00}},
  {25119,8,{0xEA,0x48,0xFE,0xA8,0x4A,0xE4,0x5A,0x00}},
  {25121,8,{0x56,0xF4,0x5E,0x54,0xF6,0xA4,0xFA,0x00}},
  {25126,8,{0xAA,0x08,0xFE,0xF4,0x26,0xF4,0x2A,0x00}},
  {25130,8,{0x2A,0x78,0xFE,0x28,0x7A,0xD4,0x7A,0x00}},
  {25134,8,{0xF6,0x54,0x2E,0x54,0xA6,0x14,0x6A,0x00}},
  {25135,8,{0x26,0x34,0xEE,0xB4,0xA6,0xB4,0xEA,0x00}},
  {25136,8,{0xDE,0xDC,0x76,0x74,0x76,0xFC,0x22,0x00}},
  {25138,8,{0x26,0x34,0xEE,0xF4,0xD6,0xA4,0xFA,0x00}},
  {25139,8,{0xF6,0x54,0x0E,0x54,0x76,0xE4,0x7A,0x00}},
  {25140,8,{0x2A,0x78,0xFE,0x68,0xFA,0x04,0xAA,0x00}},
  {25144,8,{0xFE,0x00,0x7C,0x44,0x7C,0x40,0x80,0x00}},
  {25147,8,{0xFE,0x44,0x7C,0x48,0x7E,0x48,0xB6,0x00}},
  {25151,8,{0xFE,0x44,0x7C,0x48,0x7E,0x54,0xAC,0x00}},
  {25152,8,{0xF2,0x0C,0x78,0x5E,0x7A,0x4A,0x92,0x00}},
  {25153,8,{0xFE,0x44,0x7C,0x40,0x7E,0x7E,0xAA,0x00}},
  {25159,8,{0xFE,0x7C,0x40,0x7E,0x6A,0x5E,0xAA,0x00}},
  {25160,8,{0xFE,0x44,0x7E,0x6A,0x7E,0x60,0xBE,0x00}},
  {25161,8,{0xFE,0x44,0x7C,0x76,0x54,0x76,0xA4,0x00}},
  {25163,8,{0x0C,0x70,0xFE,0x10,0xFE,0x10,0x30,0x00}},
  {25165,8,{0x08,0xFE,0x08,0x0C,0x18,0xE8,0x18,0x00}},
  {25166,8,{0x48,0xE8,0x48,0x68,0xC8,0x4A,0xCE,0x00}},
  {25171,8,{0x5E,0xE4,0x44,0x64,0xC4,0x44,0xCC,0x00}},
  {25173,8,{0x48,0xE8,0x48,0x68,0xD0,0x54,0xFA,0x00}},
  {25176,8,{0x44,0xD8,0x48,0x7E,0xC8,0x4A,0xCE,0x00}},
  {25179,8,{0x40,0xEE,0x44,0x64,0xC4,0x44,0xDE,0x00}},
  {25182,8,{0x5C,0xC8,0x48,0x7E,0xC8,0x48,0xC8,0x00}},
  {25184,8,{0x5E,0xCA,0x62,0x54,0xC8,0x54,0xE2,0x00}},
  {25187,8,{0x40,0xFE,0x52,0x72,0xD2,0x52,0xDE,0x00}},
  {25192,8,{0x5E,0xEA,0x5A,0x6A,0xCE,0x4A,0xD6,0x00}},
  {25198,8,{0x54,0xD4,0x62,0x5C,0xD4,0x54,0xEC,0x00}},
  {25201,8,{0x7C,0xD4,0x56,0x52,0xDA,0x64,0xDA,0x00}},
  {25206,8,{0x48,0xDC,0x48,0x7E,0xC8,0x54,0xE2,0x00}},
  {25209,8,{0x54,0xD4,0x5E,0x54,0xD4,0x5C,0xF6,0x00}},
  {25212,8,{0x5E,0xD0,0x5E,0x5A,0xDA,0x68,0xCE,0x00}},
  {25214,8,{0x4A,0xE8,0x5E,0x68,0xCA,0x44,0xDA,0x00}},
  {25215,8,{0x38,0x08,0xD2,0x7C,0x54,0xBA,0x10,0x00}},
  {25216,8,{0x48,0xFE,0x48,0x7C,0xD4,0x48,0xF6,0x00}},
  {25218,8,{0x5E,0xE4,0x44,0x6E,0xC4,0x44,0xDE,0x00}},
  {25219,8,{0x48,0xFE,0x48,0x4C,0xCA,0x48,0xC8,0x00}},
  {25220,8,{0x48,0xDC,0x5A,0x68,0xCA,0x44,0xD8,0x00}},
  {25225,8,{0x48,0xDC,0x4C,0x7E,0xC8,0x48,0xF6,0x00}},
  {25226,8,{0x7E,0xEA,0x6A,0x7E,0xE0,0x62,0xDE,0x00}},
  {25233,8,{0x50,0xEE,0x6A,0x6A,0xFA,0x68,0xC8,0x00}},
  {25234,8,{0x7C,0xD4,0x48,0x7E,0xCA,0x48,0xD8,0x00}},
  {25235,8,{0x44,0xF8,0x6C,0x6C,0xEC,0x6C,0xCA,0x00}},
  {25236,8,{0x7E,0xC8,0x48,0x5C,0xEA,0x48,0xC8,0x00}},
  {25237,8,{0x5C,0xD4,0x66,0x5C,0xD4,0x48,0xF6,0x00}},
  {25238,8,{0x44,0xD4,0x44,0x54,0xC6,0x7C,0xC4,0x00}},
  {25239,8,{0x48,0xFE,0x40,0x5C,0xD4,0x54,0xE6,0x00}},
  {25240,8,{0x44,0xD8,0x50,0x5E,0xD4,0x64,0xC4,0x00}},
  {25243,8,{0x54,0xFE,0x56,0x56,0xDA,0x50,0xEE,0x00}},
  {25244,8,{0x50,0xFE,0x50,0x5C,0xD4,0x68,0xD6,0x00}},
  {25246,8,{0x5E,0xD2,0x5E,0x54,0xD4,0x52,0xE2,0x00}},
  {25259,8,{0x48,0xFE,0x6A,0x7C,0xF4,0x68,0xD6,0x00}},
  {25260,8,{0x48,0xC8,0x54,0x7A,0xC0,0x5C,0xDC,0x00}},
  {25265,8,{0x50,0xDE,0x7A,0x4A,0xDA,0x50,0xDE,0x00}},
  {25269,8,{0x42,0xDC,0x54,0x5E,0xD4,0x52,0xDE,0x00}},
  {25273,8,{0x48,0xFE,0x48,0x5C,0xC8,0x5C,0xEA,0x00}},
  {25275,8,{0x48,0xFE,0x6A,0x7E,0xEA,0x7E,0xC8,0x00}},
  {25276,8,{0x7E,0xEA,0x7E,0x6A,0xFE,0x48,0xC8,0x00}},
  {25277,8,{0x48,0xFE,0x6A,0x7E,0xEA,0x6A,0xFE,0x00}},
  {25282,8,{0x54,0xFE,0x5E,0x74,0xFE,0x56,0xE4,0x00}},
  {25285,8,{0x5E,0xF2,0x5E,0x72,0xDE,0x40,0xDE,0x00}},
  {25286,8,{0x44,0xD8,0x50,0x5E,0xDC,0x56,0xE4,0x00}},
  {25287,8,{0x5C,0xD4,0x54,0x7E,0xE4,0x7E,0xCC,0x00}},
  {25288,8,{0x48,0xE8,0x4E,0x68,0xDE,0x52,0xDE,0x00}},
  {25289,8,{0x48,0xFE,0x54,0x54,0xD4,0x58,0xFE,0x00}},
  {25290,8,{0x4A,0xD6,0x72,0x5A,0xD2,0x52,0xD6,0x00}},
  {25292,8,{0x54,0xE2,0x48,0x7E,0xC8,0x7E,0xC8,0x00}},
  {25293,8,{0x48,0xFE,0x52,0x7E,0xD2,0x52,0xDE,0x00}},
  {25295,8,{0x2E,0xFA,0x54,0xEA,0x7C,0xFE,0x30,0x00}},
  {25296,8,{0x5E,0xF2,0x5E,0x60,0xDE,0x4A,0xD6,0x00}},
  {25297,8,{0x54,0xFE,0x54,0x5C,0xD4,0x54,0xDC,0x00}},
  {25298,8,{0x5E,0xF0,0x5E,0x72,0xDE,0x50,0xDE,0x00}},
  {25299,8,{0x5E,0xE8,0x48,0x6E,0xDA,0x4A,0xCE,0x00}},
  {25300,8,{0x4A,0xFE,0x48,0x6A,0xCA,0x54,0xCA,0x00}},
  {25303,8,{0x54,0xD6,0x6E,0x56,0xD6,0x6A,0xFA,0x00}},
  {25304,8,{0x50,0xDE,0x62,0x5A,0xDA,0x42,0xC6,0x00}},
  {25305,8,{0x48,0xEA,0x7E,0x48,0xEA,0x6A,0xFE,0x00}},
  {25307,8,{0x5E,0xEA,0x52,0x66,0xDE,0x52,0xDE,0x00}},
  {25308,8,{0x3E,0xCE,0xE4,0x4E,0xE4,0x5E,0x84,0x00}},
  {25309,8,{0x7E,0xDC,0x48,0x5C,0xC8,0x7E,0xC8,0x00}},
  {25312,8,{0x50,0xDE,0x6A,0x6A,0xDA,0x50,0xEE,0x00}},
  {25313,8,{0x44,0xDE,0x50,0x54,0xD4,0x6A,0xCE,0x00}},
  {25324,8,{0x44,0xD8,0x7E,0x48,0xDC,0x54,0xDC,0x00}},
  {25325,8,{0x4A,0xC8,0x7E,0x44,0xFC,0x54,0xFA,0x00}},
  {25326,8,{0x48,0xFE,0x48,0x5C,0xC0,0x5C,0xDC,0x00}},
  {25327,8,{0x5C,0xC4,0x7A,0x5C,0xEA,0x48,0xFE,0x00}},
  {25329,8,{0x54,0xFE,0x54,0x54,0xFE,0x40,0xE2,0x00}},
  {25331,8,{0x54,0x38,0xFE,0x44,0xBA,0x7C,0x30,0x00}},
  {25333,8,{0x48,0xFE,0x56,0x72,0xD4,0x5E,0xD4,0x00}},
  {25334,8,{0x4A,0xF4,0x4A,0x6E,0xDA,0x44,0xD8,0x00}},
  {25335,8,{0x4A,0xDC,0x48,0x7E,0xD8,0x6E,0xC2,0x00}},
  {25342,8,{0x48,0xD4,0x6E,0x40,0xDC,0x54,0xDC,0x00}},
  {25343,8,{0x10,0x28,0xFE,0x38,0x7C,0xFE,0x30,0x00}},
  {25345,8,{0x48,0xDC,0x48,0x7E,0xC4,0x7E,0xD4,0x00}},
  {25346,8,{0x48,0xDC,0x48,0x7E,0xDC,0x48,0xFE,0x00}},
  {25351,8,{0x52,0xDC,0x52,0x5E,0xC0,0x5E,0xDE,0x00}},
  {25352,8,{0x4E,0xE6,0x66,0xCA,0x7C,0xFE,0x30,0x00}},
  {25353,8,{0x48,0xFE,0x6A,0x7E,0xD4,0x4C,0xF2,0x00}},
  {25356,8,{0x4C,0xD4,0x48,0x54,0xE2,0x5C,0xDC,0x00}},
  {25361,8,{0x54,0xF6,0x54,0x76,0xD4,0x54,0xE6,0x00}},
  {25369,8,{0x54,0xFE,0x44,0xBA,0x7C,0xFE,0x30,0x00}},
  {25375,8,{0x48,0xFE,0x48,0x6A,0xFE,0x48,0xF6,0x00}},
  {25383,8,{0x7E,0xCA,0x5E,0x6A,0xDE,0x6A,0xCA,0x00}},
  {25384,8,{0x48,0xF2,0x5E,0x68,0xDE,0x44,0xDA,0x00}},
  {25387,8,{0x54,0xD4,0x6A,0x48,0xDC,0x48,0xFE,0x00}},
  {25391,8,{0x5E,0xD0,0x56,0x50,0xDE,0x74,0xDA,0x00}},
  {25402,8,{0x72,0xDC,0x64,0x5E,0xF4,0x5E,0xEE,0x00}},
  {25405,8,{0x4C,0xD4,0x7E,0x6A,0xFE,0x54,0xE6,0x00}},
  {25406,8,{0x48,0xFE,0x5C,0x5C,0xEA,0x48,0xF6,0x00}},
  {25407,8,{0x44,0xD8,0x48,0x7E,0xEA,0x7E,0xC8,0x00}},
  {25417,8,{0x5E,0xD2,0x5E,0x44,0xD6,0x54,0xEE,0x00}},
  {25420,8,{0x7A,0xEE,0x7E,0x56,0xDA,0x6A,0xEA,0x00}},
  {25421,8,{0x5C,0xD4,0x5C,0x7E,0xC8,0x7E,0xC8,0x00}},
  {25423,8,{0x5E,0xF2,0x5E,0x64,0xCE,0x44,0xDE,0x00}},
  {25424,8,{0x4C,0xEC,0x40,0x7E,0xD2,0x5E,0xD2,0x00}},
  {25429,8,{0x4A,0xFE,0x48,0x7E,0xEA,0x7E,0xEA,0x00}},
  {25431,8,{0x44,0xD6,0x54,0x7E,0xEA,0x44,0xD8,0x00}},
  {25436,8,{0x48,0xFE,0x6A,0x7E,0xD4,0x48,0xF6,0x00}},
  {25447,8,{0x48,0xDC,0x7E,0x54,0xEA,0x5C,0xC8,0x00}},
  {25448,8,{0x48,0xD4,0x6A,0x5C,0xFE,0x54,0xDC,0x00}},
  {25449,8,{0x7E,0xD2,0x5E,0x54,0xDE,0x64,0xDA,0x00}},
  {25451,8,{0x76,0xF6,0x76,0x62,0xE2,0x62,0xE6,0x00}},
  {25454,8,{0x5E,0xDE,0x54,0x5E,0xD4,0x6A,0xCE,0x00}},
  {25458,8,{0x6A,0xDC,0x7E,0x54,0xEA,0x50,0xDC,0x00}},
  {25462,8,{0x5C,0xC8,0x7E,0x54,0xFE,0x48,0xFE,0x00}},
  {25463,8,{0x44,0xDE,0x46,0x5C,0xC6,0x54,0xEE,0x00}},
  {25466,8,{0x48,0xFE,0x54,0x62,0xDC,0x48,0xEA,0x00}},
  {25467,8,{0x48,0xD4,0x6E,0x5C,0xC4,0x72,0xEE,0x00}},
  {25472,8,{0x54,0xE6,0x7A,0x74,0xF4,0x54,0xDA,0x00}},
  {25475,8,{0x5C,0xC4,0x7E,0x6A,0xDC,0x5C,0xC8,0x00}},
  {25480,8,{0x7E,0xD4,0x7E,0x62,0xDC,0x48,0xF6,0x00}},
  {25481,8,{0x48,0xEE,0x5C,0x74,0xDC,0x7E,0xC8,0x00}},
  {25484,8,{0x54,0xFE,0xAA,0x38,0x7C,0xFE,0x30,0x00}},
  {25486,8,{0x48,0xFE,0x48,0x54,0xFE,0x44,0xD4,0x00}},
  {25487,8,{0x50,0xDE,0x6A,0x5E,0xCA,0x6E,0xFE,0x00}},
  {25490,8,{0x54,0xF6,0x54,0x76,0xD4,0x76,0xD4,0x00}},
  {25494,8,{0x48,0xFE,0x50,0x76,0xDA,0x54,0xDA,0x00}},
  {25496,8,{0x7E,0xE2,0x7E,0x6E,0xE4,0x56,0xDE,0x00}},
  {25499,8,{0x54,0xFC,0x54,0x7E,0xD4,0x7C,0xC4,0x00}},
  {25503,8,{0x44,0xFE,0x6E,0x44,0xD6,0x54,0xEE,0x00}},
  {25504,8,{0x48,0xFE,0x54,0x5C,0xC8,0x6A,0xD8,0x00}},
  {25505,8,{0x46,0xF8,0x6A,0x44,0xFE,0x5C,0xEA,0x00}},
  {25506,8,{0x7E,0xE2,0x54,0x66,0xFE,0x5C,0xEA,0x00}},
  {25507,8,{0x62,0x7A,0xAA,0x72,0x7C,0xFE,0x30,0x00}},
  {25509,8,{0x48,0xFE,0x54,0x7E,0xD4,0x4C,0xF2,0x00}},
  {25511,8,{0x48,0xFE,0x76,0x40,0xDC,0x48,0xFE,0x00}},
  {25512,8,{0x54,0xDE,0x74,0x5E,0xD4,0x54,0xDE,0x00}},
  {25513,8,{0x48,0xFE,0x54,0x6A,0xDC,0x5C,0xC6,0x00}},
  {25514,8,{0x54,0xFE,0x54,0x7E,0xDC,0x54,0xDC,0x00}},
  {25515,8,{0x78,0xDE,0x5A,0x5A,0xDC,0x7A,0xC8,0x00}},
  {25516,8,{0x50,0xDE,0x76,0x4A,0xDE,0x4A,0xD6,0x00}},
  {25522,8,{0x5C,0xD4,0x5C,0x5E,0xF2,0x5A,0xC6,0x00}},
  {25524,8,{0x7E,0xDE,0x4A,0x5E,0xCA,0x5E,0xFE,0x00}},
  {25525,8,{0x48,0xD4,0x6E,0x40,0xF6,0x76,0xC4,0x00}},
  {25531,8,{0x7C,0xD4,0x48,0x7E,0xDC,0x4A,0xFE,0x00}},
  {25534,8,{0x4E,0xD4,0x7E,0x68,0xDA,0x6C,0xDA,0x00}},
  {25536,8,{0x48,0xFE,0x5E,0x5E,0xC8,0x5C,0xEA,0x00}},
  {25539,8,{0x54,0xFE,0x40,0x7A,0xEA,0x7A,0xEA,0x00}},
  {25540,8,{0x78,0xD4,0x6E,0x40,0xDA,0x5C,0xDA,0x00}},
  {25542,8,{0x7A,0xD4,0x62,0x5C,0xFE,0x48,0xF6,0x00}},
  {25545,8,{0x5C,0xFE,0x5A,0x68,0xFE,0x5C,0xEA,0x00}},
  {25551,8,{0x54,0xFE,0x54,0x7E,0xFE,0x6A,0xFE,0x00}},
  {25552,8,{0x4C,0xEC,0x5E,0x44,0xD6,0x54,0xEE,0x00}},
  {25554,8,{0x44,0xD8,0x7E,0x48,0xFE,0x6A,0xFE,0x00}},
  {25558,8,{0x5C,0xD4,0x7E,0x5C,0xD4,0x7E,0xC4,0x00}},
  {25562,8,{0x5C,0xD4,0x7E,0x50,0xDE,0x6A,0xD6,0x00}},
  {25563,8,{0x5C,0xE4,0x5C,0x5C,0xFE,0x48,0xF6,0x00}},
  {25569,8,{0x5E,0xD2,0x5C,0x58,0xDE,0x64,0xDE,0x00}},
  {25571,8,{0x6A,0xFE,0x40,0x7E,0xD0,0x7E,0xEA,0x00}},
  {25577,8,{0x64,0xF6,0x64,0x76,0xC8,0x5C,0xDC,0x00}},
  {25582,8,{0x7E,0xEA,0x7E,0x5C,0xDC,0x7E,0xC8,0x00}},
  {25588,8,{0x46,0xF8,0x6A,0x5E,0xCA,0x54,0xEA,0x00}},
  {25590,8,{0x7E,0xD6,0x5C,0x5E,0xD6,0x7C,0xC4,0x00}},
  {25594,8,{0x46,0xDA,0x48,0x7E,0xC8,0x6A,0xFE,0x00}},
  {25606,8,{0x54,0xFE,0x54,0x7E,0xDC,0x7E,0xD4,0x00}},
  {25613,8,{0x4C,0xEC,0x5E,0x72,0xDE,0x40,0xD2,0x00}},
  {25615,8,{0x4A,0xFE,0x5C,0x54,0xFE,0x54,0xCC,0x00}},
  {25619,8,{0x54,0xFE,0x48,0x7E,0xDE,0x54,0xEE,0x00}},
  {25622,8,{0x4C,0xD4,0x48,0x5E,0xE4,0x56,0xDE,0x00}},
  {25623,8,{0x48,0xFC,0x5C,0x70,0xDE,0x4A,0xDE,0x00}},
  {25628,8,{0x56,0xEA,0x6A,0x7E,0xD4,0x48,0xF6,0x00}},
  {25638,8,{0x5E,0xEA,0x5E,0x74,0xDE,0x4A,0xDE,0x00}},
  {25640,8,{0x5C,0xD4,0x5C,0x7E,0xCA,0x5E,0xEA,0x00}},
  {25644,8,{0x56,0xFA,0x68,0x6E,0xFA,0x6C,0xEA,0x00}},
  {25645,8,{0x54,0xFE,0x48,0x54,0xFE,0x54,0xDC,0x00}},
  {25652,8,{0x10,0xFE,0xAA,0x7C,0xBA,0x7C,0x30,0x00}},
  {25654,8,{0x48,0xD4,0x7A,0x58,0xD0,0x6C,0xCC,0x00}},
  {25658,8,{0x54,0xDE,0x74,0x5E,0xFC,0x56,0xE2,0x00}},
  {25662,8,{0x48,0xFE,0x76,0x50,0xDC,0x6E,0xC8,0x00}},
  {25666,8,{0x7E,0xD4,0x54,0x7E,0xE2,0x54,0xE2,0x00}},
  {25678,8,{0x76,0xD2,0x48,0x54,0xEA,0x44,0xD8,0x00}},
  {25688,8,{0x48,0xFE,0x54,0x7E,0xEA,0x76,0xFE,0x00}},
  {25703,8,{0x6A,0xFE,0x54,0x5E,0xF4,0x54,0xDE,0x00}},
  {25705,8,{0x08,0x7E,0x54,0x7E,0x54,0x7E,0x98,0x00}},
  {25711,8,{0x28,0x7C,0xEC,0x76,0x3C,0xFE,0x30,0x00}},
  {25718,8,{0x48,0xFE,0x5C,0x5A,0xFE,0x54,0xCC,0x00}},
  {25720,8,{0x54,0xFE,0x5C,0x54,0xFE,0x48,0xF6,0x00}},
  {25722,8,{0x76,0xD2,0x76,0x52,0xC8,0x5C,0xDC,0x00}},
  {25731,8,{0x2E,0xFA,0x74,0xEA,0x3C,0xFE,0x30,0x00}},
  {25736,8,{0x6A,0xD4,0x7E,0x6A,0xDC,0x54,0xEC,0x00}},
  {25746,8,{0x54,0xFE,0x5A,0x7A,0xDA,0x5C,0xDA,0x00}},
  {25747,8,{0x48,0xDC,0x7E,0x76,0xFE,0x54,0xE6,0x00}},
  {25749,8,{0x6A,0xFC,0x6C,0x7E,0xFE,0x46,0xEA,0x00}},
  {25754,8,{0x54,0xDE,0x6C,0x54,0xEA,0x40,0xEA,0x00}},
  {25758,8,{0x48,0xFE,0x54,0x7E,0xDC,0x48,0xFE,0x00}},
  {25764,8,{0x54,0xFE,0x56,0x66,0xDE,0x5C,0xDA,0x00}},
  {25765,8,{0x7A,0xD4,0x62,0x5E,0xFA,0x54,0xEA,0x00}},
  {25769,8,{0x48,0xFE,0x54,0x7E,0xD4,0x48,0xEA,0x00}},
  {25771,8,{0x60,0xFE,0x54,0x7E,0xD4,0x7E,0xEA,0x00}},
  {25773,8,{0x7E,0xD4,0x7E,0x5C,0xEA,0x5C,0xDC,0x00}},
  {25774,8,{0x5C,0xD4,0x7E,0x5E,0xDA,0x7C,0xCA,0x00}},
  {25776,8,{0x76,0xD2,0x64,0x76,0xDC,0x40,0xE2,0x00}},
  {25778,8,{0x6A,0xFE,0x54,0x7E,0xDC,0x48,0xF6,0x00}},
  {25785,8,{0x6A,0xDC,0x62,0x5C,0xDC,0x5C,0xE6,0x00}},
  {25787,8,{0x64,0xCE,0x5E,0x6A,0xDE,0x64,0xFE,0x00}},
  {25788,8,{0x44,0xFE,0x74,0x72,0xC0,0x72,0xEE,0x00}},
  {25793,8,{0x48,0xFE,0x56,0x6C,0xF6,0x54,0xE6,0x00}},
  {25794,8,{0x5C,0xFE,0x6A,0x40,0xFE,0x6A,0xFE,0x00}},
  {25797,8,{0x48,0xFE,0x76,0x7E,0xDC,0x54,0xFE,0x00}},
  {25799,8,{0x7E,0xFE,0x48,0x7E,0xD4,0x7E,0xC8,0x00}},
  {25805,8,{0x5C,0xD4,0x7E,0x6A,0xFE,0x5C,0xEA,0x00}},
  {25810,8,{0x48,0xF6,0x5C,0x7E,0xEA,0x6E,0xFA,0x00}},
  {25812,8,{0x4C,0xD4,0x7E,0x76,0xEC,0x7E,0xCC,0x00}},
  {25816,8,{0x64,0x6E,0xCA,0x64,0x7C,0xFE,0x30,0x00}},
  {25818,8,{0x48,0xCE,0x78,0x76,0xEC,0x76,0xEC,0x00}},
  {25824,8,{0x48,0xFE,0x54,0x6A,0xD4,0x5C,0xE4,0x00}},
  {25825,8,{0x48,0xFE,0x5C,0x7E,0xEA,0x5C,0xFE,0x00}},
  {25826,8,{0x76,0xD2,0x76,0x54,0xDE,0x74,0xDE,0x00}},
  {25827,8,{0x48,0xDC,0x7E,0x48,0xFE,0x74,0xCC,0x00}},
  {25830,8,{0x48,0xFE,0x6A,0x54,0xE2,0x5C,0xEA,0x00}},
  {25831,8,{0x2C,0x54,0x5C,0xFE,0x54,0xBA,0x30,0x00}},
  {25836,8,{0x66,0xFA,0x66,0x5C,0xFE,0x54,0xEA,0x00}},
  {25839,8,{0x48,0xFE,0x6A,0x74,0xDC,0x5C,0xE2,0x00}},
  {25841,8,{0x76,0xF6,0x6E,0x76,0xEA,0x7E,0xEE,0x00}},
  {25842,8,{0x56,0xEE,0x44,0x7E,0xFE,0x54,0xEC,0x00}},
  {25844,8,{0x48,0xFE,0x6C,0x7E,0xEC,0x6C,0xD2,0x00}},
  {25846,8,{0x64,0xF6,0x52,0x7E,0xEA,0x7A,0xEA,0x00}},
  {25850,8,{0x7E,0xFE,0x54,0x66,0xF0,0x74,0xF6,0x00}},
  {25853,8,{0x5A,0xEC,0x5A,0x6C,0xFE,0x5C,0xEA,0x00}},
  {25854,8,{0x7E,0xDC,0x5C,0x7E,0xF6,0x48,0xF6,0x00}},
  {25856,8,{0x54,0xEE,0x54,0xFE,0x54,0xBA,0x30,0x00}},
  {25861,8,{0x54,0xFE,0x54,0x6A,0xDC,0x5C,0xE2,0x00}},
  {25880,8,{0x48,0xFE,0x76,0x5C,0xFE,0x74,0xDA,0x00}},
  {25884,8,{0x6A,0xFE,0x5E,0x74,0xDE,0x76,0xEA,0x00}},
  {25885,8,{0x5E,0xCC,0x5E,0x44,0xF6,0x7E,0xD2,0x00}},
  {25891,8,{0x54,0xB8,0x54,0xEE,0x54,0xFE,0x30,0x00}},
  {25892,8,{0x6A,0xFC,0x56,0x7C,0xFE,0x54,0xEE,0x00}},
  {25898,8,{0x56,0xEA,0x7E,0x62,0xDC,0x5C,0xE6,0x00}},
  {25899,8,{0x76,0xF6,0x5C,0x5E,0xD4,0x48,0xF6,0x00}},
  {25900,8,{0x74,0xE6,0x76,0x5C,0xDC,0x5C,0xE6,0x00}},
  {25903,8,{0x10,0xFE,0x10,0x78,0x28,0x10,0xEE,0x00}},
  {25908,8,{0x10,0x1C,0x10,0x78,0x28,0x10,0xEE,0x00}},
  {25909,8,{0x20,0x3C,0x48,0xA8,0x10,0x28,0xC6,0x00}},
  {25910,8,{0x28,0xAE,0xBA,0xAA,0xAA,0xE4,0x3A,0x00}},
  {25911,8,{0xE8,0x4E,0x5A,0x6A,0x2A,0x24,0x7A,0x00}},
  {25912,8,{0x28,0x6E,0xFA,0x6A,0x6A,0x64,0x5A,0x00}},
  {25913,8,{0xE8,0x2E,0xFA,0x8A,0xAA,0xE4,0x1A,0x00}},
  {25915,8,{0x08,0xEE,0x5A,0x4A,0x6A,0xC4,0x1A,0x00}},
  {25918,8,{0x24,0xF6,0x4A,0x7A,0x5A,0x54,0xBA,0x00}},
  {25919,8,{0xF4,0x26,0x2A,0xBA,0xAA,0xB4,0xCA,0x00}},
  {25925,8,{0x48,0xEE,0x5A,0xEA,0xAA,0xE4,0x1A,0x00}},
  {25928,8,{0x24,0xF6,0x5A,0x8A,0x5A,0x24,0xDA,0x00}},
  {25933,8,{0x24,0x56,0xF4,0x2E,0xFA,0x24,0xAA,0x00}},
  {25935,8,{0x84,0xF6,0x6A,0x7A,0xAA,0xF4,0x2A,0x00}},
  {25937,8,{0x24,0xF6,0x2A,0xBA,0x6A,0xB4,0x6A,0x00}},
  {25941,8,{0x24,0xF6,0x7A,0x7A,0x2A,0x74,0xAA,0x00}},
  {25942,8,{0x48,0xEE,0x5A,0xEA,0x4A,0x64,0xBA,0x00}},
  {25943,8,{0xE8,0xAE,0xFA,0xAA,0xEA,0x04,0xAA,0x00}},
  {25944,8,{0x24,0x56,0xFA,0x2A,0xFA,0x24,0xAA,0x00}},
  {25945,8,{0x24,0x76,0x2A,0xFA,0x5A,0xB4,0x2A,0x00}},
  {25949,8,{0x64,0xB6,0x2A,0xFA,0xBA,0xF4,0xBA,0x00}},
  {25950,8,{0x64,0xB6,0x2A,0xFA,0x9A,0xB4,0xBA,0x00}},
  {25954,8,{0x74,0x26,0xFA,0x5A,0x5A,0xF4,0x1A,0x00}},
  {25955,8,{0x54,0xF6,0x5A,0xFA,0x5A,0x74,0x5A,0x00}},
  {25958,8,{0x24,0xF6,0x5A,0x7A,0x3A,0xE4,0x2A,0x00}},
  {25964,8,{0x54,0xF6,0x5A,0x7A,0x9A,0x54,0x3A,0x00}},
  {25968,8,{0xAC,0x76,0xAA,0x4A,0xFA,0x54,0xEA,0x00}},
  {25970,8,{0x24,0xF6,0x54,0x7E,0xFA,0x8C,0xAA,0x00}},
  {25972,8,{0x26,0xFA,0x74,0xAA,0xFE,0x5C,0xFE,0x00}},
  {25973,8,{0x24,0xF6,0x5A,0xFA,0xAA,0xDC,0xFA,0x00}},
  {25975,8,{0x24,0xF6,0x6A,0x6A,0xFA,0x64,0xAA,0x00}},
  {25976,8,{0x24,0x76,0xDA,0x6A,0xFA,0x54,0xEA,0x00}},
  {25986,8,{0x24,0x56,0xFA,0xAA,0xFA,0x54,0xAA,0x00}},
  {25987,8,{0x56,0xAA,0x74,0x5A,0xFE,0x68,0xCE,0x00}},
  {25991,8,{0x10,0xFE,0x28,0x28,0x10,0x28,0xC6,0x00}},
  {25992,8,{0x10,0xFE,0x28,0x10,0x6C,0xFE,0x10,0x00}},
  {25993,8,{0x10,0xFE,0x28,0x10,0xEE,0x38,0x48,0x00}},
  {25996,8,{0x5A,0xE4,0x3E,0xA4,0x54,0x5C,0xBA,0x00}},
  {25998,8,{0x10,0xFE,0x38,0xEE,0x54,0x7C,0x94,0x00}},
  {26000,8,{0x28,0xEE,0x28,0xFE,0x28,0x10,0xEE,0x00}},
  {26001,8,{0xD6,0x7C,0x4C,0xEE,0x54,0xD4,0x2E,0x00}},
  {26007,8,{0x48,0x28,0x48,0x28,0x0E,0xF8,0x08,0x00}},
  {26009,8,{0xA4,0x54,0xE4,0x54,0xC6,0xFC,0x44,0x00}},
  {26011,8,{0x62,0xAA,0x72,0x7A,0x72,0x5E,0xB2,0x00}},
  {26012,8,{0x22,0x5A,0xF2,0x2A,0xF2,0x2E,0xB2,0x00}},
  {26015,8,{0x52,0xFA,0x52,0x5A,0xF2,0xAE,0xF2,0x00}},
  {26017,8,{0xE8,0x54,0xE6,0xB4,0x44,0xFE,0x44,0x00}},
  {26020,8,{0x0C,0x70,0x40,0x7E,0x48,0x48,0x88,0x00}},
  {26021,8,{0x0C,0x70,0x40,0x7E,0x58,0x4C,0x88,0x00}},
  {26023,8,{0x28,0xC6,0x38,0xC6,0x7C,0x48,0x88,0x00}},
  {26027,8,{0xE2,0x4C,0x48,0x8E,0x6A,0x6A,0x12,0x00}},
  {26028,8,{0xE4,0x58,0xF0,0xFE,0x54,0xE4,0x44,0x00}},
  {26029,8,{0xD2,0xAC,0xF8,0xAE,0xDA,0x8A,0xF2,0x00}},
  {26031,8,{0x52,0xFC,0x58,0x7E,0xFA,0x0A,0x92,0x00}},
  {26032,8,{0x22,0xFC,0x58,0x2E,0xFA,0x72,0xAA,0x00}},
  {26039,8,{0xAA,0xD4,0xAC,0xFE,0xAE,0xD6,0xFA,0x00}},
  {26041,8,{0x10,0xFE,0x20,0x3C,0x24,0x44,0x8C,0x00}},
  {26044,8,{0x24,0xFA,0x40,0x74,0x52,0x54,0xB2,0x00}},
  {26045,8,{0x48,0xEE,0x58,0x6E,0xBA,0x28,0x6E,0x00}},
  {26049,8,{0x10,0xFE,0x24,0xFE,0xA2,0x3C,0xC4,0x00}},
  {26051,8,{0x48,0xEE,0x50,0x6E,0xAA,0x3E,0x6A,0x00}},
  {26052,8,{0x48,0xEE,0x56,0x6C,0xA6,0x2C,0x66,0x00}},
  {26053,8,{0x48,0xEE,0x54,0x68,0xBA,0x2C,0x6A,0x00}},
  {26054,8,{0x48,0xEE,0x54,0x7E,0xAE,0x2E,0x64,0x00}},
  {26059,8,{0x48,0xEE,0x50,0x6E,0xA6,0x2C,0x76,0x00}},
  {26060,8,{0x48,0xEE,0x50,0x6C,0xAE,0x34,0x6E,0x00}},
  {26063,8,{0x48,0xEE,0x58,0x6C,0xBE,0x24,0x6A,0x00}},
  {26066,8,{0x48,0xEE,0x54,0x66,0xA0,0x2A,0x6A,0x00}},
  {26071,8,{0x48,0xEE,0x5C,0x6C,0xBE,0x20,0x72,0x00}},
  {26073,8,{0x5E,0xEC,0x5E,0x6C,0x76,0xAC,0xAC,0x00}},
  {26075,8,{0x48,0xEE,0x5E,0x6C,0xB6,0x2C,0x6C,0x00}},
  {26080,8,{0x7C,0x10,0x10,0xFE,0x18,0x2A,0xCE,0x00}},
  {26081,8,{0xFC,0x10,0x90,0xFE,0x18,0x2A,0xCE,0x00}},
  {26082,8,{0xFE,0xAA,0xEA,0xBE,0xE4,0x8C,0xF6,0x00}},
  {26085,8,{0x7E,0x42,0x42,0x7E,0x42,0x42,0x7E,0x00}},
  {26086,8,{0x7C,0x44,0x7C,0x44,0x7C,0x00,0xFE,0x00}},
  {26087,8,{0xBE,0xA2,0xA2,0xBE,0xA2,0xA2,0xBE,0x00}},
  {26088,8,{0x8C,0xF0,0x82,0x7E,0x7C,0x44,0x7C,0x00}},
  {26089,8,{0x7C,0x44,0x7C,0x44,0x7C,0xFE,0x10,0x00}},
  {26092,8,{0x20,0x3E,0x6A,0xBA,0x2A,0x3A,0x06,0x00}},
  {26093,8,{0x4E,0xFA,0x5E,0x5A,0x5E,0x50,0x9E,0x00}},
  {26097,8,{0x7C,0x44,0x7C,0xFE,0x10,0xFE,0x10,0x00}},
  {26106,8,{0x1E,0xE4,0xA4,0xEE,0xA4,0xE4,0x1E,0x00}},
  {26107,8,{0x7C,0x44,0x7C,0xFE,0x28,0x10,0xEE,0x00}},
  {26114,8,{0x7C,0x44,0x7C,0x4E,0x8A,0xEA,0x08,0x00}},
  {26115,8,{0x3C,0x24,0x3C,0x7E,0x48,0x48,0xB6,0x00}},
  {26118,8,{0x7C,0x44,0x7C,0x48,0x6E,0x48,0xEE,0x00}},
  {26119,8,{0x7C,0x44,0x7C,0x28,0xFE,0x28,0x48,0x00}},
  {26122,8,{0x7C,0x44,0xFE,0x10,0x7C,0x10,0xEE,0x00}},
  {26124,8,{0x7C,0x44,0xFE,0x82,0xFE,0x82,0xFE,0x00}},
  {26126,8,{0xEE,0xAA,0xEE,0xAA,0xEE,0x12,0x26,0x00}},
  {26127,8,{0x0C,0x70,0x7C,0x48,0xE6,0x7C,0x7C,0x00}},
  {26131,8,{0x7C,0x44,0x7C,0x20,0x7E,0xAA,0x56,0x00}},
  {26132,8,{0x28,0x7C,0x28,0xFE,0x7C,0x44,0x7C,0x00}},
  {26140,8,{0x7C,0x44,0xFE,0x20,0x7E,0xAA,0x56,0x00}},
  {26143,8,{0x7C,0x44,0x7E,0x50,0xBC,0x10,0xFE,0x00}},
  {26144,8,{0x08,0xFC,0xB4,0xFE,0xA8,0xE8,0x36,0x00}},
  {26149,8,{0x10,0x7C,0x38,0xFE,0x44,0xBA,0x38,0x00}},
  {26151,8,{0x08,0xFC,0xA8,0xFE,0xA8,0xDC,0x2A,0x00}},
  {26152,8,{0x08,0xEE,0xB8,0xEE,0xA8,0xEE,0x08,0x00}},
  {26157,8,{0x1E,0xEA,0xB2,0xE6,0xBE,0xF2,0x1E,0x00}},
  {26159,8,{0x7C,0x44,0xFE,0x10,0x5C,0x50,0xBE,0x00}},
  {26164,8,{0x7C,0x44,0x7C,0xCE,0xAA,0xEA,0x48,0x00}},
  {26165,8,{0x1E,0xF2,0xBE,0xF4,0xB6,0xF4,0x26,0x00}},
  {26166,8,{0x6E,0x0A,0x6E,0xFA,0x6E,0xB0,0x6E,0x00}},
  {26172,8,{0x7C,0x44,0x78,0x44,0xBA,0x28,0xFE,0x00}},
  {26175,8,{0x04,0xFE,0xB0,0xF4,0xB4,0xEA,0x0E,0x00}},
  {26177,8,{0x7C,0x7C,0xAA,0x6C,0xEA,0x28,0xCE,0x00}},
  {26178,8,{0x08,0xFC,0xA8,0xFE,0xA4,0xFE,0x14,0x00}},
  {26179,8,{0x7C,0x7C,0x10,0x54,0xFE,0x28,0xCE,0x00}},
  {26180,8,{0x04,0xF6,0xA4,0xFE,0xAC,0xEC,0x16,0x00}},
  {26185,8,{0xFE,0x48,0x6C,0xFE,0x7C,0x44,0x7C,0x00}},
  {26187,8,{0xFE,0x6C,0x28,0xFE,0x7C,0x44,0x7C,0x00}},
  {26191,8,{0x7C,0x44,0xFE,0x92,0x7C,0x28,0xF6,0x00}},
  {26194,8,{0x3E,0xD4,0xBE,0xF6,0xB6,0xE2,0x3E,0x00}},
  {26205,8,{0x10,0x7C,0x16,0x7C,0xFE,0x44,0xFE,0x00}},
  {26206,8,{0x14,0xE8,0xB4,0xFE,0xA8,0xFE,0x2A,0x00}},
  {26207,8,{0x3C,0x24,0x7E,0x44,0x76,0x54,0xAA,0x00}},
  {26210,8,{0x44,0xD8,0x5E,0xD4,0x7C,0x7C,0x7C,0x00}},
  {26212,8,{0x0E,0xE4,0xBE,0xEA,0xBE,0xEA,0x0E,0x00}},
  {26214,8,{0x10,0xFE,0xAC,0xEE,0xB4,0xFE,0x04,0x00}},
  {26215,8,{0x0C,0xEE,0xB4,0xFE,0xA4,0xEE,0x0E,0x00}},
  {26216,8,{0x3C,0x24,0x7E,0x5C,0x7E,0x68,0xB6,0x00}},
  {26217,8,{0x0C,0xF4,0xBE,0xEA,0xBE,0xD4,0x26,0x00}},
  {26222,8,{0x44,0xFE,0x6C,0x28,0xFE,0x44,0x7C,0x00}},
  {26223,8,{0x7C,0x44,0xFE,0x44,0x7C,0x54,0xB2,0x00}},
  {26224,8,{0x0A,0xFC,0xAC,0xFE,0xBA,0xEA,0x0A,0x00}},
  {26228,8,{0x04,0xEE,0xA4,0xFE,0xAA,0xEE,0x0A,0x00}},
  {26230,8,{0x7C,0x44,0xFE,0xAA,0xEE,0xAA,0xEE,0x00}},
  {26234,8,{0x40,0x7E,0xAA,0x5E,0xFC,0x44,0x7C,0x00}},
  {26241,8,{0x08,0xFC,0xBE,0xF4,0xBE,0xD4,0x26,0x00}},
  {26243,8,{0x7C,0x44,0x7C,0xEE,0x28,0xEE,0x48,0x00}},
  {26244,8,{0x04,0xFE,0xB6,0xE0,0xAC,0xEC,0x1E,0x00}},
  {26247,8,{0x36,0xF2,0xA6,0xFE,0xAA,0xF4,0x2A,0x00}},
  {26248,8,{0x7C,0x44,0xFE,0xBA,0x38,0xFE,0x10,0x00}},
  {26249,8,{0x1E,0xF6,0xBE,0xEC,0xAC,0xFE,0x04,0x00}},
  {26254,8,{0x14,0xFE,0xB4,0xEA,0xBE,0xC8,0x36,0x00}},
  {26257,8,{0x7C,0x44,0x7C,0x38,0xFE,0x34,0xDC,0x00}},
  {26262,8,{0x06,0xF8,0xAA,0xFE,0xAA,0xF4,0x2A,0x00}},
  {26263,8,{0x08,0xFE,0xB4,0xFE,0xA0,0xEC,0x0C,0x00}},
  {26264,8,{0x0E,0xEA,0xBE,0xE8,0xAE,0xF6,0x0A,0x00}},
  {26269,8,{0x1E,0xF2,0xAC,0xEC,0xBE,0xE0,0x12,0x00}},
  {26274,8,{0x4E,0xEA,0xBE,0xE8,0xAE,0xF6,0x4A,0x00}},
  {26278,8,{0x7E,0x54,0x7E,0x54,0x7E,0x62,0xBE,0x00}},
  {26283,8,{0x2E,0xF8,0x6E,0xF4,0x24,0x7C,0x7C,0x00}},
  {26286,8,{0x28,0xFE,0x38,0xFE,0x44,0xBA,0x38,0x00}},
  {26292,8,{0x7C,0x7C,0x28,0xFE,0x54,0x38,0xD6,0x00}},
  {26296,8,{0x08,0xFE,0xB4,0xFE,0xB4,0xC8,0x2A,0x00}},
  {26297,8,{0xBE,0x3E,0x94,0x1E,0xF4,0x5E,0xBE,0x00}},
  {26300,8,{0x56,0xAA,0x74,0x5A,0x7C,0x44,0x7C,0x00}},
  {26302,8,{0x14,0xFE,0xEE,0xF6,0xDE,0xF4,0x1A,0x00}},
  {26305,8,{0x5E,0xEC,0xEC,0xD6,0x7C,0x44,0xFE,0x00}},
  {26308,8,{0x14,0xFE,0xBC,0xFE,0xBC,0xFE,0x08,0x00}},
  {26311,8,{0x7C,0x44,0xFE,0xB6,0x78,0x24,0xFA,0x00}},
  {26313,8,{0x08,0xFC,0xBE,0xF6,0xBE,0xD4,0x26,0x00}},
  {26326,8,{0x3E,0xD4,0xBE,0xF2,0xAC,0xD4,0x2A,0x00}},
  {26329,8,{0x3E,0xEA,0xBE,0xEC,0xBE,0xDA,0x2E,0x00}},
  {26330,8,{0x14,0xFE,0xB4,0xFE,0xBA,0xEC,0x1A,0x00}},
  {26332,8,{0x1E,0xEA,0xBE,0xE4,0xAE,0xFC,0x0E,0x00}},
  {26333,8,{0x1E,0xFE,0xAC,0xFE,0xAA,0xDC,0x2A,0x00}},
  {26336,8,{0x08,0xFE,0xAC,0xFE,0xAC,0xEC,0x32,0x00}},
  {26342,8,{0x14,0xFE,0xA8,0xFE,0xB6,0xEC,0x1A,0x00}},
  {26345,8,{0x7C,0x44,0xFE,0x6C,0xFE,0x68,0xB6,0x00}},
  {26352,8,{0x7E,0x42,0x42,0x7A,0x42,0x42,0x7E,0x00}},
  {26354,8,{0x28,0xFE,0xAA,0xFE,0xAA,0xAA,0xFE,0x00}},
  {26355,8,{0x10,0x7C,0x54,0x7C,0x0A,0x04,0xFA,0x00}},
  {26356,8,{0xFE,0x54,0x7C,0x54,0x7C,0x30,0xCE,0x00}},
  {26357,8,{0x24,0xF8,0xA8,0xF8,0x14,0x08,0xF6,0x00}},
  {26359,8,{0x7C,0x44,0x7C,0x3E,0xD2,0x6A,0x7A,0x00}},
  {26360,8,{0x10,0x7C,0x16,0xFC,0x10,0xFE,0x7C,0x00}},
  {26361,8,{0x28,0xFE,0xFE,0xAA,0xFE,0x44,0x7C,0x00}},
  {26364,8,{0x7C,0x44,0xFE,0xFE,0x28,0x10,0xEE,0x00}},
  {26365,8,{0x44,0xFE,0x92,0xFE,0x7C,0x44,0x7C,0x00}},
  {26366,8,{0x28,0x44,0xFE,0x54,0x7C,0x44,0x7C,0x00}},
  {26367,8,{0x44,0xEE,0x44,0xAA,0x7C,0x44,0x7C,0x00}},
  {26368,8,{0x7C,0x44,0xFE,0x52,0x5A,0xF4,0x1A,0x00}},
  {26371,8,{0x10,0x28,0xFE,0x54,0x7C,0x44,0x7C,0x00}},
  {26376,8,{0x3E,0x22,0x3E,0x22,0x3E,0x42,0x86,0x00}},
  {26377,8,{0x20,0xFE,0x20,0x7C,0xA4,0x3C,0x24,0x00}},
  {26379,8,{0x7E,0x5A,0x7E,0x5A,0x7E,0x5A,0xB6,0x00}},
  {26381,8,{0x7E,0x52,0x70,0x5E,0x7A,0x54,0xBA,0x00}},
  {26383,8,{0xE4,0xB6,0xFE,0xA4,0xF6,0xB6,0xBE,0x00}},
  {26388,8,{0x5E,0xFA,0x2E,0xAA,0xFE,0x4A,0x96,0x00}},
  {26389,8,{0xEA,0xA0,0xEE,0xA4,0xEE,0xA4,0xBA,0x00}},
  {26390,8,{0xE4,0xBE,0xF2,0xBE,0xFA,0xB4,0xBA,0x00}},
  {26391,8,{0x4E,0xEA,0xAE,0xEA,0x8E,0xAA,0xD6,0x00}},
  {26395,8,{0x2E,0xFA,0x4E,0x72,0xFE,0x10,0xFE,0x00}},
  {26397,8,{0xEE,0x4A,0xEE,0xAA,0x4E,0xEA,0x56,0x00}},
  {26398,8,{0x28,0x7C,0x28,0xFE,0x5C,0x9A,0x28,0x00}},
  {26399,8,{0x5E,0xFA,0x5E,0x7A,0xFE,0x0A,0x96,0x00}},
  {26406,8,{0xD4,0xBE,0xF4,0xBE,0xFA,0xAC,0xBA,0x00}},
  {26407,8,{0xD6,0xBC,0xEE,0xBA,0xEE,0xBC,0xAE,0x00}},
  {26408,8,{0x10,0xFE,0x10,0x38,0x54,0x92,0x10,0x00}},
  {26410,8,{0x10,0x7C,0x10,0xFE,0x10,0x38,0xD6,0x00}},
  {26411,8,{0x10,0xFE,0x10,0x7C,0x10,0x38,0xD6,0x00}},
  {26412,8,{0x10,0xFE,0x10,0x38,0x54,0xBA,0x10,0x00}},
  {26413,8,{0x28,0xF8,0x28,0x78,0x68,0xAA,0x2E,0x00}},
  {26414,8,{0x14,0xFE,0x10,0x54,0x54,0x54,0x96,0x00}},
  {26417,8,{0x50,0x7C,0x90,0xFE,0x10,0x38,0xD6,0x00}},
  {26420,8,{0x28,0xF8,0x28,0x7C,0x6A,0xA8,0x28,0x00}},
  {26422,8,{0x78,0x2E,0xC2,0x10,0xFE,0x38,0xD6,0x00}},
  {26423,8,{0x5E,0xEA,0x4A,0xEA,0xCA,0x4A,0x56,0x00}},
  {26424,8,{0x48,0xFE,0x4A,0xEA,0xCA,0x4A,0x56,0x00}},
  {26426,8,{0x5C,0xD4,0x54,0xD4,0xD4,0x54,0x66,0x00}},
  {26429,8,{0x5E,0xE8,0x48,0xEE,0xC2,0x42,0x46,0x00}},
  {26431,8,{0x10,0xFE,0x7C,0x54,0x10,0x38,0xD6,0x00}},
  {26433,8,{0x58,0xC8,0x48,0xC8,0xD4,0x54,0x62,0x00}},
  {26438,8,{0x5C,0xC8,0x48,0xFE,0xC8,0x48,0x48,0x00}},
  {26441,8,{0x22,0xF4,0x22,0x74,0x60,0xA2,0x2C,0x00}},
  {26446,8,{0x10,0xFE,0x3C,0xDA,0x08,0xFE,0x10,0x00}},
  {26447,8,{0x10,0xFE,0x38,0xD6,0x7C,0x44,0x7C,0x00}},
  {26448,8,{0x44,0xFE,0x44,0xC6,0xCC,0x74,0x4C,0x00}},
  {26449,8,{0x24,0xFE,0x24,0x74,0x6C,0xA4,0x2C,0x00}},
  {26451,8,{0x50,0xDE,0x62,0xD2,0xCA,0x42,0x46,0x00}},
  {26454,8,{0x48,0xFE,0x48,0xD8,0xC8,0x54,0x62,0x00}},
  {26457,8,{0x4A,0xE8,0x5E,0xE8,0xC4,0x44,0x42,0x00}},
  {26460,8,{0x44,0xE4,0x5E,0xE4,0xC4,0x44,0x5E,0x00}},
  {26462,8,{0x5E,0xE2,0x42,0xFE,0xD0,0x52,0x5E,0x00}},
  {26463,8,{0x10,0xFE,0x54,0x7C,0x10,0x38,0xD6,0x00}},
  {26464,8,{0x40,0xEE,0x44,0xE4,0xC4,0x44,0x5E,0x00}},
  {26465,8,{0x18,0x68,0x10,0xEE,0x7C,0x38,0xD6,0x00}},
  {26466,8,{0x10,0xFE,0x38,0xD6,0x7C,0x10,0xFE,0x00}},
  {26467,8,{0x48,0xC8,0x6A,0xEA,0xEA,0x6A,0x7E,0x00}},
  {26468,8,{0x5E,0xE8,0x4E,0xEA,0xCA,0x4A,0x56,0x00}},
  {26469,8,{0x10,0xFE,0x54,0x10,0xFE,0x38,0xD6,0x00}},
  {26474,8,{0x48,0xDC,0x5A,0xE8,0xCA,0x44,0x58,0x00}},
  {26477,8,{0x48,0xFE,0x40,0xDC,0xD4,0x54,0x66,0x00}},
  {26479,8,{0x7E,0xC8,0x48,0xDC,0xEA,0x48,0x48,0x00}},
  {26480,8,{0x10,0xFE,0x10,0x38,0xD6,0x00,0xAA,0x00}},
  {26481,8,{0x10,0xFE,0x54,0x7C,0x54,0x38,0xD6,0x00}},
  {26482,8,{0x7C,0x44,0x7C,0xFE,0x10,0x38,0xD6,0x00}},
  {26483,8,{0x10,0xFE,0x38,0xD6,0x7C,0x7C,0x7C,0x00}},
  {26485,8,{0x50,0xDC,0x68,0xC8,0xFE,0x48,0x48,0x00}},
  {26487,8,{0x7E,0xEA,0x6A,0xFE,0xE0,0x62,0x5E,0x00}},
  {26492,8,{0x7C,0xD4,0x48,0xFE,0xCA,0x48,0x58,0x00}},
  {26494,8,{0x54,0xD4,0x62,0xC8,0xC8,0x54,0x7A,0x00}},
  {26495,8,{0x5E,0xD0,0x5E,0xDA,0xDA,0x64,0x5A,0x00}},
  {26501,8,{0x7E,0xD4,0x54,0xFE,0xD4,0x54,0x64,0x00}},
  {26503,8,{0x54,0xD4,0x5E,0xD4,0xD4,0x5C,0x76,0x00}},
  {26505,8,{0x5E,0xE4,0x44,0xEE,0xC4,0x44,0x5E,0x00}},
  {26507,8,{0x44,0xFE,0x48,0xEE,0xCA,0x4A,0x56,0x00}},
  {26508,8,{0x54,0xD4,0x62,0xDC,0xD4,0x54,0x6C,0x00}},
  {26512,8,{0x44,0xD8,0x50,0xDE,0xD4,0x54,0x64,0x00}},
  {26517,8,{0x48,0xFE,0x6A,0xCC,0xCC,0x54,0x66,0x00}},
  {26519,8,{0x24,0xFE,0x24,0x6C,0x76,0xA4,0x24,0x00}},
  {26522,8,{0x50,0xDE,0x74,0xD4,0xD4,0x48,0x76,0x00}},
  {26524,8,{0x7C,0x54,0x7C,0x54,0xFE,0x38,0xD6,0x00}},
  {26525,8,{0x48,0xFE,0x48,0xFC,0xD4,0x48,0x76,0x00}},
  {26528,8,{0x50,0xFC,0x54,0xE6,0xC8,0x7E,0x48,0x00}},
  {26529,8,{0x4C,0xF4,0x54,0xFE,0xD4,0x54,0x64,0x00}},
  {26530,8,{0x5E,0xF0,0x5A,0xF4,0xDA,0x50,0x5E,0x00}},
  {26534,8,{0x5E,0xE0,0x4E,0xEA,0xCE,0x48,0x50,0x00}},
  {26537,8,{0x10,0xFE,0x3C,0xDA,0x24,0xD2,0x3C,0x00}},
  {26543,8,{0x48,0xC8,0x7E,0xC8,0xDC,0x54,0x5C,0x00}},
  {26547,8,{0x7E,0xE2,0x62,0xFE,0xC0,0x54,0x62,0x00}},
  {26548,8,{0x5E,0xF2,0x5E,0xE0,0xDE,0x4A,0x56,0x00}},
  {26550,8,{0x40,0xFE,0x5A,0xBE,0xFE,0x38,0xD6,0x00}},
  {26551,8,{0x50,0xFE,0x5A,0xDA,0xEA,0x4E,0x58,0x00}},
  {26552,8,{0x48,0xEE,0x52,0xEE,0xCE,0x42,0x46,0x00}},
  {26553,8,{0x48,0xEE,0x52,0xEE,0xCE,0x48,0x4E,0x00}},
  {26561,8,{0x44,0xFE,0x52,0xE8,0xCE,0x48,0x4E,0x00}},
  {26564,8,{0x7E,0xC8,0x7E,0xEA,0xF6,0x62,0x66,0x00}},
  {26566,8,{0x48,0xFE,0x54,0xD4,0xD4,0x58,0x7E,0x00}},
  {26570,8,{0x4C,0xD4,0x48,0xF6,0xC8,0x40,0x4C,0x00}},
  {26574,8,{0x4A,0xD6,0x72,0xDA,0xD2,0x52,0x56,0x00}},
  {26575,8,{0x48,0xFE,0x52,0xFE,0xD2,0x52,0x5E,0x00}},
  {26576,8,{0x28,0xFE,0x28,0x38,0xFE,0x38,0xD6,0x00}},
  {26577,8,{0x54,0xFE,0x54,0xDC,0xD4,0x54,0x5C,0x00}},
  {26579,8,{0x90,0x3C,0x94,0x26,0xFE,0x38,0xD6,0x00}},
  {26580,8,{0x38,0xFE,0x52,0xB0,0xFE,0x38,0xD6,0x00}},
  {26584,8,{0x5E,0xE8,0x48,0xEE,0xDA,0x4A,0x4E,0x00}},
  {26586,8,{0x48,0xFE,0x6A,0xFE,0xEA,0x6A,0x7E,0x00}},
  {26589,8,{0x44,0xD8,0x50,0xDE,0xDC,0x56,0x64,0x00}},
  {26590,8,{0x48,0xEE,0x58,0xEE,0xC8,0x4E,0x48,0x00}},
  {26594,8,{0x42,0xDC,0x54,0xDE,0xD4,0x52,0x5E,0x00}},
  {26596,8,{0x5C,0xD4,0x5C,0xD4,0xDC,0x54,0x7E,0x00}},
  {26599,8,{0x42,0xDC,0x54,0xD4,0xD4,0x56,0x6A,0x00}},
  {26601,8,{0x5E,0xF6,0x5A,0xF2,0xD4,0x5A,0x5E,0x00}},
  {26604,8,{0x10,0xFE,0x7C,0x7C,0x7C,0x38,0xD6,0x00}},
  {26606,8,{0x48,0xEA,0x7E,0xC8,0xEA,0x6A,0x7E,0x00}},
  {26607,8,{0x5E,0xE2,0x5E,0xF6,0xDE,0x42,0x46,0x00}},
  {26609,8,{0x50,0xC8,0x7E,0xC8,0xDC,0x48,0x7E,0x00}},
  {26611,8,{0x56,0xE6,0x76,0xF6,0xF6,0x54,0x64,0x00}},
  {26612,8,{0x24,0xB6,0xA4,0xF6,0xFE,0x38,0xD6,0x00}},
  {26613,8,{0x5E,0xDA,0x5A,0xFE,0xDA,0x5A,0x52,0x00}},
  {26619,8,{0x10,0xFE,0x38,0xD6,0x7C,0x44,0xFE,0x00}},
  {26622,8,{0x5E,0xE4,0x44,0xF6,0xD4,0x54,0x5E,0x00}},
  {26623,8,{0x48,0xFE,0x48,0xFE,0xEA,0x6A,0x48,0x00}},
  {26626,8,{0x5C,0xD4,0x54,0xFE,0xE4,0x7E,0x4C,0x00}},
  {26627,8,{0x5E,0xD0,0x5E,0xD4,0xD6,0x6A,0x4A,0x00}},
  {26628,8,{0x54,0xFE,0x92,0x7C,0x10,0x38,0xD6,0x00}},
  {26643,8,{0x48,0xD4,0x7E,0xC8,0xDC,0x48,0x7E,0x00}},
  {26646,8,{0x7E,0xD4,0x7E,0xF6,0xF6,0x62,0x7E,0x00}},
  {26647,8,{0xFE,0x54,0x7C,0x10,0xFE,0x38,0xD6,0x00}},
  {26654,8,{0xEE,0x44,0xEE,0x54,0xFE,0x38,0xD6,0x00}},
  {26657,8,{0x48,0xFE,0x54,0xE2,0xD4,0x48,0x76,0x00}},
  {26658,8,{0x5E,0xE8,0x5E,0xF2,0xDE,0x52,0x5E,0x00}},
  {26665,8,{0x7E,0xCA,0x5E,0xEA,0xDE,0x6A,0x4A,0x00}},
  {26666,8,{0x58,0xDC,0x68,0xFE,0xC8,0x5C,0x6A,0x00}},
  {26667,8,{0x48,0xFE,0x56,0xF2,0xD4,0x5E,0x54,0x00}},
  {26674,8,{0x4A,0xDC,0x48,0xFE,0xD8,0x6E,0x42,0x00}},
  {26676,8,{0x50,0xDE,0x60,0xDC,0xD4,0x7E,0x54,0x00}},
  {26680,8,{0x48,0xFE,0x50,0xEA,0xD4,0x4C,0x72,0x00}},
  {26681,8,{0x5E,0xF2,0x5E,0xF2,0xDE,0x54,0x5A,0x00}},
  {26684,8,{0x4C,0xD4,0x48,0xD4,0xE2,0x5C,0x5C,0x00}},
  {26685,8,{0x28,0x7A,0x28,0xFE,0x26,0x74,0xAA,0x00}},
  {26688,8,{0x74,0xD6,0x2E,0xD4,0x7C,0x38,0xD6,0x00}},
  {26689,8,{0x56,0xE0,0x56,0xF2,0xD2,0x52,0x56,0x00}},
  {26690,8,{0x48,0xDC,0x48,0xFE,0xDC,0x48,0x7E,0x00}},
  {26691,8,{0x54,0xF6,0x54,0xF6,0xD4,0x54,0x66,0x00}},
  {26694,8,{0x7E,0xEE,0x64,0xEE,0xE4,0x6E,0x7E,0x00}},
  {26696,8,{0x10,0xFE,0xAA,0x74,0xFE,0x38,0xD6,0x00}},
  {26701,8,{0x48,0xFE,0x54,0xEA,0xDC,0x42,0x46,0x00}},
  {26702,8,{0x7E,0xD4,0x7A,0xC8,0xDC,0x48,0x7E,0x00}},
  {26704,8,{0x5E,0xF2,0x5E,0xF2,0xDE,0x5E,0x52,0x00}},
  {26705,8,{0x38,0x08,0xE6,0x22,0xDC,0x38,0xD6,0x00}},
  {26707,8,{0x7E,0xDC,0x54,0xDC,0xD4,0x5C,0x7E,0x00}},
  {26708,8,{0x48,0xFE,0x48,0xDC,0xC0,0x5C,0x5C,0x00}},
  {26713,8,{0x48,0xD2,0x7E,0xDC,0xE8,0x7E,0x48,0x00}},
  {26716,8,{0x6A,0xC4,0x48,0xFE,0xD4,0x4C,0x72,0x00}},
  {26717,8,{0x52,0xDE,0x6A,0xDA,0xCE,0x52,0x62,0x00}},
  {26719,8,{0x4A,0xFE,0x48,0xFC,0xCA,0x44,0x5A,0x00}},
  {26723,8,{0x6A,0xC8,0x7E,0xC2,0xDE,0x42,0x7E,0x00}},
  {26727,8,{0x48,0xD4,0x6E,0xC0,0xFE,0x54,0x7A,0x00}},
  {26740,8,{0x5C,0xEA,0x40,0xDC,0xC4,0x7E,0x48,0x00}},
  {26742,8,{0x5E,0xC4,0x7E,0xEA,0xFE,0x6A,0x6A,0x00}},
  {26743,8,{0x4C,0xF4,0x5E,0xDA,0xDE,0x52,0x66,0x00}},
  {26750,8,{0x5E,0xEA,0x5E,0xEA,0xCC,0x5E,0x4E,0x00}},
  {26751,8,{0x5C,0xD4,0x5C,0xFE,0xC8,0x7E,0x48,0x00}},
  {26753,8,{0xBC,0x14,0x96,0x2C,0xFE,0x38,0xD6,0x00}},
  {26755,8,{0x72,0xDC,0x64,0xDE,0xF4,0x5E,0x6E,0x00}},
  {26757,8,{0x50,0xDE,0x4C,0xFE,0xD4,0x5E,0x44,0x00}},
  {26765,8,{0x48,0xDC,0x5C,0xC8,0xFE,0x48,0x4E,0x00}},
  {26767,8,{0x58,0xDC,0x68,0xFE,0xC8,0x5C,0x5C,0x00}},
  {26771,8,{0x48,0xFE,0x54,0xFE,0xC8,0x7E,0x48,0x00}},
  {26772,8,{0x42,0xDC,0x5E,0xDA,0xDE,0x58,0x6E,0x00}},
  {26775,8,{0x7E,0xDC,0x5C,0xC8,0xD8,0x48,0x76,0x00}},
  {26779,8,{0x7E,0xD6,0x7C,0xD6,0xFE,0x54,0x6C,0x00}},
  {26781,8,{0x2C,0x74,0xE8,0x74,0x7E,0x5C,0x6A,0x00}},
  {26783,8,{0x10,0x78,0x7E,0x12,0xFE,0x38,0xD6,0x00}},
  {26784,8,{0x5E,0xF2,0x5E,0xE8,0xDE,0x52,0x5E,0x00}},
  {26786,8,{0x56,0xE4,0x5E,0xF2,0xDE,0x52,0x56,0x00}},
  {26790,8,{0x24,0xFE,0x6C,0xBE,0x64,0x18,0xE0,0x00}},
  {26791,8,{0x5C,0xC8,0x7C,0xD4,0xFE,0x54,0x5C,0x00}},
  {26792,8,{0x6A,0xFA,0x6A,0xB2,0xFE,0x38,0xD6,0x00}},
  {26797,8,{0x52,0xFE,0x54,0xE6,0xDC,0x68,0x56,0x00}},
  {26799,8,{0x54,0xFE,0x4A,0xFE,0xE8,0x5E,0x6A,0x00}},
  {26800,8,{0x44,0xFE,0x54,0xFC,0xD6,0x54,0x4A,0x00}},
  {26801,8,{0x7E,0xEA,0x7E,0xEA,0xFE,0x6A,0x7E,0x00}},
  {26803,8,{0x48,0xFE,0x54,0xFA,0xD8,0x5A,0x6A,0x00}},
  {26805,8,{0x24,0xFE,0x6C,0xBE,0x24,0x54,0x86,0x00}},
  {26806,8,{0x5E,0xDE,0x56,0xDC,0xD6,0x5C,0x66,0x00}},
  {26809,8,{0x44,0xD8,0x5E,0xD4,0xFE,0x40,0x62,0x00}},
  {26810,8,{0x24,0xFE,0x6C,0xB6,0xFE,0x18,0x14,0x00}},
  {26812,8,{0x48,0xDC,0x7E,0xD4,0xFE,0x64,0x54,0x00}},
  {26820,8,{0x10,0xFE,0x28,0x74,0xFE,0x38,0xD6,0x00}},
  {26822,8,{0x48,0xD4,0x6E,0xC0,0xFE,0x7E,0x6A,0x00}},
  {26825,8,{0x48,0xDC,0x54,0xDC,0xFE,0x6A,0x48,0x00}},
  {26826,8,{0x28,0x7C,0x28,0xFE,0x54,0x38,0xD6,0x00}},
  {26827,8,{0x54,0xFE,0x54,0xDC,0xFE,0x40,0x62,0x00}},
  {26829,8,{0x7E,0xE2,0x7E,0xE4,0xF6,0x64,0x76,0x00}},
  {26834,8,{0x48,0xDC,0x7E,0xD4,0xEA,0x5C,0x48,0x00}},
  {26836,8,{0x5E,0xF4,0x5E,0xF4,0xDA,0x5C,0x5C,0x00}},
  {26837,8,{0x48,0xFE,0x6E,0xC0,0xFE,0x48,0x6A,0x00}},
  {26839,8,{0x10,0xFE,0x54,0x38,0xD6,0x38,0xD6,0x00}},
  {26840,8,{0x24,0xFE,0x24,0xFE,0xB6,0x6C,0xB6,0x00}},
  {26842,8,{0x7E,0xEA,0x7E,0xEA,0xFE,0x6A,0x56,0x00}},
  {26847,8,{0x48,0xFE,0x5C,0xDC,0xC8,0x5C,0x6A,0x00}},
  {26848,8,{0x54,0xFE,0xAA,0x38,0xFE,0x38,0xD6,0x00}},
  {26849,8,{0x7E,0xE2,0x76,0xEA,0xF6,0x7E,0x62,0x00}},
  {26851,8,{0x48,0xFC,0x4E,0xFC,0xEA,0x5C,0x6A,0x00}},
  {26855,8,{0x4A,0xFE,0x44,0xEA,0xDE,0x44,0x5A,0x00}},
  {26862,8,{0x10,0x7C,0x38,0x54,0xFE,0x6C,0xB6,0x00}},
  {26863,8,{0x48,0xD4,0x6E,0xDC,0xC4,0x72,0x6E,0x00}},
  {26866,8,{0x48,0xFE,0x4C,0xDC,0xFE,0x54,0x7A,0x00}},
  {26873,8,{0x48,0xCE,0x5C,0xD4,0xDC,0x7E,0x48,0x00}},
  {26874,8,{0x48,0xFE,0x62,0xDC,0xDE,0x52,0x5E,0x00}},
  {26880,8,{0x48,0xFE,0x62,0xDE,0xEA,0x58,0x6E,0x00}},
  {26881,8,{0x48,0xFE,0x54,0xDC,0xC4,0x7E,0x48,0x00}},
  {26884,8,{0x48,0xFE,0x54,0xFE,0xD4,0x4C,0x72,0x00}},
  {26885,8,{0x48,0xFE,0x48,0xD4,0xFE,0x44,0x54,0x00}},
  {26888,8,{0x50,0xDE,0x76,0xCA,0xDE,0x4A,0x56,0x00}},
  {26891,8,{0x48,0xFE,0x54,0xDC,0xC8,0x6A,0x58,0x00}},
  {26892,8,{0x48,0xFE,0x76,0xC0,0xDC,0x48,0x7E,0x00}},
  {26893,8,{0x44,0xDE,0x44,0xD6,0xD6,0x50,0x5E,0x00}},
  {26894,8,{0x54,0xDE,0x74,0xDE,0xD4,0x54,0x5E,0x00}},
  {26895,8,{0x7E,0xD4,0x76,0xE2,0xF6,0x54,0x7E,0x00}},
  {26898,8,{0x56,0xDA,0x52,0xFA,0xD4,0x74,0x5A,0x00}},
  {26905,8,{0x4C,0xEC,0x5E,0xF2,0xDE,0x52,0x5E,0x00}},
  {26906,8,{0x76,0xF6,0x76,0xE2,0xE2,0x62,0x66,0x00}},
  {26907,8,{0x54,0xFE,0x44,0xD4,0xF6,0x54,0x56,0x00}},
  {26908,8,{0x48,0xD4,0x7E,0xEA,0xFE,0x48,0x76,0x00}},
  {26913,8,{0x7A,0xD6,0x66,0xFE,0xD2,0x7A,0x46,0x00}},
  {26914,8,{0x7E,0xDE,0x4A,0xDE,0xCA,0x5E,0x7E,0x00}},
  {26915,8,{0x4A,0xDE,0x5A,0xDE,0xFE,0x40,0x52,0x00}},
  {26917,8,{0x70,0xFE,0x56,0xFE,0xD6,0x56,0x68,0x00}},
  {26918,8,{0x54,0xEA,0x7E,0xD4,0xEA,0x5C,0x64,0x00}},
  {26920,8,{0x48,0xFE,0x60,0xEA,0xF6,0x72,0x56,0x00}},
  {26922,8,{0x54,0xFE,0x54,0xF6,0xF6,0x54,0x7E,0x00}},
  {26928,8,{0x7E,0xD6,0x5C,0xDE,0xD6,0x7C,0x44,0x00}},
  {26932,8,{0x5E,0xEA,0x70,0xEE,0xFA,0x64,0x6A,0x00}},
  {26934,8,{0x76,0xEA,0x76,0xFE,0xD4,0x68,0x56,0x00}},
  {26937,8,{0x54,0xFE,0x54,0xD4,0xFE,0x68,0x7E,0x00}},
  {26941,8,{0x4E,0xD4,0x7E,0xE8,0xDA,0x6C,0x5A,0x00}},
  {26943,8,{0x48,0xFE,0x5C,0xFE,0xD4,0x6E,0x4C,0x00}},
  {26954,8,{0x5C,0xD4,0x7E,0xD0,0xDE,0x6A,0x56,0x00}},
  {26963,8,{0x7E,0xEA,0x7E,0xFE,0xEA,0x6E,0x5A,0x00}},
  {26964,8,{0x56,0xFE,0x7A,0xD0,0xFE,0x48,0x76,0x00}},
  {26965,8,{0x50,0xFE,0x54,0xEE,0xDC,0x5C,0x54,0x00}},
  {26969,8,{0x7C,0xCE,0x54,0xFE,0xDE,0x74,0x54,0x00}},
  {26970,8,{0x24,0xFE,0x6C,0xB6,0xFC,0x58,0xBE,0x00}},
  {26972,8,{0x56,0xFE,0x56,0xFE,0xEE,0x7E,0x4A,0x00}},
  {26973,8,{0x48,0xFE,0x5E,0xDE,0xC8,0x5C,0x6A,0x00}},
  {26974,8,{0x5E,0xDE,0x44,0xDE,0xC8,0x4E,0x52,0x00}},
  {26976,8,{0x48,0xFE,0x48,0xF6,0xEA,0x7E,0x6A,0x00}},
  {26977,8,{0x78,0xD4,0x6E,0xC0,0xDA,0x5C,0x5A,0x00}},
  {26978,8,{0x54,0xFE,0x54,0xFE,0xF6,0x62,0x7E,0x00}},
  {26986,8,{0x6A,0xFE,0x6E,0xE0,0xFE,0x5C,0x6A,0x00}},
  {26987,8,{0x5C,0xD4,0x7E,0xDC,0xD4,0x7E,0x44,0x00}},
  {26989,8,{0xAA,0xFE,0x28,0x7C,0xFE,0x38,0xD6,0x00}},
  {26990,8,{0x4A,0xDC,0x48,0xFE,0xD4,0x6E,0x4E,0x00}},
  {26991,8,{0x42,0xDC,0x5E,0xD4,0xDE,0x6E,0x4E,0x00}},
  {26995,8,{0x54,0xFE,0x54,0xDC,0xFE,0x5C,0x6A,0x00}},
  {26996,8,{0x48,0xFE,0x54,0xFE,0xEA,0x5C,0x54,0x00}},
  {26997,8,{0x5E,0xE8,0x4C,0xF6,0xD6,0x44,0x5E,0x00}},
  {26999,8,{0x64,0xF6,0x64,0xF6,0xC8,0x5C,0x5C,0x00}},
  {27000,8,{0x74,0xD4,0x7E,0xDC,0xF4,0x74,0x5A,0x00}},
  {27001,8,{0x7C,0xD6,0x5A,0xE6,0xDC,0x5C,0x7E,0x00}},
  {27004,8,{0x6A,0xDC,0x6A,0xD0,0xFE,0x54,0x7A,0x00}},
  {27005,8,{0x92,0x6C,0xBA,0x10,0xFE,0x38,0xD6,0x00}},
  {27006,8,{0x48,0xDC,0x54,0xDC,0xFA,0x5C,0x6A,0x00}},
  {27009,8,{0x48,0xFE,0x6A,0xD4,0xFA,0x48,0x7E,0x00}},
  {27010,8,{0x4E,0xF6,0x76,0xFE,0xE4,0x74,0x4A,0x00}},
  {27018,8,{0x54,0xFE,0x5A,0xEE,0xDA,0x5E,0x54,0x00}},
  {27022,8,{0x7E,0xDC,0x5C,0xDC,0xF4,0x48,0x76,0x00}},
  {27025,8,{0x4A,0xFE,0x5C,0xD4,0xFE,0x54,0x4C,0x00}},
  {27028,8,{0x56,0xFE,0x6C,0xFE,0xE6,0x6C,0x74,0x00}},
  {27029,8,{0x48,0xFE,0x76,0xC8,0xD4,0x6E,0x4C,0x00}},
  {27035,8,{0x48,0xFE,0x48,0xD4,0xEA,0x5C,0x6A,0x00}},
  {27036,8,{0x48,0xFE,0x54,0xFE,0xEA,0x4C,0x54,0x00}},
  {27040,8,{0x7E,0xE2,0x5C,0xD4,0xFE,0x40,0x62,0x00}},
  {27047,8,{0x7E,0xD4,0x76,0xD4,0xF6,0x54,0x7E,0x00}},
  {27054,8,{0xAA,0x44,0xFE,0x92,0x7C,0x38,0xD6,0x00}},
  {27057,8,{0x48,0xFE,0x5C,0xF6,0xDC,0x74,0x5A,0x00}},
  {27058,8,{0x5E,0xF6,0x5A,0xDE,0xC0,0x4C,0x5E,0x00}},
  {27060,8,{0x4E,0xF6,0x66,0xFA,0xDC,0x5C,0x5C,0x00}},
  {27067,8,{0x5C,0xD4,0x5C,0xFE,0xCA,0x5E,0x6A,0x00}},
  {27070,8,{0x5C,0xD4,0x7E,0xE2,0xDC,0x5C,0x54,0x00}},
  {27071,8,{0x6A,0xFE,0x40,0xFE,0xE2,0x5C,0x7E,0x00}},
  {27073,8,{0x48,0xFE,0x54,0xDC,0xFE,0x62,0x6A,0x00}},
  {27075,8,{0x6E,0x6A,0xF4,0xAA,0xFE,0x38,0xD6,0x00}},
  {27079,8,{0x50,0xDE,0x4C,0xEC,0xFE,0x40,0x62,0x00}},
  {27082,8,{0xAE,0xEA,0xEE,0x52,0xFE,0x38,0xD6,0x00}},
  {27083,8,{0x54,0xFE,0x54,0xFE,0xDC,0x7E,0x54,0x00}},
  {27084,8,{0x52,0xE6,0x46,0xF4,0xD6,0x56,0x6E,0x00}},
  {27085,8,{0x48,0xD4,0x7A,0xD8,0xD0,0x6C,0x4C,0x00}},
  {27086,8,{0x54,0xFE,0x48,0xFE,0xDE,0x54,0x6E,0x00}},
  {27088,8,{0x48,0xFE,0x6A,0xFE,0xEA,0x5C,0x6E,0x00}},
  {27091,8,{0x5C,0xC8,0x7E,0xDC,0xD4,0x5C,0x62,0x00}},
  {27096,8,{0x54,0xFE,0x5C,0xFE,0xEA,0x5C,0x6A,0x00}},
  {27097,8,{0x48,0xFE,0x5C,0xDC,0xFE,0x40,0x62,0x00}},
  {27101,8,{0x48,0xFC,0x5C,0xF0,0xDE,0x4A,0x5E,0x00}},
  {27102,8,{0x48,0xFE,0x54,0xFE,0xDC,0x5C,0x46,0x00}},
  {27111,8,{0x2E,0xF8,0x6E,0xF4,0xFE,0x38,0xD6,0x00}},
  {27112,8,{0x56,0xFE,0x6C,0xFE,0xD6,0x7C,0x54,0x00}},
  {27115,8,{0x48,0xFE,0x5C,0xDA,0xFE,0x54,0x4C,0x00}},
  {27117,8,{0x44,0xFE,0x54,0xDC,0xD6,0x7C,0x52,0x00}},
  {27122,8,{0x5A,0xEE,0x5A,0xDE,0xDA,0x5E,0x6A,0x00}},
  {27129,8,{0x48,0xDC,0x5C,0xF6,0xC8,0x7E,0x48,0x00}},
  {27131,8,{0x56,0xFE,0x56,0xFE,0xD6,0x54,0x6A,0x00}},
  {27133,8,{0x54,0xFE,0x54,0xFE,0xFE,0x54,0x5C,0x00}},
  {27135,8,{0x54,0xFE,0x54,0xFE,0xFE,0x48,0x7E,0x00}},
  {27138,8,{0x52,0xBC,0x6A,0xBC,0xFE,0x38,0xD6,0x00}},
  {27141,8,{0x54,0xEA,0x50,0xF4,0xD6,0x5C,0x56,0x00}},
  {27146,8,{0x54,0xEE,0x54,0xEE,0x7C,0x10,0xEE,0x00}},
  {27147,8,{0x6C,0xC4,0x4E,0xFE,0xDA,0x50,0x6E,0x00}},
  {27148,8,{0x5C,0xF6,0x5C,0xDC,0xDC,0x5C,0x62,0x00}},
  {27154,8,{0x48,0xFE,0x6A,0xD4,0xEC,0x5A,0x5E,0x00}},
  {27155,8,{0x48,0xDC,0x76,0xDC,0xFE,0x54,0x7A,0x00}},
  {27156,8,{0x54,0xE8,0x5C,0xDC,0xFE,0x5C,0x6A,0x00}},
  {27159,8,{0x5C,0xFE,0x6A,0xDC,0xDE,0x42,0x46,0x00}},
  {27161,8,{0x7E,0xDC,0x5C,0xC0,0xFE,0x48,0x6A,0x00}},
  {27163,8,{0x76,0xD2,0x48,0xD4,0xEA,0x44,0x58,0x00}},
  {27166,8,{0x7E,0xEC,0x6C,0xE0,0xF6,0x76,0x7E,0x00}},
  {27167,8,{0x48,0xFE,0x54,0xFE,0xDC,0x7E,0x48,0x00}},
  {27169,8,{0x54,0xFE,0x5C,0xD4,0xFE,0x48,0x76,0x00}},
  {27170,8,{0x48,0xFC,0x5C,0xF0,0xDE,0x42,0x56,0x00}},
  {27171,8,{0x54,0xFE,0x5C,0xC8,0xFA,0x5C,0x6A,0x00}},
  {27177,8,{0x48,0xEE,0x54,0xEE,0xDC,0x4C,0x4E,0x00}},
  {27178,8,{0x54,0xFE,0x54,0xFE,0xDC,0x5C,0x62,0x00}},
  {27179,8,{0x7E,0xFA,0x74,0xCA,0xDC,0x48,0x7E,0x00}},
  {27182,8,{0x7E,0xDC,0x5C,0xC0,0xEA,0x48,0x76,0x00}},
  {27189,8,{0x54,0xDE,0x74,0xD4,0xDE,0x40,0x6A,0x00}},
  {27190,8,{0x5C,0xD4,0x7E,0xDE,0xDA,0x7C,0x4A,0x00}},
  {27192,8,{0x6A,0xFE,0x54,0xFE,0xDC,0x48,0x76,0x00}},
  {27193,8,{0x52,0xFE,0x52,0xFA,0xEE,0x52,0x7A,0x00}},
  {27194,8,{0x54,0xFE,0x5C,0xFE,0xDC,0x7E,0x48,0x00}},
  {27197,8,{0x54,0xFE,0x76,0xE2,0xFE,0x54,0x4C,0x00}},
  {27204,8,{0x7C,0xD6,0x7E,0xEE,0xEE,0x7C,0x4A,0x00}},
  {27207,8,{0x4C,0xF8,0x4E,0xC0,0xF6,0x64,0x76,0x00}},
  {27208,8,{0x48,0xDC,0x7E,0xF6,0xFE,0x54,0x66,0x00}},
  {27211,8,{0x5C,0xFE,0x54,0xEA,0xFE,0x62,0x6A,0x00}},
  {27224,8,{0x5C,0xFE,0x5A,0xE8,0xFE,0x76,0x6A,0x00}},
  {27225,8,{0x7A,0xD4,0x62,0xDC,0xD4,0x48,0x7E,0x00}},
  {27231,8,{0x52,0xE4,0x52,0xFC,0xD6,0x54,0x6A,0x00}},
  {27233,8,{0x4C,0xF4,0x5C,0xDC,0xDA,0x6C,0x5A,0x00}},
  {27234,8,{0x74,0xDE,0x68,0xDE,0xDE,0x6E,0x4A,0x00}},
  {27238,8,{0x48,0xFE,0x54,0xFE,0xDC,0x48,0x7E,0x00}},
  {27250,8,{0x48,0xFE,0x5C,0xD4,0xFE,0x54,0x5C,0x00}},
  {27256,8,{0x5C,0xD4,0x5C,0xF6,0xF6,0x76,0x76,0x00}},
  {27263,8,{0x5E,0xEC,0x4C,0xDE,0xCC,0x4C,0x5E,0x00}},
  {27264,8,{0x48,0xFE,0x76,0xFE,0xDC,0x54,0x7E,0x00}},
  {27268,8,{0x54,0xF6,0x7A,0xFA,0xDA,0x6C,0x5A,0x00}},
  {27277,8,{0x48,0xFE,0x54,0xFE,0xDC,0x72,0x6E,0x00}},
  {27278,8,{0x48,0xF6,0x5C,0xFE,0xEA,0x6E,0x7A,0x00}},
  {27280,8,{0x4C,0xD4,0x7E,0xF6,0xEC,0x7E,0x4C,0x00}},
  {27287,8,{0x64,0x6E,0xCA,0x64,0xFE,0x38,0xD6,0x00}},
  {27292,8,{0x48,0xD4,0x7E,0xEA,0xFE,0x54,0x5C,0x00}},
  {27296,8,{0x56,0xFA,0x74,0x9A,0xFE,0x38,0xD6,0x00}},
  {27298,8,{0x48,0xD4,0x7E,0xEA,0xFE,0x54,0x6A,0x00}},
  {27299,8,{0x48,0xFE,0x54,0xEA,0xFE,0x76,0x7E,0x00}},
  {27306,8,{0x6A,0xD4,0x76,0xC8,0xFE,0x5C,0x6A,0x00}},
  {27308,8,{0x54,0xFE,0x54,0xFE,0xDA,0x6C,0x5A,0x00}},
  {27310,8,{0x48,0xDC,0x7E,0xC8,0xFE,0x74,0x4C,0x00}},
  {27315,8,{0x48,0xFE,0x6A,0xF4,0xDC,0x5C,0x62,0x00}},
  {27320,8,{0x48,0xFE,0x7A,0xDC,0xFE,0x48,0x58,0x00}},
  {27323,8,{0x74,0xE6,0x60,0xF6,0xC0,0x5C,0x7E,0x00}},
  {27329,8,{0x48,0xFE,0x6A,0xD4,0xFC,0x4A,0x7E,0x00}},
  {27330,8,{0x76,0xD2,0x40,0xD4,0xDE,0x74,0x5E,0x00}},
  {27331,8,{0x7E,0xEC,0x7E,0xEC,0xEC,0x72,0x7E,0x00}},
  {27345,8,{0x5C,0xDC,0x5C,0xC0,0xF6,0x76,0x76,0x00}},
  {27347,8,{0x4C,0xF4,0x5C,0xDC,0xEA,0x5C,0x5C,0x00}},
  {27354,8,{0x76,0xF6,0x6E,0xEA,0xFE,0x72,0x7E,0x00}},
  {27355,8,{0x64,0xF6,0x52,0xF6,0xF6,0x64,0x74,0x00}},
  {27358,8,{0x52,0xE6,0x5E,0xEC,0xD6,0x7A,0x56,0x00}},
  {27359,8,{0x5A,0xEC,0x5A,0xEC,0xFE,0x5C,0x6A,0x00}},
  {27368,8,{0x44,0xE6,0x5C,0xD6,0xD0,0x6C,0x5E,0x00}},
  {27370,8,{0x7E,0xF4,0x7E,0xF4,0xE0,0x54,0x7E,0x00}},
  {27386,8,{0x5C,0xFE,0x6A,0xC8,0xC0,0x6A,0x6A,0x00}},
  {27387,8,{0x76,0xF6,0x6A,0xD0,0xFE,0x54,0x7A,0x00}},
  {27396,8,{0x76,0xF6,0x6A,0xFE,0xEA,0x7E,0x6A,0x00}},
  {27397,8,{0x56,0xEA,0x6E,0xFE,0xDC,0x7E,0x58,0x00}},
  {27402,8,{0x54,0xFE,0x76,0xD4,0xDE,0x74,0x5E,0x00}},
  {27410,8,{0x54,0xB8,0x54,0xEE,0x7C,0x38,0xD6,0x00}},
  {27414,8,{0x74,0xE6,0x76,0xDC,0xDC,0x5C,0x66,0x00}},
  {27421,8,{0x54,0xEE,0x54,0xFE,0x76,0x62,0xF6,0x00}},
  {27423,8,{0x6E,0xFE,0x6E,0xD6,0xFE,0x74,0x7A,0x00}},
  {27424,8,{0x40,0x7E,0x52,0x90,0x10,0x28,0xC6,0x00}},
  {27425,8,{0x90,0x1E,0x2A,0x08,0x88,0x94,0xA2,0x00}},
  {27427,8,{0x14,0x66,0x4A,0x74,0x54,0x54,0x9A,0x00}},
  {27431,8,{0xE8,0x8E,0xD6,0xA4,0xD4,0x84,0xEA,0x00}},
  {27442,8,{0x54,0x86,0x2A,0x54,0x84,0x74,0x7A,0x00}},
  {27447,8,{0x54,0x26,0x5A,0xF4,0x24,0x7C,0xAA,0x00}},
  {27448,8,{0x44,0x96,0xFA,0x44,0xF4,0x24,0xDA,0x00}},
  {27449,8,{0x24,0xF6,0x2A,0x54,0xF4,0x14,0x5A,0x00}},
  {27450,8,{0x54,0xFE,0x52,0x74,0xFC,0x04,0x9A,0x00}},
  {27453,8,{0x48,0xAE,0xF6,0x44,0xE4,0x64,0xDA,0x00}},
  {27454,8,{0x48,0xEE,0x56,0xE4,0x04,0xE4,0x5A,0x00}},
  {27459,8,{0x14,0x66,0xFA,0x24,0xF4,0xB4,0xFA,0x00}},
  {27463,8,{0x74,0x56,0x7A,0x74,0x94,0xD4,0x3A,0x00}},
  {27465,8,{0x54,0xF6,0x7A,0x34,0xF4,0x74,0xAA,0x00}},
  {27468,8,{0xE8,0x2E,0xB6,0xE4,0x24,0xA4,0x7A,0x00}},
  {27470,8,{0x54,0xF6,0x5A,0xF4,0xF4,0x24,0xDA,0x00}},
  {27472,8,{0xF4,0xB6,0xBA,0x84,0xDC,0xDC,0xFA,0x00}},
  {27475,8,{0x44,0x76,0xAA,0x74,0xE4,0x64,0x7A,0x00}},
  {27476,8,{0x24,0x36,0xEA,0xB4,0xA4,0xB4,0xEA,0x00}},
  {27481,8,{0x24,0x56,0xAA,0xF4,0x54,0xF4,0x5A,0x00}},
  {27483,8,{0x24,0x56,0xFA,0xAC,0xFC,0x54,0xAA,0x00}},
  {27487,8,{0x54,0xB6,0xBA,0xB4,0xF4,0x04,0x9A,0x00}},
  {27489,8,{0x54,0xF6,0xDA,0x64,0x74,0xE4,0x7A,0x00}},
  {27490,8,{0x10,0x10,0x5C,0x50,0x50,0x50,0xFE,0x00}},
  {27491,8,{0xFE,0x10,0x10,0x5C,0x50,0x50,0xFE,0x00}},
  {27492,8,{0x28,0x28,0xBA,0xAC,0xA8,0xBA,0xCE,0x00}},
  {27494,8,{0x6A,0x08,0xFE,0x14,0x5C,0x52,0xFA,0x00}},
  {27497,8,{0x10,0x5C,0x50,0xFE,0x54,0x9A,0x70,0x00}},
  {27498,8,{0xFE,0x34,0xD2,0x7C,0x1C,0x50,0xFE,0x00}},
  {27503,8,{0x10,0x5E,0xFC,0x76,0x5A,0x76,0x7E,0x00}},
  {27507,8,{0x10,0x5C,0x50,0xFE,0x46,0x74,0xAA,0x00}},
  {27508,8,{0x7E,0x54,0x7E,0x54,0x46,0x54,0xBE,0x00}},
  {27512,8,{0x4C,0xC6,0xAC,0xFE,0x76,0xCE,0xEA,0x00}},
  {27513,8,{0xFE,0x10,0x1C,0x64,0x18,0x10,0x60,0x00}},
  {27515,8,{0xFE,0x48,0x6A,0xAC,0x68,0x4A,0x8E,0x00}},
  {27519,8,{0xEE,0x4A,0x74,0xAE,0x6A,0x44,0x9A,0x00}},
  {27520,8,{0xE2,0x4C,0x64,0xBE,0x64,0x44,0x9A,0x00}},
  {27523,8,{0xE4,0x4E,0x6A,0xBE,0x64,0x44,0x9A,0x00}},
  {27524,8,{0xE8,0x54,0x6A,0xA4,0x6A,0x44,0x98,0x00}},
  {27526,8,{0xE4,0x44,0x6A,0xBE,0x60,0x4E,0x8E,0x00}},
  {27529,8,{0xE8,0x4E,0x76,0xBE,0x76,0x5E,0x82,0x00}},
  {27530,8,{0xF8,0x5C,0x68,0xBE,0x68,0x5C,0xAA,0x00}},
  {27531,8,{0xEA,0x5E,0x68,0xBC,0x6A,0x44,0x9A,0x00}},
  {27533,8,{0xEC,0x5A,0x60,0xAC,0x64,0x5E,0x88,0x00}},
  {27541,8,{0xE4,0x5E,0x6A,0xBE,0x60,0x4E,0x8E,0x00}},
  {27542,8,{0xE4,0x5E,0x64,0xB6,0x76,0x50,0x9E,0x00}},
  {27544,8,{0xEA,0x5E,0x64,0xAA,0x7E,0x44,0x9A,0x00}},
  {27550,8,{0xEC,0x4C,0x7E,0xB2,0x7E,0x40,0x92,0x00}},
  {27556,8,{0xF0,0x5E,0x6C,0xAC,0x6E,0x56,0x8A,0x00}},
  {27562,8,{0xE4,0x5E,0x64,0xBE,0x72,0x4C,0x9E,0x00}},
  {27563,8,{0xFA,0x5A,0x6C,0xAC,0x6C,0x5E,0x84,0x00}},
  {27567,8,{0xE8,0x7E,0x6A,0xB4,0x7C,0x5C,0xA2,0x00}},
  {27569,8,{0xF6,0x54,0x7E,0xB4,0x7E,0x54,0xBA,0x00}},
  {27570,8,{0xEE,0x54,0x7E,0xB4,0x7E,0x54,0xBA,0x00}},
  {27571,8,{0x38,0x2A,0xCE,0x78,0x28,0x10,0xEE,0x00}},
  {27572,8,{0xEE,0x8A,0xD0,0xAE,0xDA,0x84,0xEA,0x00}},
  {27573,8,{0x2E,0x4A,0x60,0x4E,0x6A,0xC4,0x5A,0x00}},
  {27575,8,{0x2E,0xCA,0xE0,0xEE,0x8A,0xE4,0xAA,0x00}},
  {27578,8,{0x5E,0x2A,0xD0,0x2E,0xFA,0x74,0xAA,0x00}},
  {27579,8,{0x4E,0xEA,0x40,0xFE,0x9A,0x64,0xBA,0x00}},
  {27580,8,{0x4E,0xFA,0x60,0x9E,0xFA,0x64,0xBA,0x00}},
  {27583,8,{0x7E,0x4A,0x70,0x6E,0x7A,0x44,0xAA,0x00}},
  {27584,8,{0x4E,0xBA,0x90,0xFE,0x6A,0x34,0xCA,0x00}},
  {27589,8,{0x2E,0xFA,0x50,0xFE,0x6A,0xB4,0x6A,0x00}},
  {27590,8,{0xFE,0xBA,0xB0,0x8E,0xDA,0xD4,0xFA,0x00}},
  {27595,8,{0x3C,0x34,0x34,0xFE,0x54,0x7E,0x0C,0x00}},
  {27597,8,{0x3C,0x34,0x24,0xFE,0x54,0x7E,0x0C,0x00}},
  {27598,8,{0x40,0x7E,0xB4,0xFE,0x54,0x7E,0x0C,0x00}},
  {27602,8,{0x10,0x7C,0x10,0xFE,0x54,0xFE,0x7C,0x00}},
  {27603,8,{0x84,0xFE,0x68,0x6E,0xB0,0xEA,0x2A,0x00}},
  {27604,8,{0x48,0x48,0x7A,0x4C,0x48,0x7A,0xCE,0x00}},
  {27608,8,{0x7C,0x54,0x7C,0x48,0x6E,0x48,0xEE,0x00}},
  {27611,8,{0x0C,0x70,0x1E,0xF0,0x1E,0xF0,0x1E,0x00}},
  {27615,8,{0x10,0x54,0x9A,0x70,0x1C,0xF2,0x1E,0x00}},
  {27627,8,{0x10,0xFE,0x44,0xFE,0xBA,0x7C,0x1E,0x00}},
  {27628,8,{0x24,0xDE,0x64,0xD6,0x6C,0xD6,0x7E,0x00}},
  {27631,8,{0x24,0xD6,0x64,0xDA,0x64,0xDA,0x7E,0x00}},
  {27635,8,{0x38,0x1E,0xF0,0x1C,0x66,0xCC,0x66,0x00}},
  {27656,8,{0x22,0xFC,0xD6,0xFC,0x66,0x74,0xE6,0x00}},
  {27663,8,{0x0C,0x70,0x50,0x7E,0x48,0x44,0xE2,0x00}},
  {27665,8,{0x7C,0x44,0x7C,0x50,0x7E,0x48,0xE6,0x00}},
  {27667,8,{0x5E,0xF2,0x9E,0x94,0x9E,0x74,0x1A,0x00}},
  {27668,8,{0x40,0x7E,0xB8,0x7C,0x04,0x04,0x02,0x00}},
  {27671,8,{0x40,0x7E,0xB8,0x7C,0x54,0x24,0xD2,0x00}},
  {27675,8,{0x40,0x7E,0xB8,0x7C,0x8C,0x34,0x52,0x00}},
  {27683,8,{0x40,0x7E,0xB8,0x7C,0xAC,0x74,0xAA,0x00}},
  {27684,8,{0x40,0x7E,0xB8,0xFC,0x5C,0x6C,0x7A,0x00}},
  {27700,8,{0x10,0x12,0xF4,0x38,0x54,0x92,0x30,0x00}},
  {27703,8,{0x50,0x12,0xF4,0x38,0x54,0x92,0x30,0x00}},
  {27704,8,{0x30,0x00,0x32,0xD4,0x58,0x94,0x32,0x00}},
  {27710,8,{0xBC,0x24,0xA4,0x2C,0xA0,0xA2,0x9E,0x00}},
  {27712,8,{0xBE,0x08,0x88,0x08,0x88,0x88,0x98,0x00}},
  {27713,8,{0x88,0x08,0xBE,0x08,0x88,0x88,0x88,0x00}},
  {27714,8,{0x14,0xFE,0x10,0x54,0x38,0xD4,0x32,0x00}},
  {27726,8,{0xBC,0x24,0xB4,0x2C,0xA4,0xA4,0xC6,0x00}},
  {27728,8,{0x88,0x0E,0x92,0x2A,0x84,0x88,0xB0,0x00}},
  {27733,8,{0x88,0x08,0xAA,0x2A,0xAA,0xAA,0xBE,0x00}},
  {27735,8,{0x9C,0x08,0x88,0x3E,0x88,0x88,0x88,0x00}},
  {27738,8,{0xBE,0x10,0xBE,0x10,0x9E,0x82,0x86,0x00}},
  {27741,8,{0x88,0x08,0xBE,0x14,0x98,0x8C,0xB2,0x00}},
  {27742,8,{0x7C,0x10,0xFE,0x10,0xDA,0x54,0xB2,0x00}},
  {27743,8,{0x80,0x3E,0x88,0x08,0x88,0x88,0xBE,0x00}},
  {27744,8,{0x84,0x14,0x9E,0x36,0x94,0x92,0x9E,0x00}},
  {27746,8,{0x88,0x08,0x9C,0x08,0x88,0x88,0xBE,0x00}},
  {27752,8,{0xBE,0x22,0xA2,0x3E,0xA2,0xA2,0xBE,0x00}},
  {27754,8,{0xBE,0x08,0x88,0x1C,0x88,0x88,0xBE,0x00}},
  {27760,8,{0x88,0x3E,0x88,0x14,0x94,0xA2,0xAA,0x00}},
  {27762,8,{0xBC,0x14,0x96,0x12,0xAA,0xA4,0xDA,0x00}},
  {27763,8,{0xBE,0x20,0xBE,0x2A,0xAA,0xA4,0xDA,0x00}},
  {27770,8,{0x88,0x1C,0x8C,0x3E,0x88,0x88,0xB6,0x00}},
  {27773,8,{0xA0,0x3E,0xD8,0x3C,0x84,0x84,0x82,0x00}},
  {27774,8,{0x94,0x14,0xA2,0x1C,0x94,0x94,0xAC,0x00}},
  {27777,8,{0x90,0x08,0x90,0x34,0xB2,0xD4,0x9C,0x00}},
  {27778,8,{0x84,0x38,0xA0,0x3E,0xA4,0xA4,0xC4,0x00}},
  {27779,8,{0x84,0x18,0x88,0x3E,0x88,0x88,0xB6,0x00}},
  {27784,8,{0x88,0x3E,0xAA,0x0C,0x8C,0x94,0xA6,0x00}},
  {27788,8,{0x88,0x3E,0x88,0x2A,0xBE,0x88,0x8E,0x00}},
  {27789,8,{0xBE,0x08,0x8E,0x12,0x9C,0x84,0xBE,0x00}},
  {27792,8,{0x88,0x3E,0x88,0x1C,0x9C,0xAA,0x88,0x00}},
  {27794,8,{0x9E,0x12,0xA6,0x1C,0x94,0x88,0xB6,0x00}},
  {27795,8,{0x10,0xF4,0x38,0xD6,0x7C,0x44,0x7C,0x00}},
  {27798,8,{0x88,0x3E,0xAA,0x2A,0xBE,0x88,0x88,0x00}},
  {27801,8,{0x88,0x1C,0x9A,0x28,0x8A,0x84,0x98,0x00}},
  {27802,8,{0x88,0x08,0xAC,0x28,0xA8,0xA8,0xFE,0x00}},
  {27803,8,{0x88,0x3E,0x88,0x3E,0xAA,0xAA,0x88,0x00}},
  {27809,8,{0x9C,0x14,0xA6,0x1C,0x94,0x88,0xB6,0x00}},
  {27810,8,{0xBE,0x22,0xBE,0x28,0xA8,0xA4,0xC2,0x00}},
  {27819,8,{0x88,0x3E,0x88,0x1C,0x88,0x9C,0xAA,0x00}},
  {27822,8,{0xBC,0x24,0xBC,0x24,0xBC,0xA4,0xFE,0x00}},
  {27825,8,{0x88,0x3E,0xA2,0x14,0x98,0x92,0x9E,0x00}},
  {27827,8,{0xBE,0x02,0xBA,0x2A,0xBA,0x82,0x86,0x00}},
  {27832,8,{0x94,0x3E,0x9E,0x34,0xBE,0x96,0xA4,0x00}},
  {27833,8,{0x88,0x3E,0xAA,0x3E,0xAA,0xAA,0xBE,0x00}},
  {27834,8,{0xBE,0x2A,0xAA,0x3E,0xAA,0xAA,0xBE,0x00}},
  {27835,8,{0x88,0x08,0x94,0x3A,0x80,0x9C,0x9C,0x00}},
  {27836,8,{0xBE,0x0A,0x92,0x26,0x9E,0x92,0x9E,0x00}},
  {27837,8,{0x88,0x08,0xBE,0x08,0x9C,0x94,0x9C,0x00}},
  {27838,8,{0x88,0x08,0x8E,0x08,0xBE,0xA2,0xBE,0x00}},
  {27839,8,{0x94,0x14,0x94,0x22,0x9C,0x94,0x9C,0x00}},
  {27841,8,{0xBE,0x22,0xA2,0x3E,0x94,0x94,0xA6,0x00}},
  {27844,8,{0xAA,0x2A,0xBE,0x2A,0xAE,0xA0,0xBE,0x00}},
  {27845,8,{0xBE,0x22,0xAA,0x2A,0xB6,0xA2,0xBE,0x00}},
  {27849,8,{0x10,0x7C,0x44,0x7C,0xDA,0x54,0xB2,0x00}},
  {27850,8,{0x88,0x3E,0xA2,0x3E,0xA2,0xA2,0xBE,0x00}},
  {27852,8,{0x90,0x0A,0x92,0x34,0xBA,0x90,0xAE,0x00}},
  {27859,8,{0xB4,0x14,0xB4,0x24,0xB8,0x9A,0xBE,0x00}},
  {27861,8,{0x88,0x1C,0x88,0x3E,0x88,0x94,0xBA,0x00}},
  {27863,8,{0xBE,0x36,0xB6,0x36,0xA2,0xA2,0xBE,0x00}},
  {27865,8,{0xBE,0x1C,0xAA,0x08,0xBE,0x88,0x88,0x00}},
  {27867,8,{0xBC,0x08,0xBC,0x04,0xA8,0xB0,0xCE,0x00}},
  {27869,8,{0x84,0x38,0xA0,0x3E,0xAC,0xA6,0xC4,0x00}},
  {27873,8,{0x90,0x1E,0xBA,0x0A,0x9A,0x90,0x9E,0x00}},
  {27874,8,{0x88,0x3E,0xAA,0x3C,0xB4,0xC8,0xB6,0x00}},
  {27875,8,{0x88,0x3E,0x94,0x14,0x94,0x98,0xBE,0x00}},
  {27877,8,{0xBE,0x22,0xBE,0x28,0xAE,0xA8,0xCE,0x00}},
  {27880,8,{0x90,0x08,0xBE,0x08,0x9C,0x88,0xBE,0x00}},
  {27882,8,{0xBE,0x22,0xBE,0x22,0xBE,0xA2,0xBE,0x00}},
  {27887,8,{0xBE,0x22,0xBE,0x28,0xBE,0xA4,0xB2,0x00}},
  {27888,8,{0x10,0x7C,0x38,0xEE,0x54,0x38,0xD6,0x00}},
  {27889,8,{0x88,0x1C,0x94,0x3E,0x88,0x88,0xB6,0x00}},
  {27891,8,{0x98,0x00,0x98,0x6A,0xAC,0xCA,0x98,0x00}},
  {27915,8,{0x94,0x3E,0x88,0x1C,0x88,0xBE,0x88,0x00}},
  {27916,8,{0xBA,0x16,0x9E,0x2E,0x9A,0x92,0xA6,0x00}},
  {27922,8,{0xBE,0x14,0xBE,0x36,0xB6,0xA2,0xBE,0x00}},
  {27927,8,{0x98,0x1E,0xA8,0x3E,0x94,0x94,0xA6,0x00}},
  {27929,8,{0x98,0x1C,0xA8,0x3E,0x88,0x9C,0xAA,0x00}},
  {27931,8,{0x8C,0x14,0x88,0x14,0xA2,0x9C,0x9C,0x00}},
  {27934,8,{0xBE,0x22,0xBA,0x22,0xBA,0xBA,0xA6,0x00}},
  {27935,8,{0x88,0x7E,0xBC,0x28,0xBE,0x8A,0xB6,0x00}},
  {27941,8,{0x88,0x3C,0x8E,0x3C,0x88,0xBE,0x88,0x00}},
  {27945,8,{0x88,0x3C,0xAC,0x3C,0x8A,0x84,0xBA,0x00}},
  {27946,8,{0x94,0x3E,0x94,0x14,0xBE,0x80,0xA2,0x00}},
  {27947,8,{0x90,0x3C,0xAC,0x2C,0xAC,0xAC,0xFE,0x00}},
  {27954,8,{0xAA,0x2A,0xFE,0x7E,0xAA,0xAA,0xCA,0x00}},
  {27955,8,{0xA0,0x2E,0xFA,0x5A,0xEA,0xBA,0xCE,0x00}},
  {27957,8,{0x90,0x1E,0xB6,0x1E,0x96,0x9E,0x82,0x00}},
  {27958,8,{0x90,0x1E,0xB6,0x0A,0x96,0x9E,0x82,0x00}},
  {27960,8,{0x88,0x2A,0x88,0x3E,0x94,0x94,0xA6,0x00}},
  {27963,8,{0x84,0x18,0xBE,0x08,0x9C,0x94,0x9C,0x00}},
  {27965,8,{0x88,0x14,0xAE,0x00,0x9C,0x94,0x9C,0x00}},
  {27966,8,{0x84,0x38,0xA6,0x38,0xB6,0xB4,0xD2,0x00}},
  {27969,8,{0x88,0x3E,0x94,0x3A,0x98,0x9A,0xAA,0x00}},
  {27972,8,{0x8C,0x34,0x9E,0x7E,0x8A,0xBE,0x98,0x00}},
  {27973,8,{0x8A,0x3E,0x88,0x3C,0x8A,0x84,0xBA,0x00}},
  {27993,8,{0x92,0x3C,0x98,0x1E,0xBA,0x9A,0xB2,0x00}},
  {27994,8,{0x92,0x3E,0x94,0x26,0x9C,0xA8,0x96,0x00}},
  {27996,8,{0x84,0x18,0x9E,0x14,0xBE,0x80,0xA2,0x00}},
  {28003,8,{0x88,0x3E,0xAE,0x00,0xBE,0x94,0xA6,0x00}},
  {28004,8,{0x88,0x3E,0xAA,0x1E,0xA8,0x92,0xBE,0x00}},
  {28006,8,{0x8A,0x3E,0x88,0x3E,0xAA,0xBE,0xAA,0x00}},
  {28009,8,{0x98,0x1C,0xA8,0x3E,0x80,0x9C,0x9C,0x00}},
  {28010,8,{0x88,0x3C,0xA4,0x3C,0xAA,0xA4,0xB2,0x00}},
  {28012,8,{0xBE,0x2A,0xBE,0x2A,0xBE,0x88,0xBE,0x00}},
  {28014,8,{0x8E,0x34,0x80,0x1C,0x84,0xBE,0x88,0x00}},
  {28020,8,{0x94,0x22,0x88,0x14,0xA2,0x9C,0x9C,0x00}},
  {28023,8,{0xA0,0x3E,0x9C,0x7E,0xB4,0xBE,0x8C,0x00}},
  {28024,8,{0x9C,0x04,0x9C,0x3E,0xB6,0x88,0xB6,0x00}},
  {28025,8,{0x88,0x3E,0x9C,0x1C,0xAA,0x88,0xB6,0x00}},
  {28037,8,{0xBE,0x22,0xBE,0x08,0x9C,0x88,0xBE,0x00}},
  {28040,8,{0xAA,0x08,0xBE,0x22,0xBE,0xA2,0xA6,0x00}},
  {28044,8,{0xBE,0x04,0xBE,0x2A,0xBE,0xAA,0xAA,0x00}},
  {28046,8,{0xB2,0x1C,0xA6,0x14,0xBE,0x90,0xAE,0x00}},
  {28051,8,{0x9C,0x1C,0x80,0x3E,0xA2,0xBE,0xA2,0x00}},
  {28053,8,{0x94,0x3E,0x8A,0x3E,0xA8,0x9E,0xAA,0x00}},
  {28057,8,{0xBE,0x12,0x9E,0x14,0x9E,0xA4,0x9A,0x00}},
  {28059,8,{0x88,0x1C,0xBE,0x14,0xFE,0xA4,0xD4,0x00}},
  {28060,8,{0x88,0x3E,0x88,0x3E,0xA2,0x94,0xA6,0x00}},
  {28079,8,{0xBE,0x24,0xAE,0x24,0xAE,0xA4,0xDE,0x00}},
  {28082,8,{0x88,0x3E,0x90,0x16,0xBA,0x94,0x9A,0x00}},
  {28085,8,{0xBE,0x18,0xAA,0x3E,0xBE,0xAA,0xBE,0x00}},
  {28088,8,{0xBE,0x2A,0xBE,0x2A,0xB6,0xBE,0xBE,0x00}},
  {28092,8,{0x88,0x3E,0x94,0x1C,0x88,0xAA,0x98,0x00}},
  {28096,8,{0x84,0x3E,0xAE,0x04,0x96,0x94,0xAE,0x00}},
  {28101,8,{0x92,0x3C,0x98,0x3E,0xBA,0x9A,0x92,0x00}},
  {28102,8,{0xB4,0x08,0x94,0x7E,0xB4,0xDC,0x94,0x00}},
  {28103,8,{0x94,0x3E,0x94,0x1C,0xBE,0x80,0xA2,0x00}},
  {28107,8,{0x94,0x7E,0x94,0x3C,0xBE,0xD4,0x94,0x00}},
  {28108,8,{0x94,0x2A,0x88,0x3E,0xA2,0xAE,0xAE,0x00}},
  {28113,8,{0xAE,0x32,0xAA,0x7A,0xA4,0xF4,0xAA,0x00}},
  {28114,8,{0x88,0x3E,0x8C,0x1C,0xBE,0x94,0xBA,0x00}},
  {28117,8,{0x88,0x1C,0xBE,0x14,0xA6,0x88,0xBE,0x00}},
  {28120,8,{0x90,0x1E,0xAA,0x1E,0x8A,0xAE,0xBE,0x00}},
  {28121,8,{0x88,0x3E,0xAE,0x00,0xBE,0x88,0xAA,0x00}},
  {28126,8,{0xAA,0x7A,0xA0,0x74,0xE4,0xAA,0xAE,0x00}},
  {28129,8,{0xAA,0x14,0xA2,0x08,0xAA,0x94,0xA2,0x00}},
  {28132,8,{0x94,0x7A,0xA0,0x3C,0xAA,0xCC,0x9A,0x00}},
  {28134,8,{0x88,0x14,0xBE,0x08,0xBE,0x9C,0xBE,0x00}},
  {28136,8,{0x9C,0x2A,0x9C,0x0C,0xBE,0x8C,0x98,0x00}},
  {28138,8,{0x88,0x14,0xAE,0x00,0xBE,0xBE,0xAA,0x00}},
  {28139,8,{0x86,0x38,0xAA,0x00,0xBE,0x88,0xBE,0x00}},
  {28140,8,{0x88,0x3E,0x94,0x14,0xAA,0xBE,0x88,0x00}},
  {28142,8,{0x94,0x1E,0xB4,0x1E,0x94,0x94,0x9E,0x00}},
  {28145,8,{0xBE,0x22,0x94,0x26,0xBE,0x9C,0xAA,0x00}},
  {28147,8,{0x88,0x3E,0x94,0x1C,0x84,0xBE,0x88,0x00}},
  {28149,8,{0xAA,0x2A,0xBE,0x22,0xBE,0xAA,0xCA,0x00}},
  {28151,8,{0xBE,0x22,0xBE,0x24,0xB6,0xA4,0xB6,0x00}},
  {28153,8,{0x88,0x3E,0x94,0x2A,0x9C,0x9C,0x86,0x00}},
  {28154,8,{0x8A,0x3E,0x84,0x1A,0xBE,0x84,0x9A,0x00}},
  {28155,8,{0x84,0x18,0xBE,0x14,0xA2,0x88,0xAA,0x00}},
  {28165,8,{0x88,0x1C,0x88,0x3E,0x94,0x9C,0x94,0x00}},
  {28167,8,{0x9C,0x14,0x9C,0x1E,0xB2,0x9A,0x86,0x00}},
  {28168,8,{0x88,0x3E,0x94,0x08,0xB6,0x9C,0xA4,0x00}},
  {28169,8,{0x88,0x2C,0xA8,0x7E,0xAA,0x8C,0xB8,0x00}},
  {28170,8,{0xAA,0x3E,0xAA,0x3E,0xAA,0xBE,0xCA,0x00}},
  {28171,8,{0x84,0x16,0x94,0x3E,0xA2,0x94,0xA2,0x00}},
  {28179,8,{0x86,0x38,0xAA,0x1C,0xBE,0x88,0xB6,0x00}},
  {28181,8,{0xAA,0x06,0xBE,0x16,0xBA,0x92,0xAA,0x00}},
  {28185,8,{0x9C,0x24,0x9C,0x1C,0xBE,0x88,0xB6,0x00}},
  {28186,8,{0x8A,0x1C,0x88,0x3E,0x90,0xAE,0x8E,0x00}},
  {28187,8,{0x84,0x3E,0xA4,0x3C,0xA6,0xBC,0xDA,0x00}},
  {28189,8,{0xB8,0x14,0xAE,0x00,0xBA,0xBC,0xAA,0x00}},
  {28191,8,{0x88,0x3E,0x94,0x7E,0xDE,0x88,0x98,0x00}},
  {28192,8,{0xBE,0x3C,0xA4,0x3E,0xFE,0x38,0xD6,0x00}},
  {28193,8,{0x88,0x3E,0xAC,0x3E,0xAA,0xA4,0xDA,0x00}},
  {28195,8,{0x88,0x3E,0x9C,0x2A,0x9C,0x9C,0xBE,0x00}},
  {28196,8,{0x94,0x3E,0xFE,0x4E,0x96,0xBA,0x92,0x00}},
  {28197,8,{0xBE,0x22,0xBE,0x34,0xBA,0xC8,0xBE,0x00}},
  {28198,8,{0x9C,0x14,0x94,0x3E,0xA2,0xBA,0xBA,0x00}},
  {28201,8,{0xBC,0x24,0xBC,0x00,0xBC,0xAC,0xFE,0x00}},
  {28203,8,{0xAA,0x3E,0xAE,0x20,0xBE,0x9C,0xAA,0x00}},
  {28204,8,{0xBA,0x2E,0xBE,0x2E,0xBA,0x82,0xAA,0x00}},
  {28205,8,{0xBE,0x2A,0xBE,0x3E,0x94,0x9C,0x94,0x00}},
  {28206,8,{0x94,0x3E,0x94,0x3E,0x82,0x9A,0x9A,0x00}},
  {28207,8,{0x94,0x3E,0x94,0x7E,0xAA,0xD0,0x9C,0x00}},
  {28216,8,{0xA8,0x7E,0xAE,0x32,0xD4,0x9E,0xB4,0x00}},
  {28218,8,{0xBA,0x2E,0xBE,0x2A,0xB8,0xAA,0xBC,0x00}},
  {28222,8,{0xBE,0x2A,0xBE,0x1C,0x9C,0xBE,0x88,0x00}},
  {28227,8,{0x8E,0x34,0x9E,0x34,0x9E,0x94,0xA4,0x00}},
  {28234,8,{0x88,0x3E,0x9C,0x7E,0xAA,0xC8,0x94,0x00}},
  {28237,8,{0xAA,0x3E,0x80,0x3E,0x90,0xBE,0xAA,0x00}},
  {28238,8,{0xBE,0x08,0xBE,0x36,0xBE,0xB6,0xBE,0x00}},
  {28246,8,{0xAE,0x7A,0xAE,0x7A,0xDE,0xFA,0x8A,0x00}},
  {28248,8,{0xAE,0x7A,0xAE,0x7A,0xEE,0xAA,0xAE,0x00}},
  {28251,8,{0x94,0x3E,0x94,0x14,0xBE,0xA8,0xBE,0x00}},
  {28255,8,{0x88,0x1C,0x94,0x1C,0xBE,0x88,0xBE,0x00}},
  {28263,8,{0x9E,0x04,0x9E,0x1A,0xBE,0x8A,0xB6,0x00}},
  {28267,8,{0xB4,0x14,0xBE,0x1C,0xB4,0xB4,0x9A,0x00}},
  {28270,8,{0xBE,0x14,0xBE,0x36,0xBE,0x88,0xBE,0x00}},
  {28271,8,{0x9C,0x14,0xBE,0x10,0x9E,0xAA,0x96,0x00}},
  {28274,8,{0x9C,0x2A,0x80,0x1E,0x8A,0x94,0xAA,0x00}},
  {28278,8,{0x88,0x1C,0x94,0x1C,0xBA,0x9C,0xAA,0x00}},
  {28286,8,{0x88,0x3E,0x94,0x36,0x9C,0x9E,0x82,0x00}},
  {28287,8,{0xBE,0x22,0xBE,0x14,0xB6,0x94,0xBE,0x00}},
  {28288,8,{0x94,0x3E,0x94,0x7E,0xAA,0xBE,0xA2,0x00}},
  {28290,8,{0x92,0x7E,0xB6,0x3E,0x92,0xBA,0xD6,0x00}},
  {28300,8,{0xBA,0x14,0xA2,0x1C,0xBE,0x94,0xA6,0x00}},
  {28303,8,{0x88,0x3E,0xAC,0x26,0xBC,0xAA,0xCE,0x00}},
  {28304,8,{0xBE,0x24,0xAE,0x2E,0xA4,0xB6,0xCC,0x00}},
  {28310,8,{0x94,0x1E,0xB4,0x1E,0x90,0xFE,0x10,0x00}},
  {28312,8,{0x88,0x1C,0xBE,0x14,0xBA,0x9C,0xBE,0x00}},
  {28316,8,{0x8E,0x36,0xA6,0x3A,0x9C,0x9C,0x9C,0x00}},
  {28317,8,{0x94,0x3E,0x94,0x3E,0x9C,0xBE,0x94,0x00}},
  {28319,8,{0xBE,0x22,0x9C,0x14,0xBE,0x80,0xA2,0x00}},
  {28322,8,{0x94,0x3E,0x94,0x22,0x9C,0x9C,0xBE,0x00}},
  {28325,8,{0x8A,0x3E,0x9C,0x14,0xBE,0x94,0x8C,0x00}},
  {28330,8,{0x9C,0x2A,0x90,0x08,0xBE,0x88,0xB6,0x00}},
  {28335,8,{0xAE,0x7A,0x9E,0x5A,0xFE,0x9A,0xA2,0x00}},
  {28338,8,{0x96,0x2A,0xAA,0x3E,0x94,0x88,0xB6,0x00}},
  {28342,8,{0x88,0x3E,0xB6,0x08,0x94,0xAE,0x8C,0x00}},
  {28343,8,{0xBE,0x3E,0xAA,0x36,0xAE,0xBA,0xBE,0x00}},
  {28346,8,{0xB6,0x12,0xB6,0x24,0xB6,0xDA,0xB6,0x00}},
  {28349,8,{0xBE,0x2C,0xBE,0x54,0xBE,0x94,0x8C,0x00}},
  {28354,8,{0x88,0x3E,0x94,0x3E,0xAA,0x8C,0x94,0x00}},
  {28356,8,{0x88,0x14,0xBA,0x18,0x90,0xAC,0x8C,0x00}},
  {28357,8,{0x84,0x7E,0xFC,0x54,0xFE,0xD4,0xAA,0x00}},
  {28361,8,{0x9C,0x1C,0xAA,0x08,0xBE,0x94,0xA6,0x00}},
  {28363,8,{0x94,0x3E,0x92,0x24,0x92,0xA4,0xB6,0x00}},
  {28364,8,{0xA8,0x3E,0xF4,0x7A,0xB4,0xBE,0xA4,0x00}},
  {28369,8,{0x9C,0x14,0xBE,0x22,0x9C,0x9C,0x94,0x00}},
  {28371,8,{0x88,0x7E,0xCA,0x3E,0x94,0xFE,0x88,0x00}},
  {28372,8,{0x9C,0x2A,0x80,0x16,0xA2,0xB6,0xBE,0x00}},
  {28373,8,{0xF4,0xAA,0xFE,0xB4,0xEA,0xBC,0xAA,0x00}},
  {28381,8,{0x88,0x3E,0x94,0x3E,0x9C,0x9C,0x86,0x00}},
  {28382,8,{0x94,0x3E,0x94,0x3E,0xAA,0x9C,0x94,0x00}},
  {28396,8,{0xBE,0x1E,0x94,0x1E,0x9E,0xA8,0x8E,0x00}},
  {28399,8,{0x94,0x3E,0x94,0x2A,0xBE,0xAA,0x88,0x00}},
  {28402,8,{0x94,0x3A,0x94,0x3E,0xAA,0x84,0x98,0x00}},
  {28404,8,{0x88,0x3E,0x94,0x3E,0xAA,0xB6,0xBE,0x00}},
  {28407,8,{0x88,0x0E,0xBC,0x36,0xAA,0xB6,0xBE,0x00}},
  {28408,8,{0xA8,0x3E,0x8C,0x34,0x8E,0xB4,0xB4,0x00}},
  {28414,8,{0x88,0x7E,0x94,0x3A,0x98,0xB4,0x9A,0x00}},
  {28415,8,{0x94,0x3E,0x94,0x3E,0xBE,0xBE,0xAA,0x00}},
  {28417,8,{0x8C,0x34,0x9E,0x1A,0x9E,0x80,0xAA,0x00}},
  {28418,8,{0xBE,0x1C,0x9C,0x00,0xBE,0x88,0xAA,0x00}},
  {28422,8,{0x88,0x3E,0x9C,0x2A,0x9C,0xAC,0xDA,0x00}},
  {28425,8,{0x88,0x3E,0xAC,0x3C,0xA0,0xB4,0xDE,0x00}},
  {28431,8,{0xBE,0x3E,0xA0,0x3E,0xA8,0xDE,0x9A,0x00}},
  {28433,8,{0xAE,0x36,0xB6,0x3E,0xA4,0xB4,0xAA,0x00}},
  {28435,8,{0x88,0x3E,0x94,0x1C,0xBE,0xAE,0xBA,0x00}},
  {28436,8,{0x88,0x3E,0xA2,0x1C,0xAA,0x9C,0xA2,0x00}},
  {28437,8,{0x94,0x3E,0x94,0x3E,0xBE,0x94,0x9C,0x00}},
  {28448,8,{0x94,0x3E,0x9C,0x14,0xBE,0x88,0xB6,0x00}},
  {28450,8,{0x94,0x7E,0xAA,0x3E,0xFE,0x88,0xB6,0x00}},
  {28451,8,{0xA4,0x1E,0x8C,0x2C,0xBE,0xA4,0xBE,0x00}},
  {28459,8,{0x9C,0x14,0xBE,0x3E,0x94,0x88,0xB6,0x00}},
  {28460,8,{0x88,0x1C,0x88,0x3E,0x9C,0x9C,0xA2,0x00}},
  {28465,8,{0x94,0x7E,0xBA,0x3C,0x94,0xB4,0xDA,0x00}},
  {28466,8,{0xB6,0x14,0xB6,0x24,0xBE,0x9C,0xBA,0x00}},
  {28472,8,{0xB2,0x1C,0xB8,0x3E,0x9A,0xBA,0x92,0x00}},
  {28478,8,{0x94,0x3E,0x9C,0x08,0xBA,0x9C,0xAA,0x00}},
  {28479,8,{0xA6,0xEA,0x7E,0xA4,0x74,0x38,0xD6,0x00}},
  {28481,8,{0x9E,0xE4,0x8E,0x7A,0xEE,0x70,0xAA,0x00}},
  {28485,8,{0x90,0x1E,0xA8,0x1E,0xB4,0x94,0x9E,0x00}},
  {28500,8,{0x96,0x3E,0x96,0x3A,0xBE,0x88,0xAA,0x00}},
  {28504,8,{0xBE,0x14,0xBE,0x1C,0xAA,0x9C,0x9C,0x00}},
  {28507,8,{0x94,0x1E,0xBE,0x14,0xAA,0x9C,0x9C,0x00}},
  {28508,8,{0x94,0x3E,0x94,0x2A,0x9C,0x94,0x9C,0x00}},
  {28511,8,{0x94,0x24,0xBC,0x10,0xBE,0xC2,0xAA,0x00}},
  {28516,8,{0xF6,0x76,0xDE,0x4A,0xDE,0xCA,0xDE,0x00}},
  {28518,8,{0x88,0x3E,0x94,0x3E,0x94,0x88,0xAA,0x00}},
  {28525,8,{0xBE,0x1C,0x80,0x1C,0x94,0xBE,0x88,0x00}},
  {28526,8,{0xBE,0x1A,0xBE,0x3A,0x9E,0xBA,0x92,0x00}},
  {28527,8,{0x9C,0x0E,0xBC,0x16,0xBE,0x94,0x8C,0x00}},
  {28528,8,{0x88,0x3E,0xAA,0x7E,0x9C,0x9C,0xA2,0x00}},
  {28532,8,{0xA4,0x1E,0xB4,0x1E,0xB8,0x96,0xA6,0x00}},
  {28536,8,{0x94,0x3E,0x94,0x2A,0x9C,0x9C,0x94,0x00}},
  {28538,8,{0xBE,0x3E,0xA4,0x28,0xBE,0xAA,0xD4,0x00}},
  {28540,8,{0x88,0x3E,0x94,0x3E,0x9C,0x88,0xBE,0x00}},
  {28544,8,{0xBE,0x16,0xAA,0x24,0xB6,0xA4,0xF6,0x00}},
  {28545,8,{0x84,0x16,0x94,0x7E,0xB6,0xA4,0xF6,0x00}},
  {28546,8,{0x94,0x3E,0xBE,0x06,0xBE,0x94,0xBA,0x00}},
  {28548,8,{0xBA,0x14,0xA2,0x1C,0x54,0x88,0xBE,0x00}},
  {28550,8,{0x88,0x1C,0xBE,0x36,0xBE,0x94,0xA6,0x00}},
  {28558,8,{0x92,0x3C,0x92,0x3C,0xA8,0x92,0xBC,0x00}},
  {28561,8,{0xBE,0x14,0xB6,0x36,0xBE,0xAA,0xBE,0x00}},
  {28567,8,{0xB6,0x36,0xA2,0x2E,0xAE,0xAE,0xA2,0x00}},
  {28577,8,{0x9C,0x14,0xBE,0x2A,0xBE,0x9C,0xAA,0x00}},
  {28579,8,{0xB4,0x1A,0xB0,0x3E,0x94,0xBE,0x94,0x00}},
  {28580,8,{0xBE,0x3E,0x88,0x3E,0x94,0xBE,0x88,0x00}},
  {28586,8,{0x9C,0x3E,0xAA,0x14,0xBE,0x8A,0x88,0x00}},
  {28593,8,{0xBE,0x2A,0xB8,0x36,0xBA,0xC4,0xAA,0x00}},
  {28595,8,{0x88,0x1E,0x9E,0x1A,0xBE,0x88,0xB6,0x00}},
  {28601,8,{0x8C,0x14,0xBE,0x36,0xAC,0xBE,0xCC,0x00}},
  {28608,8,{0x94,0x36,0xBA,0x7A,0x9A,0xAC,0xDA,0x00}},
  {28609,8,{0xBE,0x2A,0x9E,0x22,0x9A,0x9E,0xBA,0x00}},
  {28610,8,{0x88,0x3E,0xBC,0x2E,0xBC,0xDC,0xAA,0x00}},
  {28611,8,{0x94,0x3E,0xBE,0x00,0xBE,0xB4,0xDA,0x00}},
  {28614,8,{0x88,0x3E,0x94,0x3E,0x94,0x9C,0xA2,0x00}},
  {28628,8,{0xBE,0x1C,0xAA,0x3E,0xAA,0xBE,0xAA,0x00}},
  {28629,8,{0xBE,0x3E,0x92,0x24,0xB6,0x80,0xAA,0x00}},
  {28632,8,{0x88,0x3E,0xBA,0x1C,0xBE,0x88,0x98,0x00}},
  {28635,8,{0x94,0x3E,0x94,0x7E,0xDA,0xAC,0x9A,0x00}},
  {28639,8,{0x88,0x3E,0x94,0x2A,0x94,0x9C,0xA4,0x00}},
  {28640,8,{0x88,0x3E,0x94,0x7E,0xDA,0xAC,0x9A,0x00}},
  {28641,8,{0x9C,0x3E,0xAA,0x1C,0x88,0xBE,0xAA,0x00}},
  {28644,8,{0x88,0x1C,0xBE,0x08,0xBE,0xB4,0x8C,0x00}},
  {28651,8,{0xB4,0x26,0xA0,0x36,0x80,0x9C,0xBE,0x00}},
  {28652,8,{0x88,0x0E,0xBE,0x2A,0x94,0xAE,0x8C,0x00}},
  {28654,8,{0xAA,0x3E,0xF4,0x7E,0xBC,0xA8,0xB6,0x00}},
  {28655,8,{0xB6,0x12,0xB6,0x14,0x9E,0xB4,0x9E,0x00}},
  {28657,8,{0x88,0x3E,0xAA,0x34,0x9C,0x9C,0xA2,0x00}},
  {28659,8,{0xA8,0x3E,0xBE,0x14,0xAA,0x9C,0x9C,0x00}},
  {28662,8,{0xEE,0x6E,0xDA,0x7E,0xCA,0xD6,0xDE,0x00}},
  {28666,8,{0xB4,0x3E,0xB4,0x3A,0xBE,0x84,0xAA,0x00}},
  {28670,8,{0x88,0x0E,0xB8,0x2E,0xAC,0xBA,0xD6,0x00}},
  {28673,8,{0x94,0x3E,0x88,0x7E,0xBC,0xDA,0x94,0x00}},
  {28681,8,{0x88,0x3E,0xAE,0x14,0x9E,0xA2,0x96,0x00}},
  {28683,8,{0x88,0x3E,0xAA,0x14,0xBE,0x9E,0xAC,0x00}},
  {28687,8,{0x96,0x2E,0xB6,0x0A,0x96,0xAA,0x9E,0x00}},
  {28689,8,{0xBE,0x3E,0x94,0x3E,0xAA,0x9C,0xAA,0x00}},
  {28693,8,{0xAE,0x34,0xAE,0x7A,0xAE,0x90,0xEA,0x00}},
  {28696,8,{0x88,0x0E,0xB8,0x2E,0xA0,0xAC,0xDE,0x00}},
  {28698,8,{0xB4,0x1A,0xB0,0x3E,0x96,0xBA,0x92,0x00}},
  {28699,8,{0x88,0x7E,0xA0,0x3E,0xB4,0xAC,0xD6,0x00}},
  {28701,8,{0xBE,0x34,0xBE,0x34,0xA0,0xD4,0xBE,0x00}},
  {28702,8,{0xA6,0x7A,0xA4,0x7E,0xD6,0xFE,0xD4,0x00}},
  {28703,8,{0x94,0x3E,0x9C,0x76,0xA2,0xB6,0xD6,0x00}},
  {28710,8,{0xB4,0x1E,0xB4,0x5E,0xB8,0xD6,0xA6,0x00}},
  {28711,8,{0x96,0x7C,0xAE,0x7A,0xAE,0xBC,0xAE,0x00}},
  {28716,8,{0xAE,0x74,0xFE,0x7A,0xAE,0xF0,0xAA,0x00}},
  {28720,8,{0xBE,0x14,0xBA,0x2E,0xBA,0x9E,0xBA,0x00}},
  {28722,8,{0x94,0x2E,0xFE,0x56,0xFE,0xD4,0xAA,0x00}},
  {28734,8,{0xB6,0x36,0xAA,0x3E,0xAA,0xBE,0xAA,0x00}},
  {28748,8,{0x94,0x3E,0xB6,0x14,0x9E,0xB4,0x9E,0x00}},
  {28753,8,{0xB6,0x2A,0xBE,0x2C,0xBE,0xE4,0xB6,0x00}},
  {28760,8,{0xDA,0x7C,0xAE,0x7C,0xFE,0xAC,0xDE,0x00}},
  {28771,8,{0x9A,0x2C,0x9A,0x3E,0x9C,0x9E,0x82,0x00}},
  {28779,8,{0x10,0x10,0x54,0x58,0x10,0x28,0xC6,0x00}},
  {28783,8,{0x5E,0x44,0xE4,0xC4,0x44,0x64,0x8C,0x00}},
  {28784,8,{0x7E,0x48,0x6A,0x6C,0x48,0x54,0xA2,0x00}},
  {28792,8,{0x3C,0x44,0x18,0xE6,0x54,0x28,0xC6,0x00}},
  {28796,8,{0x50,0x5E,0xE2,0xD2,0x4A,0x62,0x86,0x00}},
  {28797,8,{0x4A,0x94,0x4A,0x10,0x54,0x28,0xC6,0x00}},
  {28809,8,{0x5E,0x40,0xDE,0xD2,0x5E,0x50,0xA0,0x00}},
  {28810,8,{0x50,0x5E,0xEA,0xC8,0x48,0x54,0xA2,0x00}},
  {28814,8,{0x10,0x54,0x28,0xC6,0x54,0x28,0xC6,0x00}},
  {28818,8,{0x48,0x5C,0xFA,0xC8,0x4A,0x64,0x98,0x00}},
  {28825,8,{0x1C,0x64,0x18,0xE0,0x54,0x28,0xC6,0x00}},
  {28844,8,{0x5E,0x50,0xFE,0xD2,0x5E,0x70,0x9E,0x00}},
  {28845,8,{0x92,0xFE,0x48,0x6A,0x6C,0x48,0xB6,0x00}},
  {28846,8,{0x48,0x4E,0xF2,0xCE,0x4E,0x68,0x8E,0x00}},
  {28847,8,{0x7E,0x62,0xFE,0xF6,0x7E,0x62,0xA6,0x00}},
  {28851,8,{0x7E,0x48,0xFE,0xEA,0x76,0x62,0xA6,0x00}},
  {28856,8,{0x50,0x5E,0xE8,0xCE,0x48,0x6E,0x88,0x00}},
  {28857,8,{0x10,0x1C,0x10,0x7C,0x7C,0x00,0xAA,0x00}},
  {28858,8,{0x28,0x78,0x1C,0x24,0x7E,0x82,0x56,0x00}},
  {28872,8,{0xF2,0x4A,0x6A,0xA2,0x46,0x00,0xAA,0x00}},
  {28875,8,{0x28,0x7E,0xC8,0x5C,0x6A,0x00,0xAA,0x00}},
  {28879,8,{0x10,0x7C,0x44,0x7C,0x7E,0x02,0xAA,0x00}},
  {28889,8,{0x4C,0x54,0xC8,0xD4,0x62,0x5C,0x9C,0x00}},
  {28893,8,{0x7C,0x08,0xD2,0x54,0x92,0x7C,0xAA,0x00}},
  {28895,8,{0x7E,0x6A,0xFE,0xEA,0x76,0x62,0xBE,0x00}},
  {28913,8,{0x7E,0x76,0xE2,0xFE,0x76,0x7E,0xA2,0x00}},
  {28921,8,{0x10,0xFE,0x44,0x7C,0x08,0x00,0xAA,0x00}},
  {28925,8,{0x4C,0x54,0xC8,0xF6,0x48,0x7E,0x88,0x00}},
  {28937,8,{0xFE,0x1C,0x50,0xFE,0x7E,0x02,0xAA,0x00}},
  {28948,8,{0x4E,0x52,0xE4,0xD6,0x56,0x76,0x96,0x00}},
  {28953,8,{0x48,0x7E,0xD4,0xFE,0x40,0x5C,0x9C,0x00}},
  {28954,8,{0x24,0xFE,0x6C,0xB6,0x54,0x28,0xC6,0x00}},
  {28956,8,{0x7E,0x62,0xFE,0xE4,0x76,0x64,0xB6,0x00}},
  {28961,8,{0x80,0xFE,0x54,0xFE,0x54,0xFE,0xAA,0x00}},
  {28966,8,{0x28,0x3E,0x7C,0xA8,0x3E,0x00,0xAA,0x00}},
  {28982,8,{0x74,0x5E,0xB4,0x24,0xCA,0x00,0xAA,0x00}},
  {28988,8,{0x48,0x5C,0xFE,0xD4,0x7E,0x54,0xA6,0x00}},
  {29001,8,{0x48,0x7E,0xDC,0xDC,0x48,0x5C,0xAA,0x00}},
  {29004,8,{0x48,0x5C,0xD4,0xDC,0x7E,0x48,0xBE,0x00}},
  {29006,8,{0x44,0xFE,0x54,0x74,0x54,0x00,0xAA,0x00}},
  {29013,8,{0xF6,0xA6,0x96,0xA4,0xF6,0x00,0xAA,0x00}},
  {29014,8,{0x5C,0x6A,0xC0,0xDE,0x4A,0x54,0xAA,0x00}},
  {29017,8,{0x5E,0x4C,0xFE,0xDE,0x5E,0x64,0x9E,0x00}},
  {29026,8,{0xAA,0x44,0xFE,0xBE,0x14,0x7C,0x12,0x00}},
  {29028,8,{0x54,0x7E,0xD4,0xDC,0x7E,0x5C,0xAA,0x00}},
  {29029,8,{0x5C,0x64,0xDC,0xDC,0x7E,0x48,0xB6,0x00}},
  {29030,8,{0xE8,0xAE,0xF2,0xAE,0xEE,0x00,0xAA,0x00}},
  {29031,8,{0xFE,0xAA,0xF2,0xAE,0xEE,0x00,0xAA,0x00}},
  {29033,8,{0x5E,0x48,0xFE,0xD2,0x5E,0x60,0x92,0x00}},
  {29036,8,{0x5C,0x54,0xFE,0xD0,0x5E,0x6A,0x96,0x00}},
  {29038,8,{0x14,0x7C,0x18,0xFE,0x5C,0x00,0xAA,0x00}},
  {29053,8,{0x7E,0x5C,0xD0,0xDE,0x5A,0x56,0xAA,0x00}},
  {29060,8,{0x48,0x5C,0xDC,0xDC,0x40,0x72,0xAE,0x00}},
  {29064,8,{0x76,0x76,0x76,0x74,0xB6,0x00,0xAA,0x00}},
  {29066,8,{0x54,0xF6,0x50,0x74,0x56,0x00,0xAA,0x00}},
  {29071,8,{0x38,0xFE,0x7C,0x7C,0xFE,0x00,0xAA,0x00}},
  {29076,8,{0x48,0x7E,0xF6,0xC8,0x54,0x6E,0x8C,0x00}},
  {29077,8,{0x5C,0x48,0xFE,0xDC,0x54,0x5C,0xA2,0x00}},
  {29081,8,{0xF6,0xA6,0xD6,0xA4,0xF6,0x00,0xAA,0x00}},
  {29087,8,{0x28,0xFC,0x5C,0x7C,0xAE,0x00,0xAA,0x00}},
  {29096,8,{0x72,0x7E,0x6A,0xA6,0x54,0x28,0xC6,0x00}},
  {29100,8,{0x24,0x76,0xFA,0x64,0xAA,0x00,0xAA,0x00}},
  {29105,8,{0x28,0x6C,0xF4,0x6C,0xB6,0x00,0xAA,0x00}},
  {29113,8,{0x10,0xFE,0x38,0xFE,0x44,0x7C,0xAA,0x00}},
  {29118,8,{0x56,0x7C,0xDE,0xFC,0x46,0x5C,0xBA,0x00}},
  {29123,8,{0x54,0x5E,0xEC,0xD4,0x6A,0x40,0xAA,0x00}},
  {29128,8,{0x7A,0x54,0xE2,0xDC,0x54,0x48,0xBE,0x00}},
  {29129,8,{0x54,0x7E,0xEE,0xF6,0x5E,0x74,0x9A,0x00}},
  {29134,8,{0x48,0x7E,0xD4,0xFE,0x54,0x48,0xAA,0x00}},
  {29136,8,{0x6A,0x5C,0xEA,0xC0,0x74,0x5E,0xA4,0x00}},
  {29138,8,{0x48,0x5C,0xFE,0xF6,0x7E,0x54,0xA6,0x00}},
  {29140,8,{0x7E,0x54,0xFE,0xDC,0x6A,0x5C,0x9C,0x00}},
  {29141,8,{0x28,0xFE,0xDE,0x54,0xDE,0x00,0xAA,0x00}},
  {29143,8,{0x76,0x76,0xE2,0xEE,0x6E,0x76,0xA2,0x00}},
  {29151,8,{0xAA,0x44,0xFE,0xBA,0x10,0x7C,0x7C,0x00}},
  {29152,8,{0x48,0x5E,0xDE,0xDA,0x7E,0x48,0xB6,0x00}},
  {29157,8,{0x5C,0x54,0xFE,0xEA,0x7E,0x5C,0xAA,0x00}},
  {29158,8,{0x58,0x56,0xEA,0xD4,0x6A,0x5C,0xAA,0x00}},
  {29159,8,{0x6C,0x52,0xEE,0xCC,0x56,0x6C,0xBE,0x00}},
  {29164,8,{0x5E,0x6A,0xF8,0xD6,0x7A,0x54,0xBA,0x00}},
  {29165,8,{0x7E,0x6A,0xDE,0xE2,0x5A,0x5E,0xBA,0x00}},
  {29166,8,{0x54,0xEE,0x54,0xBA,0x28,0x10,0xEE,0x00}},
  {29173,8,{0x64,0x4E,0xDE,0xEA,0x5E,0x64,0xBE,0x00}},
  {29177,8,{0xEE,0x44,0xAA,0x66,0x54,0x28,0xC6,0x00}},
  {29179,8,{0x5C,0x7E,0xDC,0xDC,0x7E,0x40,0xAA,0x00}},
  {29180,8,{0x48,0x5C,0xEE,0xDC,0x6A,0x5C,0xBE,0x00}},
  {29183,8,{0x76,0x52,0xC0,0xD4,0x5E,0x74,0x9E,0x00}},
  {29190,8,{0x7E,0x7E,0xD4,0xFE,0x6A,0x5C,0xAA,0x00}},
  {29197,8,{0x5A,0x6C,0xDA,0xEC,0x7E,0x5C,0xAA,0x00}},
  {29200,8,{0x44,0x46,0xDC,0xD6,0x50,0x6C,0x9E,0x00}},
  {29211,8,{0x76,0x76,0xEA,0xFE,0x6A,0x7E,0xAA,0x00}},
  {29224,8,{0x2C,0x54,0xFE,0xAA,0x7C,0x92,0x28,0x00}},
  {29226,8,{0x0C,0x70,0x54,0x54,0x54,0x54,0x92,0x00}},
  {29228,8,{0x10,0x66,0x76,0x74,0x76,0x70,0xAE,0x00}},
  {29229,8,{0x7C,0x52,0xBC,0x14,0xFE,0x1C,0x30,0x00}},
  {29232,8,{0x7C,0x52,0xBC,0x7E,0x34,0x48,0xB6,0x00}},
  {29234,8,{0x7C,0x52,0xBC,0x24,0x3E,0x42,0xAA,0x00}},
  {29237,8,{0xFE,0x54,0x7E,0x7E,0x66,0x52,0xF6,0x00}},
  {29238,8,{0x28,0xC6,0x28,0x28,0x10,0x28,0xC6,0x00}},
  {29242,8,{0x28,0xC6,0x38,0xC6,0x74,0xF6,0x14,0x00}},
  {29243,8,{0x64,0x18,0x64,0x28,0x28,0x10,0xEE,0x00}},
  {29244,8,{0xBC,0x54,0xBC,0x14,0xBC,0x54,0xBE,0x00}},
  {29245,8,{0x10,0xFE,0x54,0x38,0x54,0x28,0xC6,0x00}},
  {29246,8,{0xFE,0x54,0xFE,0xB6,0xDA,0xB6,0xDA,0x00}},
  {29247,8,{0x24,0x24,0x3C,0x04,0x7C,0x24,0x44,0x00}},
  {29248,8,{0xA8,0xBE,0xE8,0x3C,0xFC,0x6A,0xA8,0x00}},
  {29254,8,{0xA8,0xBE,0xF4,0x2A,0xFE,0x76,0xBE,0x00}},
  {29255,8,{0x48,0x48,0x7E,0x40,0x7C,0x44,0x84,0x00}},
  {29256,8,{0xAE,0xA8,0xEE,0x8A,0xEA,0xB4,0xAA,0x00}},
  {29259,8,{0xAA,0xBE,0xE4,0x8A,0xFE,0xA4,0xAA,0x00}},
  {29260,8,{0xA8,0xBE,0xFA,0x9E,0xEC,0xBE,0xA4,0x00}},
  {29266,8,{0xAA,0xBE,0xF6,0x90,0xFE,0xBC,0xAA,0x00}},
  {29272,8,{0xA4,0xBE,0xFA,0x9E,0xEC,0xAC,0xB2,0x00}},
  {29273,8,{0x7C,0x48,0x48,0xFE,0x28,0xC8,0x18,0x00}},
  {29275,8,{0x50,0x7C,0x90,0x10,0xFE,0x10,0x10,0x00}},
  {29277,8,{0x68,0x78,0xAA,0x3C,0xE8,0x2A,0x2E,0x00}},
  {29279,8,{0x10,0x24,0xFA,0x3C,0x50,0xFE,0x10,0x00}},
  {29281,8,{0x64,0x74,0xAE,0x34,0xE4,0x24,0x2E,0x00}},
  {29282,8,{0x10,0xFE,0xD2,0x7C,0x90,0xFE,0x10,0x00}},
  {29287,8,{0xD0,0xDE,0xF4,0x54,0xD4,0x48,0x76,0x00}},
  {29289,8,{0xD0,0xDE,0xEE,0x4E,0xD6,0x6A,0x56,0x00}},
  {29298,8,{0xD8,0xDE,0xE8,0x48,0xDC,0x48,0x7E,0x00}},
  {29300,8,{0xC2,0xFC,0xD4,0x5E,0xF4,0x52,0x5E,0x00}},
  {29305,8,{0xC8,0xDC,0xC8,0x7E,0xC4,0x7E,0x54,0x00}},
  {29309,8,{0x10,0xFE,0x64,0xFE,0xBA,0x7C,0x10,0x00}},
  {29310,8,{0xDC,0xC8,0xFC,0x54,0xFE,0x54,0x5C,0x00}},
  {29312,8,{0x7E,0x7E,0x44,0x76,0x5C,0x7E,0x84,0x00}},
  {29313,8,{0x6A,0xFA,0x6A,0xB2,0x3C,0xFE,0x10,0x00}},
  {29314,8,{0x68,0xFE,0x76,0xAA,0x3C,0xFE,0x10,0x00}},
  {29319,8,{0x50,0x7C,0xFE,0x48,0x6C,0xFE,0x24,0x00}},
  {29330,8,{0xC8,0xFE,0xD4,0x5C,0xFE,0x62,0x6A,0x00}},
  {29334,8,{0xAA,0x44,0xFE,0xB2,0x3C,0xFE,0x10,0x00}},
  {29344,8,{0xD4,0xFE,0xC8,0x7E,0xD6,0x7C,0x52,0x00}},
  {29346,8,{0xC8,0xFE,0xF6,0x7E,0xDC,0x5C,0x62,0x00}},
  {29351,8,{0xD4,0xFE,0xC8,0x7E,0xD6,0x4C,0x5A,0x00}},
  {29356,8,{0x14,0x10,0xFE,0x10,0x10,0x28,0xC6,0x00}},
  {29359,8,{0xBE,0x52,0xB2,0x76,0xB0,0x32,0xDE,0x00}},
  {29362,8,{0xA4,0x5E,0xA4,0x66,0xAC,0x34,0xCC,0x00}},
  {29366,8,{0x4A,0x48,0xFE,0x48,0xC8,0x54,0x62,0x00}},
  {29369,8,{0xAA,0x5E,0xA8,0x6C,0xAC,0x2C,0xD6,0x00}},
  {29378,8,{0xAE,0x44,0xA4,0x6E,0xA4,0x24,0xDE,0x00}},
  {29379,8,{0xBC,0x54,0xD4,0x7E,0xD4,0x54,0xBE,0x00}},
  {29380,8,{0xA4,0x44,0xB6,0x74,0xA4,0x24,0xDA,0x00}},
  {29382,8,{0xA4,0x5E,0xB6,0x76,0xBE,0x24,0xC4,0x00}},
  {29390,8,{0xBE,0x6A,0xFE,0x6A,0xFE,0x48,0x88,0x00}},
  {29392,8,{0xA2,0x5C,0xD4,0x54,0xD4,0x56,0xAA,0x00}},
  {29394,8,{0x94,0x7E,0xDE,0x74,0xFE,0x56,0xA4,0x00}},
  {29399,8,{0xA8,0x4E,0xB2,0x6E,0xAE,0x22,0xC6,0x00}},
  {29401,8,{0xBC,0x54,0xDC,0x54,0xDC,0x54,0xBE,0x00}},
  {29403,8,{0xA8,0x5E,0xD2,0x5E,0xD2,0x52,0x9E,0x00}},
  {29408,8,{0xBE,0x52,0xDE,0x52,0xDE,0x54,0x9A,0x00}},
  {29409,8,{0x88,0x7E,0xD4,0x62,0xD4,0x48,0xB6,0x00}},
  {29410,8,{0xAC,0x54,0xC8,0x54,0xE2,0x5C,0x9C,0x00}},
  {29417,8,{0xA8,0x5E,0xD2,0x44,0xFE,0x54,0x8C,0x00}},
  {29420,8,{0xA8,0x5E,0xBA,0x7E,0xA8,0x2A,0xDE,0x00}},
  {29421,8,{0xA8,0x7E,0xC8,0x6A,0xFE,0x48,0xB6,0x00}},
  {29431,8,{0xAC,0x4C,0xA0,0x7E,0xB2,0x3E,0xD2,0x00}},
  {29432,8,{0xBE,0x6A,0xFE,0x6A,0xFE,0x48,0xBE,0x00}},
  {29433,8,{0x88,0x7E,0xDC,0x5C,0xEA,0x48,0xB6,0x00}},
  {29436,8,{0xA4,0x5E,0xD2,0x5E,0xDA,0x54,0x9A,0x00}},
  {29437,8,{0xBE,0x52,0xBE,0x72,0xBE,0x20,0xD2,0x00}},
  {29450,8,{0x96,0x62,0xF6,0x62,0xFE,0x54,0xA6,0x00}},
  {29462,8,{0xAC,0x4C,0xBE,0x72,0xBE,0x32,0xDE,0x00}},
  {29463,8,{0x88,0x7E,0xC8,0x54,0xFE,0x44,0x94,0x00}},
  {29467,8,{0xAC,0x44,0xFE,0x48,0xDC,0x5C,0xBE,0x00}},
  {29468,8,{0xA8,0x5C,0xC8,0x7E,0xDC,0x5C,0x94,0x00}},
  {29469,8,{0x88,0x7E,0xD4,0x54,0xEA,0x7E,0x88,0x00}},
  {29471,8,{0xAA,0x44,0xBE,0x6A,0xBE,0x2A,0xCA,0x00}},
  {29477,8,{0xBE,0x56,0xBE,0x60,0xBE,0x34,0xDA,0x00}},
  {29481,8,{0xAE,0x4A,0xAE,0x74,0xAE,0x24,0xDE,0x00}},
  {29482,8,{0xAA,0x5C,0xC8,0x7E,0xD0,0x6E,0x8E,0x00}},
  {29483,8,{0x94,0x7E,0xD4,0x7E,0xFE,0x6A,0xBE,0x00}},
  {29486,8,{0x26,0xF4,0x2E,0xF4,0xD4,0xF4,0xBA,0x00}},
  {29487,8,{0xAA,0x7E,0xC0,0x7E,0xD0,0x7E,0xAA,0x00}},
  {29492,8,{0xAC,0x64,0xFE,0x68,0xFE,0x64,0xBA,0x00}},
  {29494,8,{0x94,0x7E,0xD4,0x7E,0xF6,0x62,0xBE,0x00}},
  {29495,8,{0x56,0xF4,0x6E,0xF4,0xD4,0x94,0xFA,0x00}},
  {29502,8,{0x9C,0x54,0xFE,0x62,0xDC,0x5C,0x94,0x00}},
  {29503,8,{0xA8,0x5C,0xBE,0x72,0xBE,0x34,0xDA,0x00}},
  {29508,8,{0xB6,0x5C,0xA6,0x7C,0xA4,0x3C,0xDA,0x00}},
  {29509,8,{0xAE,0x74,0xBE,0x6E,0xBE,0x34,0xC4,0x00}},
  {29518,8,{0xA6,0xEA,0x7E,0xA4,0xFE,0x10,0xEE,0x00}},
  {29519,8,{0x94,0x7E,0xDC,0x54,0xFE,0x48,0xB6,0x00}},
  {29527,8,{0xBE,0x68,0xD6,0x6E,0xF4,0x54,0xAA,0x00}},
  {29539,8,{0xD6,0x74,0x7E,0x04,0xF4,0x54,0x7A,0x00}},
  {29544,8,{0xBE,0x6A,0xDE,0x62,0xDA,0x5E,0xBA,0x00}},
  {29546,8,{0xA8,0x54,0xFE,0x6A,0xFE,0x54,0x9C,0x00}},
  {29552,8,{0xA8,0x7E,0xFA,0x5C,0xFE,0x48,0x98,0x00}},
  {29554,8,{0x94,0x7E,0xDC,0x5E,0xD4,0x48,0xB6,0x00}},
  {29557,8,{0xAA,0x54,0xDE,0x56,0xDA,0x5E,0xAA,0x00}},
  {29560,8,{0xF6,0xF4,0x7E,0x74,0xF4,0x54,0x7A,0x00}},
  {29562,8,{0x96,0x7A,0xF0,0x7E,0xDE,0x70,0x9A,0x00}},
  {29563,8,{0x26,0x34,0xEE,0xB4,0xE4,0xF4,0xDA,0x00}},
  {29572,8,{0x10,0xFE,0x20,0x68,0x10,0x24,0xFA,0x00}},
  {29575,8,{0x10,0xFE,0x54,0x20,0x54,0xFE,0x10,0x00}},
  {29577,8,{0xFE,0x10,0x10,0x7C,0x10,0x14,0xFE,0x00}},
  {29579,8,{0xFE,0x10,0x10,0x7C,0x10,0x10,0xFE,0x00}},
  {29590,8,{0xE8,0x4E,0x52,0xE4,0x44,0xEA,0x12,0x00}},
  {29609,8,{0xDC,0x40,0x7E,0xD4,0x54,0xD4,0x26,0x00}},
  {29618,8,{0xE8,0x54,0x6E,0xC0,0x7E,0xCA,0x08,0x00}},
  {29619,8,{0xD6,0x64,0x6E,0xE4,0x64,0xE4,0x22,0x00}},
  {29627,8,{0xC8,0x7E,0x6A,0xFC,0x74,0xE8,0x36,0x00}},
  {29632,8,{0xE8,0x5E,0x72,0xDE,0x72,0xD2,0x1E,0x00}},
  {29634,8,{0xFE,0x42,0x5E,0xF6,0x5E,0xE2,0x06,0x00}},
  {29640,8,{0xD0,0x7E,0x5A,0xDA,0x6A,0xCE,0x18,0x00}},
  {29642,8,{0xDE,0x5A,0x5A,0xFE,0x5A,0xDA,0x12,0x00}},
  {29645,8,{0xE8,0x54,0x6A,0xC4,0x6A,0xC4,0x18,0x00}},
  {29646,8,{0xD0,0x5E,0x68,0xDC,0x5A,0xEA,0x18,0x00}},
  {29662,8,{0xEC,0x54,0x48,0xD4,0x62,0xDC,0x1C,0x00}},
  {29664,8,{0xD8,0x5C,0x68,0xFE,0x48,0xDC,0x2A,0x00}},
  {29669,8,{0xFE,0x54,0x5C,0xDC,0x54,0xFE,0x04,0x00}},
  {29674,8,{0xE8,0x5C,0x48,0xFE,0x5C,0xC8,0x3E,0x00}},
  {29677,8,{0xE6,0x4C,0x6C,0xEE,0x4C,0xD4,0x2E,0x00}},
  {29678,8,{0xFE,0x62,0x7E,0xEA,0x7E,0xFE,0x2A,0x00}},
  {29681,8,{0xEA,0x44,0x48,0xFE,0x54,0xCC,0x32,0x00}},
  {29688,8,{0xDC,0x48,0x7C,0xD4,0x7E,0xD4,0x1C,0x00}},
  {29694,8,{0xFE,0x52,0x5E,0xF2,0x5E,0xEC,0x16,0x00}},
  {29699,8,{0xCA,0x7E,0x48,0xEA,0x5C,0xEA,0x18,0x00}},
  {29701,8,{0xE4,0x5E,0x72,0xDE,0x7A,0xD4,0x1A,0x00}},
  {29702,8,{0xFE,0x6A,0x7E,0xEA,0x7E,0xC8,0x3E,0x00}},
  {29705,8,{0xC8,0x7E,0x54,0xFA,0x58,0xDA,0x2A,0x00}},
  {29730,8,{0xFE,0x50,0x5A,0xEC,0x5C,0xEA,0x18,0x00}},
  {29733,8,{0xE4,0x46,0x5C,0xF6,0x50,0xEC,0x16,0x00}},
  {29746,8,{0xD4,0x76,0x54,0xF6,0x54,0xF6,0x14,0x00}},
  {29747,8,{0xD4,0x7E,0x54,0xFC,0x7E,0xD4,0x14,0x00}},
  {29748,8,{0xEE,0x44,0xEE,0x38,0xC6,0x38,0x08,0x00}},
  {29749,8,{0xEE,0x44,0xEE,0x48,0x6E,0x48,0xEE,0x00}},
  {29750,8,{0xEE,0x44,0xFE,0x54,0x7C,0x42,0x3E,0x00}},
  {29754,8,{0xE4,0x4E,0x64,0xCE,0x64,0xE8,0x2E,0x00}},
  {29759,8,{0xFE,0x6A,0x7E,0xDC,0x5C,0xFE,0x08,0x00}},
  {29761,8,{0xFE,0x62,0x6E,0xD4,0x5C,0xD4,0x1C,0x00}},
  {29781,8,{0xF6,0x72,0x66,0xFE,0x6A,0xF4,0x2A,0x00}},
  {29785,8,{0xEA,0x54,0x6A,0xDE,0x76,0xDA,0x1E,0x00}},
  {29786,8,{0xD6,0x7E,0x56,0xFE,0x6E,0xFE,0x0A,0x00}},
  {29787,8,{0xD4,0x7E,0x54,0xEA,0x7E,0xC8,0x36,0x00}},
  {29788,8,{0xD8,0x54,0x6E,0xC0,0x5A,0xDC,0x1A,0x00}},
  {29790,8,{0xEA,0x7E,0x40,0xFE,0x50,0xFE,0x2A,0x00}},
  {29791,8,{0xEE,0x44,0xEE,0x28,0xB2,0x20,0xDE,0x00}},
  {29792,8,{0xCE,0x76,0x66,0xFA,0x5C,0xDC,0x1C,0x00}},
  {29795,8,{0xD4,0x6A,0x5C,0xD4,0x5C,0xDC,0x22,0x00}},
  {29796,8,{0xEC,0x54,0x48,0xDE,0x64,0xD6,0x1E,0x00}},
  {29801,8,{0xAA,0x44,0xFE,0x92,0x7C,0x14,0xFE,0x00}},
  {29802,8,{0xFE,0x68,0x7C,0xE8,0x7E,0xC2,0x2A,0x00}},
  {29807,8,{0xD6,0x7E,0x6C,0xFE,0x66,0xEC,0x34,0x00}},
  {29808,8,{0xD0,0x7E,0x6A,0xFE,0x6A,0xDC,0x2E,0x00}},
  {29811,8,{0xD4,0x7E,0x48,0xFE,0x5E,0xD4,0x2E,0x00}},
  {29814,8,{0xE6,0x5A,0x48,0xFE,0x48,0xEA,0x3E,0x00}},
  {29822,8,{0xD4,0x7E,0x54,0xFE,0x7E,0xC8,0x3E,0x00}},
  {29827,8,{0xC8,0x7E,0x54,0xDC,0x7E,0xEE,0x3A,0x00}},
  {29835,8,{0xC8,0x7E,0x54,0xFE,0x5C,0xFE,0x08,0x00}},
  {29854,8,{0xEA,0x7E,0x54,0xFE,0x5C,0xC8,0x36,0x00}},
  {29858,8,{0xFE,0x54,0x76,0xF6,0x7E,0xEA,0x3E,0x00}},
  {29863,8,{0x64,0x6E,0xCA,0x64,0xFE,0x3C,0xFE,0x00}},
  {29872,8,{0xFE,0x6A,0x7E,0xD4,0x5C,0xEA,0x08,0x00}},
  {29885,8,{0xFE,0x54,0xFE,0xB6,0xDA,0x7C,0xFE,0x00}},
  {29898,8,{0xEC,0x56,0x4E,0xEE,0x5A,0xE4,0x1A,0x00}},
  {29903,8,{0xD6,0x7C,0x6E,0xFA,0x6E,0xFC,0x2E,0x00}},
  {29908,8,{0xF6,0x76,0x6A,0xD0,0x7E,0xD4,0x3A,0x00}},
  {29916,8,{0x0C,0x70,0x54,0x54,0x54,0x54,0xBA,0x00}},
  {29920,8,{0x42,0xFC,0x54,0xB4,0x54,0x3A,0x6A,0x00}},
  {29922,8,{0xF2,0x7C,0x74,0x14,0xF4,0x36,0xAA,0x00}},
  {29923,8,{0x54,0xFE,0xBA,0x74,0xFE,0x74,0xB4,0x00}},
  {29926,8,{0xFE,0x20,0x38,0x28,0x58,0x4A,0xEE,0x00}},
  {29927,8,{0xF4,0x44,0x6E,0x64,0x64,0x64,0xDE,0x00}},
  {29929,8,{0xF2,0x4C,0x64,0x6E,0x64,0x64,0xDE,0x00}},
  {29934,8,{0x28,0xC6,0x20,0xFE,0x3C,0x24,0xF6,0x00}},
  {29936,8,{0xF4,0x4A,0x60,0x6E,0x66,0x6A,0xDE,0x00}},
  {29937,8,{0xF2,0x4C,0x66,0x6C,0x64,0x66,0xDE,0x00}},
  {29938,8,{0xE4,0x5E,0x64,0x76,0x7C,0x66,0xBE,0x00}},
  {29942,8,{0xBE,0x50,0xFC,0x74,0xFC,0x74,0xBA,0x00}},
  {29943,8,{0x90,0x1E,0x2A,0x94,0xFE,0x24,0xF6,0x00}},
  {29944,8,{0xEE,0x44,0x6A,0x6E,0x6A,0x6E,0xDE,0x00}},
  {29955,8,{0x14,0xEE,0x74,0xAA,0xFE,0x24,0xF6,0x00}},
  {29956,8,{0xFE,0x48,0xEC,0xEC,0xEC,0x4C,0xFA,0x00}},
  {29957,8,{0xEE,0x48,0x6E,0x6E,0x74,0x6E,0xDE,0x00}},
  {29964,8,{0xFE,0xB8,0xBC,0x8C,0xDC,0xDC,0xFA,0x00}},
  {29965,8,{0x28,0xFE,0x54,0xFE,0xBE,0x24,0xF6,0x00}},
  {29966,8,{0x5E,0xE8,0x6C,0x6C,0xEC,0x2C,0xBA,0x00}},
  {29969,8,{0xBE,0x10,0xFC,0xF4,0x1C,0xD4,0xFA,0x00}},
  {29971,8,{0x64,0x6E,0xCA,0x64,0xFE,0x24,0xF6,0x00}},
  {29973,8,{0x10,0xFE,0x5C,0x9E,0xFE,0x24,0xF6,0x00}},
  {29976,8,{0x44,0xFE,0x44,0x7C,0x44,0x44,0x7C,0x00}},
  {29978,8,{0x28,0xFE,0x28,0x38,0xFE,0x54,0x7E,0x00}},
  {29980,8,{0x2A,0xDE,0xEA,0x4E,0xEA,0xAA,0xEE,0x00}},
  {29982,8,{0x54,0xFE,0xBA,0x44,0xFE,0x44,0x7C,0x00}},
  {29983,8,{0x50,0x7E,0x90,0x10,0x7C,0x10,0xFE,0x00}},
  {29987,8,{0x10,0xFE,0x24,0x7E,0x5C,0x48,0xBE,0x00}},
  {29989,8,{0xDE,0xF6,0x5E,0xF6,0x5E,0xEA,0x16,0x00}},
  {29990,8,{0xEC,0x4E,0xF4,0xEE,0xC4,0x5E,0xBE,0x00}},
  {29992,8,{0x7E,0x52,0x7E,0x52,0x7E,0x52,0x96,0x00}},
  {29995,8,{0x14,0xFE,0x10,0x7C,0x54,0x7C,0x54,0x00}},
  {29996,8,{0x7E,0x04,0x7E,0x52,0x7E,0x52,0x56,0x00}},
  {30000,8,{0xFE,0x92,0x92,0xFE,0x92,0x92,0xFE,0x00}},
  {30001,8,{0x10,0xFE,0x92,0xFE,0x92,0x92,0xFE,0x00}},
  {30002,8,{0xFE,0x92,0xFE,0x92,0xFE,0x10,0x10,0x00}},
  {30003,8,{0x10,0xFE,0x92,0xFE,0x92,0xFE,0x10,0x00}},
  {30007,8,{0x7C,0x54,0x7C,0x54,0xFE,0x22,0xC6,0x00}},
  {30008,8,{0x40,0x7E,0xD6,0x7E,0x56,0x7E,0x02,0x00}},
  {30010,8,{0xF0,0xBE,0xF4,0xB4,0xB4,0xF4,0x0C,0x00}},
  {30011,8,{0xFE,0x10,0xBA,0xBA,0xBA,0x82,0xFE,0x00}},
  {30012,8,{0x7C,0x54,0x7C,0x54,0xFE,0x10,0x30,0x00}},
  {30020,8,{0x52,0x04,0x7E,0x52,0x7E,0x52,0x7E,0x00}},
  {30022,8,{0x44,0xE4,0x04,0xE4,0xE8,0xEA,0xFE,0x00}},
  {30025,8,{0x04,0xEE,0xE4,0xFE,0xE4,0xE4,0x1A,0x00}},
  {30026,8,{0x0A,0xFE,0xEA,0xEA,0xFE,0xEA,0x12,0x00}},
  {30027,8,{0x08,0xEE,0xFA,0xEA,0xEA,0xE4,0x1A,0x00}},
  {30028,8,{0x7C,0x54,0x7C,0x54,0x7C,0xAA,0x48,0x00}},
  {30029,8,{0x04,0xEA,0xF0,0xEA,0xEA,0xEA,0x12,0x00}},
  {30031,8,{0x7C,0x54,0x7C,0x54,0xFE,0x48,0xE6,0x00}},
  {30033,8,{0x5E,0x56,0xF6,0xDE,0x56,0x76,0x9E,0x00}},
  {30036,8,{0x04,0xF6,0xE4,0xFE,0xE4,0xFE,0x04,0x00}},
  {30041,8,{0x2E,0xC6,0x96,0xEA,0x7C,0x54,0x7C,0x00}},
  {30042,8,{0x28,0x74,0xFE,0x44,0xBE,0x34,0x3C,0x00}},
  {30043,8,{0x08,0xF4,0xEA,0xE4,0xEA,0xE4,0x18,0x00}},
  {30044,8,{0x10,0xFE,0x60,0x12,0xFE,0x54,0x7C,0x00}},
  {30045,8,{0x48,0xEE,0x12,0xE4,0xE4,0xEA,0xF2,0x00}},
  {30048,8,{0x10,0x7C,0x44,0x7C,0xFE,0x92,0xFE,0x00}},
  {30050,8,{0x7C,0x54,0x7C,0xFE,0x54,0xFE,0x10,0x00}},
  {30052,8,{0x08,0xFC,0xE8,0xFE,0xE4,0xFE,0x14,0x00}},
  {30053,8,{0x06,0xEA,0xE4,0xEA,0xF0,0xEE,0x0E,0x00}},
  {30054,8,{0x04,0xEE,0xE4,0xFE,0xEE,0xE4,0x1E,0x00}},
  {30055,8,{0x7C,0x54,0x7C,0x28,0x10,0xEE,0x38,0x00}},
  {30057,8,{0x08,0xFE,0xE8,0xFA,0xF4,0xF4,0x1A,0x00}},
  {30058,8,{0xFE,0x54,0xFE,0x38,0xD6,0x7C,0x7C,0x00}},
  {30059,8,{0x10,0x7C,0x16,0x7C,0xFE,0x54,0xFE,0x00}},
  {30061,8,{0x04,0xEA,0xFE,0xE4,0xFE,0xE4,0x16,0x00}},
  {30064,8,{0x7C,0x54,0x7C,0x28,0xFE,0x00,0xC6,0x00}},
  {30067,8,{0x7C,0x54,0x7C,0xFE,0xBA,0x28,0xFE,0x00}},
  {30068,8,{0x08,0xFC,0xFE,0xF4,0xFE,0xE4,0x14,0x00}},
  {30070,8,{0x54,0xFE,0xAA,0x38,0x7C,0x54,0x7C,0x00}},
  {30071,8,{0x3E,0xD4,0xEA,0xFE,0xEA,0xD4,0x2A,0x00}},
  {30072,8,{0x04,0xFE,0xE4,0xEA,0xFE,0xE2,0x0A,0x00}},
  {30079,8,{0x54,0x98,0x54,0xFC,0x0A,0xE4,0xEA,0x00}},
  {30082,8,{0x38,0xBA,0x44,0xFE,0xBA,0x28,0xFE,0x00}},
  {30086,8,{0xFE,0x2C,0x6C,0x5E,0xEC,0x6C,0xDE,0x00}},
  {30087,8,{0x08,0xFC,0xFE,0xE8,0xFE,0xF4,0x0C,0x00}},
  {30089,8,{0x38,0x38,0xEE,0xFE,0xAA,0x50,0xFE,0x00}},
  {30090,8,{0x38,0x38,0xEE,0xFE,0xBA,0x28,0xFE,0x00}},
  {30091,8,{0xFE,0x12,0x10,0x5C,0x50,0x50,0xBE,0x00}},
  {30094,8,{0xE8,0x3E,0x5A,0x7E,0xC8,0xDC,0xEA,0x00}},
  {30095,8,{0xE8,0x3E,0x54,0x7A,0xD8,0xDA,0xEA,0x00}},
  {30097,8,{0x9E,0xE4,0x9E,0x6A,0xEC,0x58,0xB6,0x00}},
  {30100,8,{0x08,0x7E,0xC0,0x7E,0xC8,0x48,0x98,0x00}},
  {30106,8,{0x08,0x7E,0xCC,0x54,0xC4,0x48,0xB6,0x00}},
  {30109,8,{0x08,0x7E,0xC0,0x48,0xEA,0x6A,0xBE,0x00}},
  {30115,8,{0x08,0x7E,0xC8,0x7E,0xCC,0x4C,0xB6,0x00}},
  {30117,8,{0x08,0x7E,0xC8,0x54,0xF6,0x54,0xA4,0x00}},
  {30123,8,{0x08,0x7E,0xDC,0x54,0xEE,0x4C,0xB6,0x00}},
  {30129,8,{0x08,0x7E,0xD0,0x5E,0xEE,0x48,0x8E,0x00}},
  {30130,8,{0x08,0x7E,0xC4,0x5E,0xDA,0x54,0xAA,0x00}},
  {30131,8,{0x08,0x7E,0xD4,0x7E,0xD4,0x54,0x9C,0x00}},
  {30133,8,{0x08,0x7E,0xD4,0x5E,0xF4,0x7C,0xB6,0x00}},
  {30136,8,{0x08,0x7E,0xDC,0x54,0xDC,0x40,0xBE,0x00}},
  {30137,8,{0x08,0x7E,0xC8,0x54,0xEA,0x44,0x98,0x00}},
  {30140,8,{0x08,0x7E,0xCC,0x54,0xCC,0x72,0x88,0x00}},
  {30141,8,{0x08,0x7E,0xDC,0x54,0xDC,0x54,0xBE,0x00}},
  {30142,8,{0x08,0x7E,0xD0,0x5C,0xFE,0x48,0xB6,0x00}},
  {30146,8,{0x08,0x7E,0xD0,0x7E,0xDA,0x5A,0xAE,0x00}},
  {30147,8,{0x08,0x7E,0xC8,0x7E,0xD0,0x4A,0xBE,0x00}},
  {30149,8,{0x08,0x7E,0xDC,0x7E,0xEA,0x76,0xA2,0x00}},
  {30151,8,{0x08,0x7E,0xDE,0x44,0xD6,0x54,0xBE,0x00}},
  {30154,8,{0x08,0x7E,0xC8,0x54,0xFE,0x48,0xBE,0x00}},
  {30157,8,{0x08,0x7E,0xFC,0x58,0xDE,0x4A,0xB6,0x00}},
  {30162,8,{0x08,0x7E,0xD4,0x7E,0xC8,0x7E,0x88,0x00}},
  {30164,8,{0x08,0x7E,0xDC,0x48,0xFE,0x54,0x8C,0x00}},
  {30165,8,{0x08,0x7E,0xDC,0x54,0xDC,0x54,0x9A,0x00}},
  {30168,8,{0x08,0x7E,0xC0,0x5E,0xD2,0x4C,0x9E,0x00}},
  {30169,8,{0x08,0x7E,0xCA,0x54,0xFE,0x48,0xBE,0x00}},
  {30171,8,{0x08,0x7E,0xC4,0x7E,0xEA,0x7E,0xAA,0x00}},
  {30174,8,{0x08,0x7E,0xDE,0x4C,0xD6,0x6C,0x8C,0x00}},
  {30178,8,{0x08,0x7E,0xC8,0x76,0xD6,0x7A,0x96,0x00}},
  {30179,8,{0x08,0x7E,0xDC,0x48,0xDC,0x72,0xAE,0x00}},
  {30185,8,{0x08,0x7E,0xDC,0x7E,0xD4,0x48,0xB6,0x00}},
  {30192,8,{0x08,0x7E,0xEA,0x48,0xF6,0x48,0xB6,0x00}},
  {30194,8,{0x08,0x7E,0xD4,0x7E,0xFE,0x7E,0x94,0x00}},
  {30195,8,{0x08,0x7E,0xD4,0x7E,0xD4,0x7E,0x94,0x00}},
  {30196,8,{0x08,0x7E,0xD0,0x5E,0xF6,0x56,0xA8,0x00}},
  {30202,8,{0x08,0x7E,0xDA,0x5E,0xCC,0x5E,0x84,0x00}},
  {30204,8,{0x08,0x7E,0xEA,0x7E,0xEA,0x76,0xBE,0x00}},
  {30206,8,{0x08,0x7E,0xF2,0x6E,0xFE,0x72,0xA6,0x00}},
  {30207,8,{0x08,0x7E,0xDC,0x6A,0xFE,0x54,0xBA,0x00}},
  {30209,8,{0x08,0x7E,0xFE,0x54,0xEA,0x7E,0x88,0x00}},
  {30217,8,{0x08,0x7E,0xC8,0x54,0xFA,0x5C,0x9A,0x00}},
  {30219,8,{0x08,0x7E,0xE4,0x7C,0xFC,0x6C,0xDA,0x00}},
  {30221,8,{0x08,0x7E,0xD4,0x5C,0xFE,0x56,0xAA,0x00}},
  {30239,8,{0x08,0x7E,0xD6,0x5A,0xDE,0x4C,0x9E,0x00}},
  {30240,8,{0x08,0x7E,0xF6,0x48,0xF6,0x5C,0x94,0x00}},
  {30241,8,{0x08,0x7E,0xC8,0x54,0xFA,0x5C,0xAC,0x00}},
  {30242,8,{0x08,0x7E,0xD0,0x7E,0xFA,0x74,0xBA,0x00}},
  {30244,8,{0x08,0x7E,0xD6,0x66,0xFA,0x5C,0x9C,0x00}},
  {30247,8,{0x08,0x7E,0xCC,0x58,0xD6,0x5C,0xA6,0x00}},
  {30256,8,{0x08,0x7E,0xDC,0x5C,0xFE,0x48,0xAA,0x00}},
  {30260,8,{0x08,0x7E,0xD4,0x7E,0xDC,0x7E,0x88,0x00}},
  {30267,8,{0x08,0x7E,0xDC,0x7E,0xFE,0x54,0xBA,0x00}},
  {30274,8,{0x08,0x7E,0xD4,0x7E,0xD4,0x48,0xAA,0x00}},
  {30278,8,{0x08,0x7E,0xEA,0x54,0xFE,0x6E,0x94,0x00}},
  {30279,8,{0x08,0x7E,0xF6,0x62,0xEE,0x6E,0xB6,0x00}},
  {30280,8,{0x08,0x7E,0xFA,0x5C,0xEA,0x54,0xAA,0x00}},
  {30284,8,{0x08,0x7E,0xDC,0x76,0xF6,0x6A,0xBE,0x00}},
  {30290,8,{0x08,0x7E,0xC8,0x76,0xF4,0x52,0xAE,0x00}},
  {30294,8,{0x08,0x7E,0xF4,0x7E,0xEA,0x7E,0xB4,0x00}},
  {30296,8,{0x08,0x7E,0xD4,0x7E,0xDC,0x7E,0xAE,0x00}},
  {30300,8,{0x08,0x7E,0xF0,0x6E,0xFA,0x44,0xAA,0x00}},
  {30305,8,{0x08,0x7E,0xE6,0x7A,0xFE,0x54,0xAA,0x00}},
  {30306,8,{0x08,0x7E,0xD4,0x7E,0xDC,0x7A,0x94,0x00}},
  {30311,8,{0x08,0x7E,0xDE,0x5A,0xD0,0x54,0xAE,0x00}},
  {30312,8,{0x08,0x7E,0xDC,0x6A,0xDC,0x78,0x9E,0x00}},
  {30313,8,{0x08,0x7E,0xF2,0x76,0xE6,0x70,0xAA,0x00}},
  {30314,8,{0x08,0x7E,0xF4,0x5E,0xF6,0x70,0x9A,0x00}},
  {30316,8,{0x08,0x7E,0xD0,0x7A,0xF4,0x4E,0xB4,0x00}},
  {30320,8,{0x08,0x7E,0xD6,0x6C,0xD6,0x74,0xBE,0x00}},
  {30322,8,{0x08,0x7E,0xE6,0x76,0xF6,0x40,0xAA,0x00}},
  {30326,8,{0x00,0x74,0xAA,0x44,0x82,0x00,0x00,0x00}},
  {30328,8,{0x74,0xAA,0x44,0xBA,0x7C,0x10,0xEE,0x00}},
  {30330,8,{0x74,0xAA,0x44,0xBA,0x7C,0x28,0xCE,0x00}},
  {30331,8,{0x74,0xAA,0x44,0xBA,0x28,0x10,0xFE,0x00}},
  {30332,8,{0x74,0xAA,0x44,0xAE,0x4A,0x24,0x6A,0x00}},
  {30333,8,{0x10,0x7E,0x42,0x7E,0x42,0x42,0x7E,0x00}},
  {30334,8,{0xFE,0x10,0x7C,0x44,0x7C,0x44,0x7C,0x00}},
  {30336,8,{0x10,0x7C,0x44,0x7C,0x70,0x42,0x3E,0x00}},
  {30339,8,{0x10,0x7C,0x44,0x7C,0x7C,0x2A,0xCE,0x00}},
  {30340,8,{0x48,0xEE,0xB2,0xEA,0xA6,0xE2,0x06,0x00}},
  {30342,8,{0x48,0x6E,0x48,0xEE,0x10,0x7C,0x7C,0x00}},
  {30343,8,{0x10,0x7C,0x44,0x7C,0xFE,0x10,0xFE,0x00}},
  {30344,8,{0x5E,0xF0,0xBE,0xFA,0xBA,0xE4,0x1A,0x00}},
  {30347,8,{0x10,0x7C,0x44,0xFE,0x54,0xBA,0x10,0x00}},
  {30350,8,{0x44,0xFE,0xAA,0xF0,0xAA,0xE4,0x1A,0x00}},
  {30352,8,{0x10,0x7C,0x7C,0xD6,0x10,0xFE,0x10,0x00}},
  {30355,8,{0x4C,0xEE,0xB4,0xFE,0xA0,0xEE,0x0E,0x00}},
  {30358,8,{0x44,0xFE,0xB6,0xE0,0xBE,0xEC,0x16,0x00}},
  {30361,8,{0x2E,0xF8,0x6E,0xB4,0x10,0x7C,0x7C,0x00}},
  {30362,8,{0x56,0xFE,0xA0,0xFE,0xB2,0xEC,0x1E,0x00}},
  {30382,8,{0x08,0x7E,0x4A,0x7C,0x54,0x48,0xB6,0x00}},
  {30384,8,{0x48,0xEE,0xD2,0xEE,0xAE,0xC8,0xAE,0x00}},
  {30388,8,{0x54,0xFE,0x5C,0x8E,0x3A,0x5C,0xAA,0x00}},
  {30391,8,{0x44,0xFE,0x56,0xBE,0xDA,0x74,0xDA,0x00}},
  {30392,8,{0xF4,0xBE,0xFC,0x6E,0x6A,0xFC,0x2A,0x00}},
  {30393,8,{0x5E,0xF6,0xDE,0xEC,0xAC,0xDE,0xA4,0x00}},
  {30394,8,{0x44,0x7E,0xB6,0x5E,0x7A,0xB4,0x5A,0x00}},
  {30399,8,{0x00,0x7C,0x54,0x54,0x54,0x54,0xFE,0x00}},
  {30402,8,{0x7C,0x10,0xFE,0x30,0x7C,0x54,0xFE,0x00}},
  {30403,8,{0xFE,0x10,0x34,0xD2,0x7C,0x54,0xFE,0x00}},
  {30406,8,{0x28,0x44,0xFA,0x28,0x7C,0x54,0xFE,0x00}},
  {30408,8,{0xF8,0x2E,0x52,0xAA,0x7C,0x54,0xFE,0x00}},
  {30410,8,{0x44,0xFE,0x44,0x82,0x7C,0x54,0xFE,0x00}},
  {30413,8,{0x10,0x7C,0xFE,0x24,0xFA,0x7C,0xFE,0x00}},
  {30418,8,{0x10,0x28,0xFE,0x38,0x7C,0x54,0xFE,0x00}},
  {30422,8,{0x44,0xFE,0x10,0xFE,0x7C,0x54,0xFE,0x00}},
  {30423,8,{0x90,0x1E,0x2A,0x94,0x7C,0x54,0xFE,0x00}},
  {30427,8,{0x04,0x7E,0x64,0xAA,0x7C,0x54,0xFE,0x00}},
  {30428,8,{0x90,0x1E,0xAA,0x14,0xBC,0x34,0xFE,0x00}},
  {30430,8,{0x14,0xFC,0x32,0xCC,0x32,0x7C,0xFE,0x00}},
  {30431,8,{0xEE,0xAA,0xEE,0x12,0x7C,0x54,0xFE,0x00}},
  {30433,8,{0x10,0x7C,0x16,0x7C,0xAA,0x7C,0xFE,0x00}},
  {30435,8,{0xE8,0xCE,0xD0,0xE6,0x7C,0x54,0xFE,0x00}},
  {30436,8,{0x6E,0x6A,0xF4,0xAA,0x7C,0x54,0xFE,0x00}},
  {30437,8,{0x56,0xBA,0xD6,0xBA,0xD6,0x7C,0xFE,0x00}},
  {30439,8,{0x08,0x0E,0x78,0x4E,0x5C,0x5C,0xBE,0x00}},
  {30442,8,{0x9C,0x14,0xBE,0x16,0xAA,0x7C,0xFE,0x00}},
  {30446,8,{0x7E,0x42,0x7E,0x42,0x7E,0x42,0x7E,0x00}},
  {30450,8,{0x10,0xFE,0x40,0x7C,0x7C,0x44,0x7C,0x00}},
  {30452,8,{0x10,0xFE,0x10,0xBC,0xA4,0xBC,0xFE,0x00}},
  {30456,8,{0x2E,0xFA,0x2E,0x7A,0x6E,0xAA,0x2E,0x00}},
  {30459,8,{0xE4,0xAA,0xFE,0xA8,0xEE,0xA2,0xE6,0x00}},
  {30462,8,{0x06,0x78,0x7E,0x48,0x5C,0x5C,0x9C,0x00}},
  {30465,8,{0x10,0x54,0x92,0x3C,0xE4,0x3C,0x3C,0x00}},
  {30468,8,{0xEE,0xA4,0xF6,0xB6,0xFE,0xA2,0xE6,0x00}},
  {30471,8,{0xE8,0xBC,0xFA,0xA8,0xEA,0xA4,0xF8,0x00}},
  {30472,8,{0xE8,0xBE,0xFA,0xA8,0xEC,0xAC,0xF6,0x00}},
  {30473,8,{0x7E,0x4A,0x7E,0x52,0x5E,0x52,0x9E,0x00}},
  {30475,8,{0x0C,0x70,0x3C,0xFE,0x7C,0xA4,0x3C,0x00}},
  {30476,8,{0x3C,0xA4,0xBC,0xA4,0xFE,0x10,0x92,0x00}},
  {30491,8,{0xE8,0xBC,0xE8,0xBE,0xE8,0xBC,0xEA,0x00}},
  {30494,8,{0x40,0x7C,0x38,0xB8,0xFE,0x00,0xC6,0x00}},
  {30495,8,{0x10,0xFE,0x38,0x38,0xFE,0x00,0xC6,0x00}},
  {30496,8,{0xFE,0xB2,0xFE,0xB4,0xFE,0xB4,0xFA,0x00}},
  {30500,8,{0xFE,0xB2,0xFE,0xB4,0xF6,0xB4,0xE6,0x00}},
  {30501,8,{0x24,0xB6,0xA4,0xF6,0x7C,0x7C,0x7C,0x00}},
  {30502,8,{0xF4,0xB4,0xFE,0xB4,0xF4,0xBC,0xF6,0x00}},
  {30505,8,{0xE4,0xBE,0xE8,0xBA,0xE4,0xAA,0xFE,0x00}},
  {30519,8,{0x54,0x92,0x28,0xFE,0x44,0xBA,0x38,0x00}},
  {30520,8,{0xE8,0xB2,0xFE,0xAE,0xF4,0xBE,0xE4,0x00}},
  {30522,8,{0xF4,0xB6,0xF4,0xB6,0xF4,0xB4,0xE6,0x00}},
  {30524,8,{0xFE,0xB2,0xFE,0xB2,0xFE,0xB4,0xFA,0x00}},
  {30528,8,{0x44,0xFE,0x10,0xFE,0x5C,0x5C,0x9C,0x00}},
  {30535,8,{0xEA,0xBE,0xE6,0xBE,0xF4,0xAE,0xF6,0x00}},
  {30554,8,{0xFE,0xB4,0xFE,0xB4,0xFE,0xB4,0xEE,0x00}},
  {30555,8,{0xE4,0xAE,0xE4,0xBE,0xEE,0xAE,0xEA,0x00}},
  {30561,8,{0xEE,0xA4,0xFE,0xAC,0xFE,0xA4,0xEE,0x00}},
  {30563,8,{0x2E,0x3A,0xF4,0xAA,0x7C,0x44,0x7C,0x00}},
  {30565,8,{0xE8,0xBE,0xFA,0xBE,0xEC,0xBE,0xE4,0x00}},
  {30566,8,{0xE8,0xBC,0xFE,0xB4,0xE6,0xA8,0xFE,0x00}},
  {30568,8,{0xE8,0xB6,0xFA,0xB2,0xFE,0xAC,0xF6,0x00}},
  {30571,8,{0xE4,0xBE,0xE6,0xBC,0xE6,0xAC,0xF6,0x00}},
  {30585,8,{0xE4,0xAE,0xE4,0xBE,0xE8,0xB6,0xE6,0x00}},
  {30590,8,{0x10,0x7C,0x54,0xFE,0x28,0xFE,0x10,0x00}},
  {30591,8,{0x10,0x1C,0xFE,0xAA,0x7C,0xBA,0x38,0x00}},
  {30603,8,{0xE8,0xAE,0xEC,0xBC,0xFE,0xA0,0xF2,0x00}},
  {30606,8,{0xE4,0xBE,0xF6,0xAE,0xE4,0xBE,0xEE,0x00}},
  {30609,8,{0xFE,0xB2,0xEC,0xAC,0xFE,0xA0,0xF2,0x00}},
  {30622,8,{0xEA,0xBE,0xEA,0xBE,0xFE,0xBE,0xF6,0x00}},
  {30624,8,{0xEA,0xBC,0xF6,0xBC,0xFE,0xA8,0xFE,0x00}},
  {30629,8,{0x96,0x6A,0xF4,0xAA,0x7C,0x7C,0x7C,0x00}},
  {30636,8,{0xFE,0xB4,0xFE,0xA2,0xF4,0xBE,0xE4,0x00}},
  {30637,8,{0xE8,0xBE,0xF4,0xBE,0xF4,0xA8,0xEA,0x00}},
  {30640,8,{0xFC,0xB6,0xFE,0xAE,0xEE,0xBC,0xEA,0x00}},
  {30643,8,{0xE4,0xBE,0xEA,0xBE,0xEE,0xA4,0xFE,0x00}},
  {30646,8,{0xE4,0xBE,0xF6,0xBE,0xEC,0xAC,0xF2,0x00}},
  {30649,8,{0xFE,0xB4,0xFE,0xB2,0xEC,0xB4,0xEA,0x00}},
  {30651,8,{0xEC,0xB4,0xFE,0xBA,0xF4,0xBE,0xEC,0x00}},
  {30652,8,{0xE8,0xB4,0xFE,0xAA,0xFE,0xB4,0xEA,0x00}},
  {30653,8,{0x44,0xEE,0x4A,0xA4,0xCA,0x7C,0x7C,0x00}},
  {30655,8,{0x6C,0x6C,0x3E,0x68,0xBC,0x28,0x3E,0x00}},
  {30663,8,{0xF4,0xBE,0xF4,0xBE,0xFA,0xAC,0xFA,0x00}},
  {30669,8,{0x6C,0x6C,0x78,0xBE,0x28,0x10,0xEE,0x00}},
  {30679,8,{0x10,0x7C,0x18,0x58,0xFE,0xCC,0xEE,0x00}},
  {30682,8,{0xFE,0xBE,0xEA,0xBC,0xFE,0xAE,0xFA,0x00}},
  {30683,8,{0x7C,0x14,0x08,0xFE,0x2A,0xC8,0x18,0x00}},
  {30684,8,{0xE8,0x34,0x4E,0xE0,0x7E,0xA4,0x68,0x00}},
  {30690,8,{0x40,0x7C,0x90,0xFE,0x10,0x28,0xC6,0x00}},
  {30691,8,{0x10,0x24,0xFA,0x20,0x7C,0x10,0xEE,0x00}},
  {30693,8,{0x40,0x7E,0xAA,0x7A,0x2A,0x5A,0x8E,0x00}},
  {30695,8,{0x9A,0xEA,0x5A,0xF2,0x5A,0x6A,0x9A,0x00}},
  {30697,8,{0x4E,0x78,0xAE,0x7A,0x2E,0x58,0x8E,0x00}},
  {30701,8,{0x9E,0xE0,0x5E,0xF2,0x5E,0x6C,0x9E,0x00}},
  {30702,8,{0x9C,0xFE,0x5C,0xEA,0x7E,0x54,0xBA,0x00}},
  {30703,8,{0x9C,0xFE,0x54,0xEA,0x7E,0x62,0xAA,0x00}},
  {30707,8,{0xFE,0x20,0x20,0x7C,0xA4,0x24,0x3C,0x00}},
  {30716,8,{0xE0,0x5E,0x44,0x84,0x64,0x64,0x1E,0x00}},
  {30722,8,{0xE8,0x5C,0x5A,0x88,0x6A,0x64,0x18,0x00}},
  {30732,8,{0xE6,0x56,0x5E,0x96,0x7E,0x66,0x0A,0x00}},
  {30738,8,{0xF4,0x54,0x5E,0x94,0x74,0x7C,0x16,0x00}},
  {30740,8,{0xFE,0x4A,0x4A,0x9E,0x6A,0x6A,0x12,0x00}},
  {30741,8,{0xE8,0x5C,0x4C,0x96,0x68,0x7E,0x08,0x00}},
  {30752,8,{0xEE,0x4A,0x4E,0x8A,0x6E,0x6A,0x1E,0x00}},
  {30757,8,{0xE2,0x5C,0x54,0x9E,0x74,0x72,0x1E,0x00}},
  {30758,8,{0x24,0xB6,0xA4,0xFE,0x40,0xBC,0x3C,0x00}},
  {30759,8,{0xE8,0x48,0x4E,0x88,0x7E,0x72,0x1E,0x00}},
  {30770,8,{0xE8,0x4E,0x56,0x82,0x6E,0x68,0x0E,0x00}},
  {30772,8,{0xE4,0x5E,0x56,0x9E,0x7A,0x74,0x0A,0x00}},
  {30778,8,{0xFE,0x50,0x5E,0x94,0x76,0x6A,0x0A,0x00}},
  {30783,8,{0xE4,0x5E,0x50,0x94,0x74,0x6A,0x0E,0x00}},
  {30789,8,{0xE4,0x4E,0x44,0x9E,0x6E,0x64,0x1E,0x00}},
  {30813,8,{0xF6,0x44,0x5E,0x92,0x7E,0x72,0x16,0x00}},
  {30827,8,{0xE4,0x5E,0x48,0x9E,0x60,0x6A,0x1A,0x00}},
  {30828,8,{0xFE,0x4E,0x4E,0x84,0x6C,0x64,0x1A,0x00}},
  {30831,8,{0xFE,0x52,0x5E,0x92,0x7E,0x6C,0x16,0x00}},
  {30834,8,{0xD4,0x62,0x48,0x94,0x62,0x6C,0x0C,0x00}},
  {30836,8,{0xD4,0x7E,0x44,0x94,0x76,0x74,0x16,0x00}},
  {30844,8,{0xFE,0x6A,0x7E,0xAA,0x7E,0x6A,0x16,0x00}},
  {30849,8,{0x28,0x7C,0x28,0xFE,0x44,0xBA,0x58,0x00}},
  {30854,8,{0x84,0x1E,0x94,0x2A,0xFE,0x64,0xBC,0x00}},
  {30855,8,{0xE4,0x5E,0x56,0x84,0x6E,0x6C,0x16,0x00}},
  {30860,8,{0xCE,0x54,0x7E,0x88,0x6A,0x7C,0x2A,0x00}},
  {30861,8,{0xEC,0x4C,0x5E,0x84,0x7E,0x74,0x0C,0x00}},
  {30862,8,{0xC8,0x7E,0x54,0x94,0x6A,0x7E,0x08,0x00}},
  {30865,8,{0xE8,0x5E,0x5A,0x9E,0x6C,0x7E,0x04,0x00}},
  {30867,8,{0xF4,0x5E,0x54,0x9E,0x74,0x74,0x1E,0x00}},
  {30869,8,{0xE8,0x5E,0x48,0x94,0x7E,0x64,0x14,0x00}},
  {30871,8,{0xE4,0x5E,0x52,0x8E,0x76,0x6C,0x16,0x00}},
  {30874,8,{0xE4,0x5E,0x4A,0x9E,0x60,0x6E,0x0E,0x00}},
  {30883,8,{0xFC,0x54,0x5C,0x9E,0x72,0x7A,0x06,0x00}},
  {30887,8,{0xE4,0x4E,0xEA,0x4E,0xFE,0x64,0xBC,0x00}},
  {30889,8,{0xFE,0x48,0x5E,0x92,0x7E,0x60,0x12,0x00}},
  {30890,8,{0xD4,0x7E,0x54,0x94,0x7E,0x68,0x3E,0x00}},
  {30895,8,{0xEA,0x54,0x4A,0x9E,0x76,0x7A,0x1E,0x00}},
  {30901,8,{0xE4,0x46,0x4C,0x8C,0x6C,0x6C,0x12,0x00}},
  {30906,8,{0xE4,0x5E,0x56,0x8C,0x7E,0x6C,0x0E,0x00}},
  {30908,8,{0xFE,0x54,0x5E,0x94,0x7E,0x62,0x16,0x00}},
  {30910,8,{0xFE,0x62,0x7E,0xAC,0x7E,0x74,0x1A,0x00}},
  {30913,8,{0xEA,0x5E,0x4A,0x94,0x6A,0x74,0x1E,0x00}},
  {30917,8,{0xC8,0x7E,0x54,0xBE,0x6A,0x6C,0x14,0x00}},
  {30918,8,{0xEE,0x4A,0x5E,0x92,0x6E,0x6E,0x0A,0x00}},
  {30922,8,{0x7E,0x3C,0x54,0x1C,0xFE,0x6E,0xB6,0x00}},
  {30923,8,{0xEA,0x5E,0x44,0x9E,0x6E,0x74,0x0E,0x00}},
  {30928,8,{0x6E,0x6A,0xF4,0xAA,0xFE,0x64,0xBC,0x00}},
  {30929,8,{0xF6,0x5E,0x40,0x9E,0x72,0x6C,0x1E,0x00}},
  {30932,8,{0xEA,0x56,0x4E,0x92,0x7E,0x5C,0x2A,0x00}},
  {30938,8,{0xE4,0x5E,0x4C,0x8E,0x7E,0x6A,0x06,0x00}},
  {30951,8,{0xE4,0x5E,0x44,0x9E,0x6C,0x6C,0x12,0x00}},
  {30952,8,{0x08,0x7E,0x54,0x7E,0x54,0x5E,0xAC,0x00}},
  {30956,8,{0x2E,0xFA,0x64,0x8A,0xFE,0x64,0xBC,0x00}},
  {30959,8,{0xD2,0x64,0x52,0x9C,0x76,0x74,0x2A,0x00}},
  {30964,8,{0xFA,0x4C,0x52,0x8E,0x6A,0x64,0x1E,0x00}},
  {30973,8,{0xE4,0x4E,0x5E,0x9A,0x7E,0x6C,0x16,0x00}},
  {30977,8,{0xEA,0x4E,0x5C,0x8C,0x6E,0x60,0x16,0x00}},
  {30983,8,{0xE8,0x5E,0x5E,0x9A,0x7E,0x64,0x1A,0x00}},
  {30990,8,{0xEA,0x5E,0x4A,0x94,0x6E,0x6C,0x16,0x00}},
  {30993,8,{0xEA,0x5C,0x76,0x9C,0x7E,0x6A,0x3E,0x00}},
  {30994,8,{0xEA,0x5E,0x44,0x9E,0x6A,0x7C,0x0A,0x00}},
  {31001,8,{0xE6,0x7A,0x66,0x9C,0x7E,0x54,0x2A,0x00}},
  {31014,8,{0xE4,0x5E,0x56,0x9E,0x76,0x60,0x0A,0x00}},
  {31018,8,{0xFE,0x54,0x5E,0x9E,0x74,0x6E,0x0A,0x00}},
  {31019,8,{0xDA,0x6C,0x5A,0xAC,0x7E,0x5C,0x2A,0x00}},
  {31020,8,{0x54,0xEE,0x54,0xEE,0x7C,0xBA,0x58,0x00}},
  {31034,8,{0x7C,0x00,0xFE,0x10,0x54,0x92,0x30,0x00}},
  {31036,8,{0x48,0xE8,0x28,0x48,0xE8,0x4A,0x4E,0x00}},
  {31038,8,{0x44,0xE4,0x2E,0x44,0xE4,0x44,0x5E,0x00}},
  {31040,8,{0xFE,0x12,0xF2,0x5E,0xF0,0xD2,0x5E,0x00}},
  {31041,8,{0x4E,0xEA,0x2C,0x4A,0xEA,0x4C,0x48,0x00}},
  {31047,8,{0x42,0xFC,0x34,0x5E,0xF4,0x54,0x5A,0x00}},
  {31048,8,{0x42,0xEC,0x28,0x4E,0xEA,0x4A,0x52,0x00}},
  {31049,8,{0x44,0xE4,0x36,0x54,0xF4,0x54,0x5E,0x00}},
  {31056,8,{0x48,0xFE,0x28,0x4E,0xFA,0x4A,0x4E,0x00}},
  {31059,8,{0xEA,0x1E,0xE8,0x4A,0xEA,0xD4,0x4A,0x00}},
  {31061,8,{0xD0,0x0A,0xD2,0x74,0xFA,0xD0,0x6E,0x00}},
  {31062,8,{0x5C,0xF4,0x3C,0x54,0xFC,0x54,0x7E,0x00}},
  {31063,8,{0xE2,0x1C,0xF4,0x5E,0xF4,0xD2,0x5E,0x00}},
  {31066,8,{0xE8,0x0E,0xF8,0x4E,0xE8,0xCE,0x48,0x00}},
  {31069,8,{0x5E,0xF2,0x32,0x5E,0xEC,0x4C,0x56,0x00}},
  {31070,8,{0x48,0xFE,0x2A,0x7E,0xEA,0x7E,0x48,0x00}},
  {31071,8,{0x54,0x7C,0x92,0xFE,0x7C,0x54,0xB2,0x00}},
  {31072,8,{0xDE,0x02,0xDA,0x42,0xDA,0xDA,0x46,0x00}},
  {31074,8,{0x48,0xEE,0x34,0x4C,0xEE,0x56,0x4C,0x00}},
  {31077,8,{0x4A,0xFE,0x24,0x4E,0xE4,0x5E,0x44,0x00}},
  {31080,8,{0xFE,0x54,0x7C,0x00,0xFE,0x54,0xB2,0x00}},
  {31085,8,{0x76,0x52,0xAC,0x44,0xBA,0x54,0xB2,0x00}},
  {31095,8,{0x48,0xFC,0x3E,0x54,0xFE,0x64,0x54,0x00}},
  {31098,8,{0xD4,0x3E,0xD4,0x5C,0xFE,0xC0,0x62,0x00}},
  {31103,8,{0xCE,0x14,0xFE,0x48,0xEA,0xDC,0x6A,0x00}},
  {31104,8,{0x10,0xFE,0x6C,0x7C,0xFE,0x54,0xB2,0x00}},
  {31105,8,{0x24,0xFE,0x6C,0xB6,0xFE,0x54,0xB2,0x00}},
  {31108,8,{0x5C,0xE4,0x3E,0x48,0xEA,0x5C,0x6A,0x00}},
  {31109,8,{0x5A,0xE4,0x3E,0x5E,0xE4,0x5E,0x44,0x00}},
  {31114,8,{0xD6,0x3E,0xFA,0x50,0xFE,0xC8,0x76,0x00}},
  {31117,8,{0x4E,0xEA,0x2A,0x5E,0xF2,0x5A,0x5A,0x00}},
  {31118,8,{0x44,0xE6,0x2C,0x4C,0xEC,0x4C,0x52,0x00}},
  {31119,8,{0x5E,0xEC,0x2C,0x40,0xFE,0x56,0x5E,0x00}},
  {31133,8,{0xDC,0x1C,0xE6,0x4C,0xF4,0xC8,0x76,0x00}},
  {31142,8,{0x66,0xBE,0x56,0xDC,0x7C,0x54,0xB2,0x00}},
  {31143,8,{0xC8,0x3E,0xDC,0x54,0xFE,0xD4,0x5C,0x00}},
  {31146,8,{0xF6,0x36,0xDC,0x5C,0xDC,0xFE,0x48,0x00}},
  {31150,8,{0xEA,0x1E,0xFE,0x5E,0xF2,0xCC,0x5E,0x00}},
  {31152,8,{0x5E,0xEC,0x3E,0x56,0xFA,0x56,0x5A,0x00}},
  {31155,8,{0xC8,0x3E,0xF6,0x5C,0xFE,0xF4,0x5A,0x00}},
  {31161,8,{0x0C,0xF0,0x7C,0x54,0xFE,0x9A,0xB6,0x00}},
  {31162,8,{0x7C,0x54,0x7C,0x54,0xFE,0x9A,0xB6,0x00}},
  {31165,8,{0x10,0xEE,0x54,0x6C,0xFE,0xAA,0xB6,0x00}},
  {31166,8,{0x0C,0x70,0xFE,0x10,0x38,0xD6,0x10,0x00}},
  {31167,8,{0x38,0xFE,0x38,0xD6,0x28,0x2A,0xCE,0x00}},
  {31168,8,{0x38,0xFE,0x38,0xD6,0x78,0x2C,0xC4,0x00}},
  {31169,8,{0x74,0x24,0xF4,0x24,0x78,0xAA,0x2E,0x00}},
  {31177,8,{0x38,0xFE,0x7C,0x1E,0x7C,0x38,0xD6,0x00}},
  {31179,8,{0xC8,0x48,0xEA,0x6C,0xC8,0xD4,0x62,0x00}},
  {31185,8,{0xE4,0x54,0xE4,0x54,0xC6,0xFC,0x44,0x00}},
  {31186,8,{0xC8,0x5C,0xDA,0x68,0xCA,0xC4,0x58,0x00}},
  {31189,8,{0xD4,0x54,0xDE,0x54,0xD4,0xDC,0x76,0x00}},
  {31192,8,{0xD0,0x4A,0xD2,0x74,0xFA,0xD0,0x6E,0x00}},
  {31199,8,{0xDC,0x54,0xDC,0x54,0xDC,0xD4,0x7E,0x00}},
  {31201,8,{0xEA,0x5E,0xE8,0x4A,0xEA,0xD4,0x4A,0x00}},
  {31203,8,{0xC8,0x7E,0xC8,0x5C,0xC8,0xDC,0x6A,0x00}},
  {31204,8,{0xFE,0x48,0xEA,0x48,0xFE,0xC8,0x48,0x00}},
  {31206,8,{0x10,0x7C,0x38,0xFE,0x54,0x38,0xD6,0x00}},
  {31207,8,{0xC8,0x5C,0xD4,0x7E,0xC8,0xC8,0x76,0x00}},
  {31209,8,{0xD8,0x5C,0xE8,0x7E,0xC8,0xD4,0x62,0x00}},
  {31212,8,{0xFE,0x50,0xFE,0x52,0xFE,0xD0,0x5E,0x00}},
  {31216,8,{0xD0,0x5E,0xE8,0x5C,0xDA,0xEA,0x58,0x00}},
  {31227,8,{0xEC,0x54,0xE8,0x56,0xEA,0xC4,0x58,0x00}},
  {31232,8,{0xD4,0x48,0xD4,0x7E,0xC8,0xDE,0x6A,0x00}},
  {31240,8,{0xDC,0x54,0xDC,0x7E,0xC8,0xFE,0x48,0x00}},
  {31243,8,{0xDC,0x54,0xFE,0x48,0xDC,0xC8,0x7E,0x00}},
  {31245,8,{0xD4,0x6A,0xD4,0x5C,0xD4,0xDC,0x54,0x00}},
  {31246,8,{0xD4,0x7E,0xE2,0x7E,0xD4,0xD4,0x66,0x00}},
  {31252,8,{0xC8,0x54,0xEE,0x5C,0xC4,0xF2,0x6E,0x00}},
  {31255,8,{0xC8,0x7E,0xEA,0x7E,0xD4,0xFE,0x44,0x00}},
  {31256,8,{0xD4,0x7E,0xD4,0x5C,0xFE,0xC0,0x62,0x00}},
  {31257,8,{0xE4,0x5E,0xE4,0x56,0xF6,0xD0,0x5E,0x00}},
  {31258,8,{0xF4,0x5E,0xF4,0x5E,0xF4,0xD4,0x5E,0x00}},
  {31260,8,{0xC8,0x5C,0xC8,0x7E,0xD4,0xE8,0x56,0x00}},
  {31263,8,{0x10,0xFE,0x6C,0x7C,0xFE,0x38,0xD6,0x00}},
  {31264,8,{0xFE,0x6A,0xFE,0x6A,0xF6,0xFE,0x62,0x00}},
  {31278,8,{0xC4,0x58,0xFE,0x5C,0xDC,0xC8,0x7E,0x00}},
  {31281,8,{0xDC,0x6A,0xC8,0x5C,0xDC,0xFE,0x54,0x00}},
  {31282,8,{0xE6,0x58,0xEA,0x40,0xF6,0xD6,0x56,0x00}},
  {31287,8,{0xDC,0x5C,0xE6,0x4C,0xF4,0xC8,0x76,0x00}},
  {31291,8,{0xDC,0x6A,0xC0,0x56,0xE2,0xF6,0x7E,0x00}},
  {31292,8,{0xC8,0x7E,0xE2,0x5C,0xDA,0xEC,0x5A,0x00}},
  {31293,8,{0xCA,0x7E,0xD8,0x6E,0xD0,0xDE,0x5E,0x00}},
  {31294,8,{0x10,0xFE,0x38,0xEE,0xBA,0x38,0xD6,0x00}},
  {31295,8,{0xC8,0x7E,0xD4,0x5C,0xFE,0xE2,0x6A,0x00}},
  {31296,8,{0x2E,0xFA,0x20,0xFE,0xAA,0x74,0xAA,0x00}},
  {31298,8,{0xC8,0x7E,0xDC,0x5C,0xC0,0xF2,0x6E,0x00}},
  {31299,8,{0xC8,0x7E,0xF6,0x48,0xD4,0xEE,0x4C,0x00}},
  {31302,8,{0xC8,0x5C,0xDC,0x6A,0xCC,0xC2,0x5C,0x00}},
  {31305,8,{0xFE,0x7E,0xE4,0x76,0xEC,0xFE,0x44,0x00}},
  {31309,8,{0xC8,0x5C,0xC8,0x7E,0xDC,0xDC,0x62,0x00}},
  {31310,8,{0x8E,0xE4,0x8E,0x6A,0xFE,0x70,0xAA,0x00}},
  {31311,8,{0xC6,0x78,0xEA,0x5C,0xDC,0xF2,0x6E,0x00}},
  {31312,8,{0xEC,0x54,0xEC,0x5E,0xF6,0xDC,0x46,0x00}},
  {31319,8,{0xC8,0x7E,0xDC,0x5A,0xC0,0xF2,0x6E,0x00}},
  {31329,8,{0xC8,0x7E,0xD4,0x6A,0xFE,0xF6,0x7E,0x00}},
  {31330,8,{0xC4,0x56,0xD4,0x7E,0xD6,0xD4,0x6A,0x00}},
  {31331,8,{0xC8,0x7E,0xD4,0x76,0xFE,0xD4,0x5A,0x00}},
  {31337,8,{0xDC,0x6A,0xDC,0x4E,0xDC,0xF2,0x6E,0x00}},
  {31339,8,{0xD4,0x7E,0xDC,0x5E,0xD4,0xC8,0x76,0x00}},
  {31344,8,{0xC8,0x7E,0xF6,0x5C,0xFE,0xF4,0x5A,0x00}},
  {31348,8,{0x10,0xFE,0x82,0x28,0x28,0x44,0x82,0x00}},
  {31350,8,{0x10,0xFE,0xAA,0x4C,0xF8,0x2A,0xCE,0x00}},
  {31353,8,{0x10,0xFE,0xAA,0x4C,0x78,0x7E,0x02,0x00}},
  {31354,8,{0x10,0xFE,0xAA,0x4C,0x38,0x10,0xFE,0x00}},
  {31357,8,{0x10,0xFE,0xAA,0x4C,0x7E,0xFE,0x24,0x00}},
  {31359,8,{0x10,0xFE,0xAA,0x4C,0x38,0xFE,0x48,0x00}},
  {31361,8,{0x10,0xFE,0xAA,0x4C,0xFE,0x10,0xEE,0x00}},
  {31363,8,{0x10,0xFE,0xAA,0x4C,0xEE,0x46,0x6A,0x00}},
  {31364,8,{0x10,0xFE,0xAA,0x4C,0x78,0x9E,0x10,0x00}},
  {31368,8,{0x10,0xFE,0xAA,0x44,0x2E,0x46,0xEA,0x00}},
  {31378,8,{0x10,0xFE,0xAA,0x5C,0x7A,0x10,0xFE,0x00}},
  {31379,8,{0x10,0xFE,0xAA,0x4C,0x30,0xCA,0xBA,0x00}},
  {31381,8,{0x10,0xFE,0xB6,0x6C,0xEA,0x28,0xCE,0x00}},
  {31382,8,{0x10,0xFE,0xB6,0x3C,0x50,0xFE,0x38,0x00}},
  {31383,8,{0x10,0xFE,0xB6,0x7C,0x5C,0x6C,0x7C,0x00}},
  {31384,8,{0x10,0xFE,0xB6,0x3C,0xFE,0x32,0xDE,0x00}},
  {31391,8,{0x10,0xFE,0xB6,0x7C,0x7C,0x6A,0xBE,0x00}},
  {31401,8,{0x10,0xFE,0xB6,0x7C,0x4C,0xFE,0xBA,0x00}},
  {31402,8,{0x10,0xFE,0xAA,0x4C,0xBE,0x08,0xBE,0x00}},
  {31406,8,{0x10,0xFE,0xB6,0x74,0xD6,0x32,0xD6,0x00}},
  {31407,8,{0x10,0xFE,0xAA,0x7C,0x10,0xFE,0xAA,0x00}},
  {31408,8,{0x10,0xFE,0xB6,0x68,0x3C,0xEA,0x3E,0x00}},
  {31414,8,{0x10,0xFE,0xBA,0x6C,0xFE,0x28,0xF6,0x00}},
  {31418,8,{0x10,0xFE,0xAA,0x4E,0xEE,0x4C,0xB6,0x00}},
  {31423,8,{0x10,0xFE,0xB6,0xCC,0xF6,0xC8,0xBE,0x00}},
  {31427,8,{0x10,0xFE,0xAA,0x5C,0x7C,0x7C,0x0E,0x00}},
  {31428,8,{0x10,0xFE,0xAE,0x44,0x7C,0x54,0xDA,0x00}},
  {31429,8,{0x10,0xFE,0xB6,0x66,0xEA,0x64,0xAA,0x00}},
  {31431,8,{0x10,0xFE,0xB6,0x7C,0x7C,0x38,0xC6,0x00}},
  {31432,8,{0x10,0xFE,0xAA,0x5C,0x6C,0x6C,0x3E,0x00}},
  {31434,8,{0x10,0xFE,0xB6,0x64,0xEE,0x7E,0xAA,0x00}},
  {31435,8,{0x10,0xFE,0x44,0x24,0x28,0x28,0xFE,0x00}},
  {31437,8,{0x44,0xE4,0xBE,0xA4,0x44,0xE4,0x04,0x00}},
  {31439,8,{0x42,0xEC,0xA4,0xBE,0x44,0xE4,0x04,0x00}},
  {31442,8,{0x10,0x7C,0x28,0xFE,0x74,0x54,0x74,0x00}},
  {31443,8,{0x46,0xF8,0xAE,0xB8,0x4E,0xF8,0x0E,0x00}},
  {31445,8,{0x4A,0xEA,0xB0,0xAE,0x4A,0xEA,0x16,0x00}},
  {31449,8,{0x48,0xE8,0xAE,0xA8,0x5E,0xF2,0x1E,0x00}},
  {31450,8,{0x44,0xFE,0xB2,0xAE,0x44,0xE4,0x0C,0x00}},
  {31452,8,{0x10,0x7C,0x28,0xFE,0x54,0x7C,0x0E,0x00}},
  {31453,8,{0x44,0xFE,0xAA,0xAA,0x4A,0xEC,0x1E,0x00}},
  {31455,8,{0x10,0x7C,0x28,0xFE,0x38,0x3A,0xCE,0x00}},
  {31456,8,{0x10,0x7C,0x28,0xFE,0x44,0xFE,0x10,0x00}},
  {31457,8,{0x5E,0xE8,0xBE,0xB2,0x5E,0xF2,0x1E,0x00}},
  {31458,8,{0x48,0xF2,0xBE,0xA8,0x5E,0xE4,0x1A,0x00}},
  {31459,8,{0x52,0xFE,0xB4,0xA6,0x5C,0xE8,0x16,0x00}},
  {31461,8,{0x10,0x7C,0x28,0xFE,0x7C,0x10,0xFE,0x00}},
  {31462,8,{0x48,0xFE,0xBA,0xBE,0x48,0xDC,0x2A,0x00}},
  {31466,8,{0xEE,0xCA,0xE4,0x1A,0x7C,0x28,0xFE,0x00}},
  {31469,8,{0x5C,0xF4,0xBC,0xAE,0x72,0xDA,0x06,0x00}},
  {31471,8,{0x6A,0xFE,0xA0,0xBE,0x50,0xFE,0x2A,0x00}},
  {31472,8,{0x5E,0xF0,0xBE,0xBE,0x6E,0xC4,0x1E,0x00}},
  {31478,8,{0x24,0xFE,0x5A,0xFE,0x5A,0x6C,0xB6,0x00}},
  {31480,8,{0x24,0xFE,0x5A,0xFE,0x7E,0x6C,0xB6,0x00}},
  {31481,8,{0x48,0x6E,0xB4,0x24,0x24,0x24,0x2C,0x00}},
  {31482,8,{0x48,0x6E,0xB4,0x00,0x7C,0x00,0xFE,0x00}},
  {31487,8,{0x48,0x6E,0xB4,0x7C,0x10,0xFE,0x10,0x00}},
  {31490,8,{0x48,0x6E,0xB4,0x20,0x7C,0x24,0xD6,0x00}},
  {31492,8,{0x48,0x6E,0xB4,0x7C,0x28,0xFE,0x48,0x00}},
  {31494,8,{0x48,0x6E,0xFC,0x54,0x7C,0x42,0x3E,0x00}},
  {31496,8,{0x48,0x6E,0xB4,0x7C,0x14,0x28,0xD6,0x00}},
  {31498,8,{0x48,0x6E,0xBC,0x70,0x54,0x54,0x92,0x00}},
  {31499,8,{0x48,0x6E,0xBC,0x16,0xFC,0x20,0xC0,0x00}},
  {31503,8,{0x48,0x6E,0xB4,0x7E,0x6A,0xAA,0x56,0x00}},
  {31505,8,{0x48,0x6E,0xB4,0x10,0xFE,0x10,0xEE,0x00}},
  {31512,8,{0x48,0x6E,0xB4,0x1C,0x10,0x7C,0x7C,0x00}},
  {31513,8,{0x48,0x6E,0xB4,0x7E,0xBC,0x10,0xFE,0x00}},
  {31515,8,{0x48,0x6E,0xB4,0x10,0x7C,0x54,0x7C,0x00}},
  {31518,8,{0x48,0x6E,0xB4,0x20,0xFE,0x44,0x7C,0x00}},
  {31520,8,{0x48,0x6E,0xB4,0x10,0x7C,0x28,0xFE,0x00}},
  {31525,8,{0x48,0x6E,0xB4,0x7E,0x02,0x72,0x76,0x00}},
  {31526,8,{0x48,0x6E,0xB4,0x5E,0xC4,0x54,0x4C,0x00}},
  {31528,8,{0x48,0x6E,0xB4,0xFE,0x54,0xBA,0x10,0x00}},
  {31532,8,{0x48,0x6E,0xB4,0x7C,0x50,0x3E,0xD2,0x00}},
  {31539,8,{0x48,0x6E,0xB4,0x40,0xFE,0x5A,0xBE,0x00}},
  {31541,8,{0x48,0x6E,0xB4,0x3C,0xA4,0x22,0x9E,0x00}},
  {31542,8,{0x48,0x6E,0xB4,0x20,0x7C,0x10,0xEE,0x00}},
  {31545,8,{0x48,0x6E,0xB4,0x2C,0xFE,0x2C,0x3E,0x00}},
  {31557,8,{0x48,0x6E,0xBC,0x50,0xFE,0x28,0xCE,0x00}},
  {31558,8,{0x48,0x6E,0xB4,0x7E,0x14,0xFE,0x10,0x00}},
  {31560,8,{0x48,0x6E,0xB4,0x78,0x10,0xFE,0x38,0x00}},
  {31561,8,{0x48,0x6E,0xB4,0x18,0xFE,0x28,0x18,0x00}},
  {31563,8,{0x48,0x6E,0xB4,0x68,0x7E,0x6A,0xB6,0x00}},
  {31564,8,{0x48,0x6E,0xF4,0x28,0xFE,0x10,0xFE,0x00}},
  {31565,8,{0x48,0x6E,0xBE,0x6A,0xBA,0x2A,0x3A,0x00}},
  {31567,8,{0x48,0x6E,0xB4,0x46,0xDC,0x44,0x5A,0x00}},
  {31568,8,{0x48,0x6E,0xB4,0x7E,0x5C,0x48,0x7E,0x00}},
  {31569,8,{0x48,0x6E,0xB4,0x00,0xEC,0x4C,0xF6,0x00}},
  {31570,8,{0x48,0x6E,0xB4,0xFE,0x82,0xBA,0xBA,0x00}},
  {31572,8,{0x48,0x6E,0xB4,0x38,0xC6,0x38,0x38,0x00}},
  {31574,8,{0x48,0x6E,0xB4,0xFE,0x92,0x38,0xD6,0x00}},
  {31581,8,{0x48,0x6E,0xBC,0x48,0xFE,0x1C,0x30,0x00}},
  {31589,8,{0x48,0x6E,0xBC,0x38,0x10,0x7C,0x7C,0x00}},
  {31591,8,{0x48,0x6E,0xB4,0x38,0x38,0x3A,0xCE,0x00}},
  {31596,8,{0x48,0x6E,0xBE,0x44,0x76,0x54,0xAA,0x00}},
  {31598,8,{0x48,0x6E,0xBC,0x54,0xBA,0x10,0xFE,0x00}},
  {31600,8,{0x48,0x6E,0xB4,0x4E,0xD8,0x4E,0x48,0x00}},
  {31601,8,{0x48,0x6E,0xB4,0x66,0xEA,0x64,0x4A,0x00}},
  {31604,8,{0x48,0x6E,0xBC,0x54,0xBA,0x10,0xEE,0x00}},
  {31605,8,{0x48,0x6E,0xB4,0x46,0x94,0x5E,0xBE,0x00}},
  {31610,8,{0x48,0x6E,0xB4,0x7E,0x5C,0x4A,0x7E,0x00}},
  {31622,8,{0x48,0x6E,0xFC,0x54,0x6E,0x48,0xEE,0x00}},
  {31623,8,{0x48,0x6E,0xB4,0xFE,0x92,0xAA,0xFE,0x00}},
  {31627,8,{0x48,0x6E,0xB4,0x1A,0xFC,0x1A,0x66,0x00}},
  {31629,8,{0x48,0x6E,0xBC,0x5E,0xDE,0x54,0xDE,0x00}},
  {31631,8,{0x48,0x6E,0xB8,0x54,0xFE,0x1C,0x30,0x00}},
  {31634,8,{0x48,0x6E,0xBC,0xFE,0x92,0x7C,0x54,0x00}},
  {31636,8,{0x48,0x6E,0xB4,0x08,0xBE,0x22,0xBE,0x00}},
  {31637,8,{0x48,0x6E,0xB4,0x7C,0x28,0xFE,0x44,0x00}},
  {31639,8,{0x48,0x6E,0xB4,0x7C,0x44,0xFE,0x48,0x00}},
  {31640,8,{0x48,0x6E,0xB4,0xFE,0xBA,0xD6,0xFE,0x00}},
  {31641,8,{0x48,0x6E,0xB4,0x6E,0x6A,0x6C,0xAA,0x00}},
  {31642,8,{0x48,0x6E,0xB4,0x2A,0x5A,0xB2,0x36,0x00}},
  {31644,8,{0x48,0x6E,0xFE,0xAA,0x4C,0x38,0xFE,0x00}},
  {31645,8,{0x48,0x6E,0xB4,0x54,0xFE,0x54,0xDC,0x00}},
  {31647,8,{0x48,0x6E,0xBC,0x3C,0x6E,0x48,0xEE,0x00}},
  {31649,8,{0x48,0x6E,0xB4,0xFE,0xB2,0x3C,0x3C,0x00}},
  {31658,8,{0x48,0x6E,0xB4,0x54,0x7C,0xFE,0x10,0x00}},
  {31661,8,{0x48,0x6E,0xB4,0xFE,0x54,0x74,0x54,0x00}},
  {31665,8,{0x48,0x6E,0xB4,0x2A,0xFE,0x7A,0xAE,0x00}},
  {31668,8,{0x48,0x6E,0xB4,0x7E,0x46,0x74,0xBA,0x00}},
  {31672,8,{0x48,0x6E,0xB4,0x18,0xFE,0x34,0xDC,0x00}},
  {31680,8,{0x48,0x6E,0xB4,0xEE,0xEA,0x9A,0xE8,0x00}},
  {31681,8,{0x48,0x6E,0xB8,0x28,0x7C,0x10,0xFE,0x00}},
  {31684,8,{0x48,0x6E,0xB4,0xFE,0x6A,0xF8,0x2E,0x00}},
  {31686,8,{0x48,0x6E,0xBC,0x28,0xFE,0x2C,0xDA,0x00}},
  {31687,8,{0x48,0x6E,0xB4,0xFE,0x78,0x5E,0x9A,0x00}},
  {31689,8,{0x48,0x6E,0xB4,0x4C,0xEE,0x38,0xD6,0x00}},
  {31691,8,{0x48,0x6E,0xB4,0x7E,0x68,0x54,0x7E,0x00}},
  {31692,8,{0x48,0x6E,0xBC,0x44,0xDE,0x48,0x56,0x00}},
  {31695,8,{0x48,0x6E,0xB4,0x58,0xFE,0x54,0x7A,0x00}},
  {31709,8,{0x48,0x6E,0xB4,0xFE,0x7C,0xFE,0x44,0x00}},
  {31712,8,{0x48,0x6E,0xB4,0x48,0xFE,0x5C,0x6A,0x00}},
  {31716,8,{0x48,0x6E,0xBC,0x50,0x7E,0x02,0xAA,0x00}},
  {31717,8,{0x48,0x6E,0xFE,0x54,0xFE,0x38,0xD6,0x00}},
  {31718,8,{0x48,0x6E,0xFC,0x7C,0x7E,0x48,0xEE,0x00}},
  {31721,8,{0x48,0x6E,0xBE,0xE4,0x9E,0xF6,0xE4,0x00}},
  {31725,8,{0x48,0x6E,0xB4,0x28,0xFE,0x38,0x0E,0x00}},
  {31731,8,{0x48,0x6E,0xB8,0x38,0xFE,0x7C,0x10,0x00}},
  {31734,8,{0x48,0x7E,0x9C,0x50,0xFE,0x02,0xAA,0x00}},
  {31735,8,{0x48,0x6E,0xB4,0x0C,0xDE,0x44,0xBE,0x00}},
  {31744,8,{0x48,0x6E,0xB8,0xFE,0x7C,0x7C,0xC6,0x00}},
  {31751,8,{0x48,0x6E,0xB4,0xE8,0x4E,0x64,0xAA,0x00}},
  {31757,8,{0x48,0x6E,0xB8,0x7C,0xFE,0x28,0xF6,0x00}},
  {31761,8,{0x48,0x6E,0xB8,0xEE,0x38,0xE8,0x36,0x00}},
  {31762,8,{0x48,0x6E,0xB4,0x38,0xFE,0x5A,0xB4,0x00}},
  {31763,8,{0x48,0x6E,0xB4,0x72,0x54,0x72,0xB4,0x00}},
  {31764,8,{0x48,0x6E,0xB8,0xFE,0x38,0xE8,0x36,0x00}},
  {31767,8,{0x48,0x6E,0xB6,0x4A,0xFE,0x38,0xD6,0x00}},
  {31775,8,{0x48,0x6E,0xFC,0x7C,0x28,0xFE,0x10,0x00}},
  {31777,8,{0x48,0x6E,0xB4,0xEE,0xEE,0xBA,0xBA,0x00}},
  {31779,8,{0x48,0x6E,0xFC,0x54,0xFE,0x7C,0xC6,0x00}},
  {31783,8,{0x48,0x6E,0xB4,0xFE,0x54,0x7C,0xC6,0x00}},
  {31786,8,{0x48,0x6E,0xBC,0x6C,0xB6,0x7C,0x7C,0x00}},
  {31787,8,{0x48,0x6E,0xBC,0x6E,0x42,0x6E,0xAA,0x00}},
  {31799,8,{0x48,0x6E,0xFC,0x66,0x5C,0x7E,0x9C,0x00}},
  {31800,8,{0x48,0x6E,0xB4,0x5E,0xFA,0x14,0xAA,0x00}},
  {31805,8,{0x48,0x6E,0xB8,0xC6,0x6C,0x6C,0x92,0x00}},
  {31806,8,{0x48,0x6E,0xBE,0x5A,0x7E,0x5C,0xAA,0x00}},
  {31807,8,{0x48,0x6E,0xB4,0x1C,0xBE,0x14,0x8C,0x00}},
  {31808,8,{0x48,0x6E,0xB8,0x56,0xDA,0x4C,0xCC,0x00}},
  {31811,8,{0x48,0x6E,0xB4,0x6E,0x60,0x38,0xFE,0x00}},
  {31820,8,{0x48,0x6E,0xFC,0x38,0xFE,0x64,0x6C,0x00}},
  {31821,8,{0x48,0x6E,0xB4,0x3E,0xF4,0x7E,0xAC,0x00}},
  {31823,8,{0x48,0x6E,0xBC,0xEC,0x5E,0x6C,0xB2,0x00}},
  {31824,8,{0x48,0x6E,0xB4,0xEC,0xBA,0xFC,0xAA,0x00}},
  {31828,8,{0x48,0x6E,0xB4,0x76,0xFA,0x54,0xEA,0x00}},
  {31830,8,{0x48,0x6E,0xB4,0x68,0xFE,0x74,0xEA,0x00}},
  {31832,8,{0x48,0x6E,0xB4,0xFE,0xAE,0xFC,0xAA,0x00}},
  {31839,8,{0x48,0x6E,0xF4,0x7E,0x2E,0x70,0xAA,0x00}},
  {31840,8,{0x48,0x6E,0xF4,0x56,0xFA,0x74,0x56,0x00}},
  {31844,8,{0x48,0x6E,0xB4,0x58,0xFE,0x74,0xEA,0x00}},
  {31845,8,{0x48,0x6E,0xB4,0x28,0xFE,0x7C,0x54,0x00}},
  {31852,8,{0x48,0x6E,0xFC,0x5C,0xEE,0xBC,0xEE,0x00}},
  {31859,8,{0x54,0x10,0xFE,0x10,0x38,0xD6,0x10,0x00}},
  {31861,8,{0xA4,0x44,0xFE,0x44,0xE4,0xC4,0x44,0x00}},
  {31870,8,{0xBE,0x4A,0xEA,0x5A,0xEE,0xCA,0x56,0x00}},
  {31873,8,{0xA2,0x4C,0xE4,0x5E,0xE4,0xC4,0x44,0x00}},
  {31874,8,{0x3C,0x44,0x38,0xD6,0x7C,0x38,0xD6,0x00}},
  {31875,8,{0xB4,0x54,0xFE,0x54,0xF4,0xDC,0x56,0x00}},
  {31881,8,{0xB4,0x54,0xE2,0x5C,0xD4,0xD4,0x6C,0x00}},
  {31883,8,{0xA8,0x7C,0xD4,0x66,0xC8,0xFE,0x48,0x00}},
  {31885,8,{0xA2,0x5C,0xE6,0x5C,0xE6,0xDC,0x46,0x00}},
  {31888,8,{0xAE,0x40,0xEE,0x4A,0xEE,0xC8,0x50,0x00}},
  {31890,8,{0xA8,0x7E,0xD4,0x54,0xD4,0xD8,0x7E,0x00}},
  {31893,8,{0xA8,0x5E,0xF2,0x5E,0xF2,0xD2,0x5E,0x00}},
  {31895,8,{0xBC,0x54,0xDC,0x54,0xDC,0xD4,0x7E,0x00}},
  {31896,8,{0xA8,0x48,0xEE,0x48,0xFE,0xD2,0x5E,0x00}},
  {31899,8,{0x10,0x7C,0x16,0xFC,0x56,0x7A,0x96,0x00}},
  {31903,8,{0xFE,0x7C,0x10,0x54,0xFE,0x38,0xD6,0x00}},
  {31905,8,{0xBE,0x52,0xDE,0x52,0xDE,0xDE,0x52,0x00}},
  {31906,8,{0x90,0x1E,0x2A,0x94,0xFE,0x38,0xD6,0x00}},
  {31908,8,{0x10,0x7C,0x5C,0x74,0xFE,0x04,0x1C,0x00}},
  {31909,8,{0xD6,0x7A,0xD6,0xBC,0xD6,0x7A,0xD6,0x00}},
  {31911,8,{0xA4,0x5E,0xF4,0x5E,0xF4,0xD4,0x6E,0x00}},
  {31912,8,{0xBE,0x48,0xDE,0x52,0xDE,0xD2,0x5E,0x00}},
  {31915,8,{0xBE,0x50,0xFE,0x6A,0xEA,0xEA,0x6A,0x00}},
  {31917,8,{0xA4,0x4A,0xEE,0x40,0xEE,0xCA,0x4E,0x00}},
  {31918,8,{0xA4,0x5E,0xF2,0x5E,0xFA,0xD4,0x5A,0x00}},
  {31921,8,{0xBC,0x14,0x96,0x2C,0xFE,0x38,0xD6,0x00}},
  {31922,8,{0x2E,0x3A,0xD4,0x6A,0xFE,0x38,0xD6,0x00}},
  {31923,8,{0xBE,0x5C,0xDC,0x48,0xD8,0xC8,0x76,0x00}},
  {31929,8,{0xA8,0x7E,0xD4,0x54,0xEA,0xFE,0x48,0x00}},
  {31933,8,{0x88,0x7E,0xEE,0x40,0xFE,0xC8,0x6A,0x00}},
  {31934,8,{0xA8,0x5C,0xC8,0x7E,0xD4,0xDC,0x54,0x00}},
  {31936,8,{0x94,0x7E,0xC4,0x54,0xF6,0xD4,0x56,0x00}},
  {31938,8,{0x94,0x7E,0xD4,0x54,0xFE,0xE8,0x7E,0x00}},
  {31941,8,{0x9C,0x7E,0xDA,0x68,0xFE,0xDC,0x6A,0x00}},
  {31946,8,{0x96,0x7E,0xD6,0x7E,0xEE,0xFE,0x4A,0x00}},
  {31950,8,{0xBE,0x50,0xFE,0x5E,0xEE,0xC4,0x5E,0x00}},
  {31954,8,{0x94,0x7E,0xD4,0x7E,0xE0,0xDE,0x56,0x00}},
  {31958,8,{0xA4,0x7E,0xEC,0x66,0xFC,0xEA,0x4E,0x00}},
  {31960,8,{0x88,0x7E,0xE2,0x5C,0xDA,0xEC,0x5A,0x00}},
  {31964,8,{0x08,0x7E,0x7E,0x54,0x7E,0x5C,0xAA,0x00}},
  {31966,8,{0x54,0xFE,0x54,0xBA,0x38,0xFE,0x44,0x00}},
  {31967,8,{0x94,0x7E,0xD4,0x7E,0xFE,0xD4,0x5C,0x00}},
  {31968,8,{0x88,0x7E,0xEE,0x6C,0xFA,0xEC,0x5A,0x00}},
  {31970,8,{0x94,0x7E,0xDC,0x54,0xFE,0xC8,0x76,0x00}},
  {31975,8,{0xBC,0x54,0xFE,0x5C,0xDC,0xC8,0x7E,0x00}},
  {31983,8,{0x9C,0x7E,0xEA,0x5C,0xC8,0xFE,0x6A,0x00}},
  {31986,8,{0xBE,0x54,0xFE,0x5E,0xD4,0xEE,0x4A,0x00}},
  {31988,8,{0x5E,0x4A,0xA0,0x4A,0xEE,0xDC,0x4E,0x00}},
  {31990,8,{0xBE,0xEA,0xE0,0x4A,0xEE,0xDC,0x4E,0x00}},
  {31992,8,{0x10,0x64,0x18,0x24,0xFA,0x10,0x92,0x00}},
  {31994,8,{0x48,0x88,0x48,0xA8,0x48,0xEA,0x4E,0x00}},
  {31995,8,{0x7C,0x10,0x60,0x14,0xFA,0x10,0x92,0x00}},
  {31998,8,{0x44,0x94,0x54,0x94,0x56,0xFC,0x44,0x00}},
  {32000,8,{0x5E,0x82,0x42,0xBE,0x50,0xF2,0x5E,0x00}},
  {32002,8,{0x44,0xBE,0x44,0x94,0x4C,0xE4,0x4C,0x00}},
  {32004,8,{0x48,0x8E,0x52,0xAA,0x46,0xE2,0x46,0x00}},
  {32005,8,{0x40,0x9E,0x44,0xA4,0x44,0xE4,0x5E,0x00}},
  {32006,8,{0x5E,0x84,0x44,0xBE,0x44,0xE4,0x4C,0x00}},
  {32010,8,{0x10,0xFE,0x28,0x10,0xEE,0x38,0x92,0x00}},
  {32011,8,{0x48,0xBE,0x54,0x94,0x48,0xD4,0x62,0x00}},
  {32013,8,{0x48,0xBE,0x6A,0xAA,0x76,0xE2,0x66,0x00}},
  {32016,8,{0x7C,0x94,0x54,0xBE,0x54,0xD4,0x7E,0x00}},
  {32020,8,{0x48,0xBE,0x48,0xAA,0x7E,0xC8,0x4E,0x00}},
  {32021,8,{0x54,0x94,0x5E,0x94,0x54,0xDC,0x76,0x00}},
  {32023,8,{0x48,0x9C,0x5A,0xA8,0x4A,0xE4,0x58,0x00}},
  {32024,8,{0x48,0xBE,0x48,0x92,0x54,0xEA,0x5E,0x00}},
  {32025,8,{0x42,0x9C,0x54,0xBE,0x54,0xF4,0x5A,0x00}},
  {32026,8,{0x7C,0x94,0x56,0x92,0x5A,0xE4,0x5A,0x00}},
  {32027,8,{0x54,0x94,0x62,0x9C,0x54,0xD4,0x6C,0x00}},
  {32028,8,{0x4E,0x80,0x5E,0xA4,0x44,0xEA,0x5E,0x00}},
  {32032,8,{0x10,0x7C,0xFE,0x24,0xFA,0x10,0x92,0x00}},
  {32033,8,{0x44,0x9E,0x48,0xAE,0x4A,0xEA,0x56,0x00}},
  {32034,8,{0x10,0x7C,0x10,0xFE,0xAA,0x30,0x92,0x00}},
  {32043,8,{0x24,0xB6,0xA4,0xF6,0x7A,0x10,0x92,0x00}},
  {32044,8,{0x48,0xBE,0x6A,0xBE,0x6A,0xEA,0x7E,0x00}},
  {32046,8,{0x28,0xF8,0x7A,0xAE,0x7C,0x10,0x92,0x00}},
  {32047,8,{0x7C,0x54,0x7C,0x24,0xFA,0x10,0x92,0x00}},
  {32048,8,{0x5E,0x96,0x56,0xBE,0x56,0xF6,0x5E,0x00}},
  {32050,8,{0x6A,0xAA,0x7E,0xAA,0x6E,0xE0,0x7E,0x00}},
  {32051,8,{0x48,0xBE,0x6A,0xBE,0x6A,0xFE,0x48,0x00}},
  {32053,8,{0x44,0x9E,0x52,0xAE,0x44,0xE4,0x4C,0x00}},
  {32057,8,{0x5E,0x8A,0x52,0xA6,0x5E,0xF2,0x5E,0x00}},
  {32058,8,{0x54,0xBE,0x54,0x9C,0x54,0xD4,0x5C,0x00}},
  {32063,8,{0x48,0x88,0x54,0xBA,0x40,0xDC,0x5C,0x00}},
  {32066,8,{0x4C,0x94,0x48,0xB6,0x48,0xE0,0x4C,0x00}},
  {32067,8,{0x48,0xBE,0x50,0xB4,0x48,0xD4,0x7A,0x00}},
  {32068,8,{0x5C,0x94,0x5C,0xB4,0x5C,0xD4,0x7E,0x00}},
  {32069,8,{0x7E,0xA2,0x7E,0xB6,0x7E,0xE2,0x66,0x00}},
  {32070,8,{0x54,0xA2,0x48,0xBE,0x48,0xFE,0x48,0x00}},
  {32075,8,{0x44,0x9E,0x50,0x94,0x54,0xEA,0x4E,0x00}},
  {32076,8,{0x7C,0x94,0x48,0xB6,0x5C,0xC8,0x7E,0x00}},
  {32078,8,{0x56,0x80,0x56,0xB2,0x52,0xF2,0x56,0x00}},
  {32079,8,{0x48,0xBC,0x6C,0xBC,0x4A,0xE4,0x5A,0x00}},
  {32080,8,{0x48,0xBE,0x48,0x9C,0x40,0xDC,0x5C,0x00}},
  {32086,8,{0x48,0xAA,0x48,0xBE,0x54,0xD4,0x66,0x00}},
  {32091,8,{0x2C,0x74,0xE8,0x74,0x7E,0x48,0x6A,0x00}},
  {32094,8,{0x48,0xBE,0x54,0xA2,0x54,0xC8,0x76,0x00}},
  {32097,8,{0x4C,0x94,0x48,0x94,0x62,0xDC,0x5C,0x00}},
  {32098,8,{0x50,0x9E,0x76,0xBE,0x56,0xFE,0x42,0x00}},
  {32099,8,{0x54,0x80,0x7E,0x94,0x7E,0xD4,0x64,0x00}},
  {32102,8,{0x48,0x94,0x6E,0x80,0x5C,0xD4,0x5C,0x00}},
  {32104,8,{0x44,0xBE,0x54,0xBC,0x56,0xD4,0x4A,0x00}},
  {32110,8,{0x2E,0xFA,0x5A,0xEE,0x7C,0x10,0x92,0x00}},
  {32113,8,{0x48,0xBE,0x54,0xBA,0x54,0xD4,0x66,0x00}},
  {32114,8,{0x44,0x88,0x44,0xAA,0x44,0xEE,0x44,0x00}},
  {32115,8,{0x4C,0x94,0x48,0xB6,0x4C,0xFE,0x44,0x00}},
  {32117,8,{0x48,0x94,0x6E,0x80,0x7E,0xD4,0x7A,0x00}},
  {32118,8,{0x4C,0x94,0x5E,0xBA,0x5E,0xF0,0x5E,0x00}},
  {32121,8,{0x4C,0x8C,0x40,0xBE,0x52,0xFE,0x52,0x00}},
  {32125,8,{0x5E,0x92,0x5E,0xA8,0x5E,0xF2,0x5E,0x00}},
  {32137,8,{0x5C,0xBE,0x5C,0xAA,0x7C,0xD6,0x62,0x00}},
  {32143,8,{0x5C,0xAA,0x40,0x88,0x7E,0xD4,0x7A,0x00}},
  {32147,8,{0x5E,0x8A,0x54,0xAA,0x5E,0xE4,0x5E,0x00}},
  {32153,8,{0x5A,0x94,0x5E,0xB4,0x5A,0xF0,0x5E,0x00}},
  {32154,8,{0x48,0xBE,0x48,0xBE,0x62,0xD4,0x66,0x00}},
  {32155,8,{0x5E,0x96,0x4A,0x96,0x40,0xD2,0x6E,0x00}},
  {32156,8,{0x48,0xBE,0x6E,0x80,0x7E,0xC8,0x6A,0x00}},
  {32159,8,{0x7E,0x92,0x5E,0x94,0x5E,0xE4,0x5A,0x00}},
  {32162,8,{0x7E,0xAA,0x7E,0xAA,0x76,0xFE,0x62,0x00}},
  {32163,8,{0x54,0xAA,0x7E,0x94,0x6A,0xD0,0x5C,0x00}},
  {32171,8,{0x4A,0x9E,0x44,0xAA,0x5E,0xE4,0x5A,0x00}},
  {32172,8,{0x7E,0x94,0x7E,0xA2,0x5C,0xC8,0x76,0x00}},
  {32173,8,{0x54,0x9E,0x54,0xBE,0x54,0xF4,0x5E,0x00}},
  {32174,8,{0xF6,0x5A,0x74,0x8A,0x7C,0x10,0x92,0x00}},
  {32175,8,{0x50,0x9E,0x6A,0x9E,0x4A,0xEE,0x7E,0x00}},
  {32176,8,{0x44,0x9E,0x52,0xAC,0x4E,0xEA,0x4E,0x00}},
  {32177,8,{0x7E,0xA2,0x76,0xAA,0x76,0xFE,0x62,0x00}},
  {32178,8,{0x7E,0xA2,0x76,0xFE,0x6A,0xEE,0x62,0x00}},
  {32180,8,{0x7E,0x94,0x6A,0xBE,0x6A,0xD4,0x6A,0x00}},
  {32181,8,{0x5C,0xAA,0x40,0x88,0x7E,0xDC,0x6A,0x00}},
  {32184,8,{0x48,0x94,0x6E,0x80,0x5E,0xFE,0x56,0x00}},
  {32186,8,{0x48,0xBE,0x48,0x94,0x7E,0xC4,0x54,0x00}},
  {32187,8,{0x44,0xBE,0x6E,0x84,0x56,0xD4,0x6E,0x00}},
  {32189,8,{0x48,0x8E,0x5C,0x94,0x5C,0xFE,0x48,0x00}},
  {32190,8,{0x48,0x9C,0x48,0xBE,0x54,0xE8,0x56,0x00}},
  {32191,8,{0x48,0x9C,0x54,0x9C,0x7E,0xEA,0x48,0x00}},
  {32199,8,{0x4A,0x94,0x4A,0xBE,0x5E,0xF6,0x5E,0x00}},
  {32202,8,{0xEE,0xCA,0xE4,0x2A,0xFE,0x10,0x92,0x00}},
  {32203,8,{0x54,0xB6,0x54,0xB6,0x54,0xF6,0x54,0x00}},
  {32207,8,{0x54,0xA2,0x54,0xBA,0x40,0xF2,0x6E,0x00}},
  {32209,8,{0x5C,0x84,0x7E,0x88,0x6A,0xDC,0x6A,0x00}},
  {32210,8,{0x4A,0x9C,0x48,0xBE,0x50,0xEE,0x4E,0x00}},
  {32213,8,{0x48,0xBE,0x54,0x88,0x76,0xDC,0x64,0x00}},
  {32216,8,{0x44,0xBE,0x64,0xBC,0x66,0xFC,0x5A,0x00}},
  {32218,8,{0x48,0x9C,0x54,0x9C,0x7A,0xDC,0x6A,0x00}},
  {32220,8,{0x2E,0x74,0x58,0x74,0xFE,0xAE,0x24,0x00}},
  {32221,8,{0x5C,0x94,0x7E,0x9C,0x54,0xFE,0x44,0x00}},
  {32222,8,{0x5E,0xAA,0x70,0xAE,0x7A,0xE4,0x6A,0x00}},
  {32224,8,{0x48,0xBE,0x54,0xBE,0x6A,0xDC,0x54,0x00}},
  {32225,8,{0x5E,0x92,0x5E,0xB4,0x5A,0xEE,0x4E,0x00}},
  {32228,8,{0x6A,0xBE,0x6E,0xA0,0x7E,0xDC,0x6A,0x00}},
  {32232,8,{0x7E,0x94,0x5C,0x90,0x5E,0xEE,0x4A,0x00}},
  {32233,8,{0x46,0xB8,0x6A,0x9E,0x4A,0xD4,0x6A,0x00}},
  {32236,8,{0x5E,0x88,0x5E,0xB6,0x5E,0xF6,0x5E,0x00}},
  {32239,8,{0x48,0x9E,0x4A,0xBE,0x54,0xFE,0x44,0x00}},
  {32242,8,{0x7A,0xAE,0x7E,0xAA,0x78,0xEA,0x7C,0x00}},
  {32244,8,{0x48,0xBE,0x5C,0x9C,0x48,0xDC,0x6A,0x00}},
  {32251,8,{0x7C,0x96,0x66,0xBE,0x56,0xFC,0x4A,0x00}},
  {32257,8,{0x5C,0x84,0x7E,0x90,0x5A,0xEC,0x5A,0x00}},
  {32260,8,{0x5C,0x94,0x5E,0xBA,0x56,0xDC,0x46,0x00}},
  {32261,8,{0x44,0xBE,0x7C,0xB4,0x6E,0xF4,0x6A,0x00}},
  {32265,8,{0x7E,0xA4,0x76,0xBE,0x5C,0xD4,0x5C,0x00}},
  {32266,8,{0x54,0xA2,0x5C,0x94,0x62,0xDC,0x7E,0x00}},
  {32267,8,{0x52,0x86,0x56,0xA4,0x56,0xF6,0x5E,0x00}},
  {32274,8,{0x54,0xBE,0x48,0xBE,0x5E,0xD4,0x6E,0x00}},
  {32283,8,{0x4A,0xBE,0x5C,0x9C,0x7E,0xD4,0x4C,0x00}},
  {32286,8,{0x48,0xBE,0x54,0x9C,0x7E,0xE2,0x6A,0x00}},
  {32287,8,{0x5E,0x9C,0x5A,0xAC,0x7E,0xD4,0x4C,0x00}},
  {32289,8,{0x48,0xBE,0x6A,0xBE,0x54,0xFE,0x48,0x00}},
  {32290,8,{0xF4,0xAA,0xFE,0xB4,0xFA,0xA8,0xAA,0x00}},
  {32291,8,{0x6E,0xE4,0xE8,0x84,0xFE,0x24,0xB6,0x00}},
  {32294,8,{0x5A,0xAE,0x54,0xB6,0x54,0xDC,0x56,0x00}},
  {32299,8,{0x56,0x8A,0x44,0xBA,0x5E,0xD4,0x6E,0x00}},
  {32302,8,{0x48,0xBE,0x62,0x9E,0x74,0xD6,0x56,0x00}},
  {32305,8,{0x54,0xAA,0x50,0xB4,0x56,0xDC,0x56,0x00}},
  {32306,8,{0x7E,0xAA,0x7E,0x90,0x7E,0xC8,0x6A,0x00}},
  {32309,8,{0x5C,0x94,0x7E,0xBE,0x54,0xC8,0x76,0x00}},
  {32311,8,{0x48,0x9C,0x76,0x9C,0x7E,0xD4,0x7A,0x00}},
  {32313,8,{0x7E,0x9C,0x5C,0x80,0x7E,0xC8,0x6A,0x00}},
  {32314,8,{0x54,0x8E,0x5C,0xAC,0x5E,0xF4,0x5E,0x00}},
  {32315,8,{0x08,0x7E,0x7E,0x54,0x7A,0x48,0xAA,0x00}},
  {32317,8,{0x48,0x9E,0x5E,0xBE,0x40,0xF2,0x6E,0x00}},
  {32318,8,{0x48,0x9C,0x48,0xBE,0x5C,0xDC,0x62,0x00}},
  {32321,8,{0x86,0xFA,0x74,0xEA,0x7C,0x10,0x92,0x00}},
  {32323,8,{0x6A,0xBE,0x40,0xB6,0x76,0xF6,0x5A,0x00}},
  {32326,8,{0x76,0x92,0x48,0x94,0x6A,0xC4,0x58,0x00}},
  {32330,8,{0x56,0xBC,0x56,0xBC,0x56,0xDC,0x72,0x00}},
  {32331,8,{0x2E,0xFA,0x74,0xEA,0x7C,0x10,0x92,0x00}},
  {32333,8,{0x48,0xBC,0x4E,0xBC,0x5A,0xDE,0x6A,0x00}},
  {32340,8,{0x56,0xBC,0x5E,0xBC,0x46,0xDC,0x5A,0x00}},
  {32341,8,{0x54,0xBE,0x48,0xBE,0x54,0xFE,0x5C,0x00}},
  {32342,8,{0x54,0xBE,0x5A,0xBA,0x5A,0xDC,0x5A,0x00}},
  {32345,8,{0x7E,0x94,0x7E,0x9C,0x6A,0xDC,0x5C,0x00}},
  {32346,8,{0x48,0xBE,0x54,0xBE,0x54,0xC8,0x6A,0x00}},
  {32349,8,{0x76,0xB6,0x62,0xAE,0x6E,0xF6,0x62,0x00}},
  {32350,8,{0x48,0x9C,0x7E,0xB6,0x7E,0xD4,0x66,0x00}},
  {32358,8,{0x7E,0x9A,0x74,0xAE,0x7E,0xD4,0x7E,0x00}},
  {32359,8,{0x5C,0xBE,0x6A,0x80,0x7E,0xD4,0x7A,0x00}},
  {32361,8,{0x7E,0xB6,0x54,0xB6,0x76,0xD4,0x5E,0x00}},
  {32362,8,{0x48,0x94,0x7E,0xAA,0x7E,0xD4,0x5C,0x00}},
  {32365,8,{0x28,0xFE,0x28,0xFE,0xB6,0xDE,0xB6,0x00}},
  {32368,8,{0x5C,0x94,0x7E,0xAA,0x7E,0xDC,0x6A,0x00}},
  {32377,8,{0x7E,0xBE,0x48,0xBE,0x54,0xFE,0x48,0x00}},
  {32379,8,{0x5C,0xBE,0x6A,0x9C,0x48,0xFE,0x6A,0x00}},
  {32380,8,{0x6A,0xB4,0x6A,0xBE,0x6A,0xF4,0x7E,0x00}},
  {32381,8,{0x48,0xBE,0x6A,0xB4,0x5C,0xDC,0x62,0x00}},
  {32383,8,{0x74,0xA6,0x60,0xB6,0x40,0xDC,0x7E,0x00}},
  {32386,8,{0x48,0x6E,0xBC,0x38,0xE6,0x38,0x92,0x00}},
  {32387,8,{0x48,0xBE,0x54,0xAA,0x54,0xDC,0x64,0x00}},
  {32392,8,{0x56,0xBC,0x56,0xBE,0x46,0xF8,0x5A,0x00}},
  {32393,8,{0x54,0xBE,0x54,0xAA,0x5C,0xDC,0x62,0x00}},
  {32396,8,{0x48,0xBE,0x76,0xBE,0x5C,0xDC,0x62,0x00}},
  {32398,8,{0x56,0x94,0x7E,0x94,0x7E,0xD4,0x7A,0x00}},
  {32399,8,{0x48,0xBE,0x6C,0xBE,0x76,0xE8,0x5E,0x00}},
  {32400,8,{0x56,0xBC,0x6E,0x86,0x6E,0xD0,0x6A,0x00}},
  {32402,8,{0x5E,0x9C,0x50,0x9A,0x50,0xE4,0x5E,0x00}},
  {32403,8,{0x76,0xB6,0x6A,0x90,0x7E,0xD4,0x7A,0x00}},
  {32404,8,{0x4C,0x96,0x4E,0xAC,0x56,0xEC,0x56,0x00}},
  {32406,8,{0x6E,0x94,0x7E,0x94,0x7E,0xD4,0x7A,0x00}},
  {32411,8,{0x10,0x7C,0xFE,0x7C,0xEA,0xEE,0x54,0x00}},
  {32412,8,{0x74,0xA6,0x76,0x9C,0x5C,0xDC,0x66,0x00}},
  {32566,8,{0x20,0x3C,0x50,0xFE,0x10,0x54,0x7C,0x00}},
  {32568,8,{0x40,0x7E,0xA4,0xF4,0x24,0xB4,0xFE,0x00}},
  {32570,8,{0x44,0x7E,0xA6,0xFE,0x24,0xB4,0xFA,0x00}},
  {32581,8,{0x84,0xE6,0x5C,0xF6,0x5E,0xF4,0xEC,0x00}},
  {32588,8,{0x6C,0x6C,0x92,0x3C,0xFE,0x54,0x7C,0x00}},
  {32589,8,{0x38,0x38,0xEE,0xFE,0xFE,0x54,0x7C,0x00}},
  {32590,8,{0x8C,0xEC,0x5E,0xF6,0x4C,0xD4,0xFA,0x00}},
  {32592,8,{0x94,0xFE,0x76,0xD4,0x5E,0xF4,0xDE,0x00}},
  {32593,8,{0xFE,0x82,0xD6,0xAA,0xAA,0xD6,0x82,0x00}},
  {32596,8,{0xFE,0xAA,0xFE,0x92,0xFE,0xA2,0xBA,0x00}},
  {32597,8,{0xFE,0xAA,0x4C,0x38,0x10,0xFE,0x10,0x00}},
  {32600,8,{0xFE,0xAA,0xFE,0x00,0xFE,0x34,0xD2,0x00}},
  {32607,8,{0xFE,0xAA,0xFE,0x10,0xFE,0x44,0x7C,0x00}},
  {32608,8,{0xFE,0xAA,0xFE,0x44,0x7E,0x48,0xE6,0x00}},
  {32615,8,{0xFE,0xAA,0xFE,0x24,0xFE,0x6C,0xB6,0x00}},
  {32616,8,{0xFE,0xAA,0xFE,0x54,0xBA,0x38,0x0E,0x00}},
  {32617,8,{0xFE,0xAA,0xFE,0x1C,0x78,0xFE,0x10,0x00}},
  {32618,8,{0xFE,0xFE,0x28,0xEE,0x28,0xEE,0x48,0x00}},
  {32619,8,{0xFE,0xAA,0xFE,0x48,0xEC,0x4A,0xE8,0x00}},
  {32622,8,{0xFE,0xAA,0xFE,0x24,0xBC,0xA4,0xFE,0x00}},
  {32624,8,{0xFE,0xAA,0xFE,0x6A,0x0A,0xE2,0xE6,0x00}},
  {32626,8,{0xFE,0xAA,0xFE,0x38,0xFE,0x34,0xDC,0x00}},
  {32629,8,{0xFE,0xAA,0xFE,0x50,0x7E,0x02,0xAA,0x00}},
  {32631,8,{0xFE,0xAA,0xFE,0x54,0xF6,0x74,0x56,0x00}},
  {32632,8,{0xFE,0xAA,0xFE,0xC4,0x3E,0xD4,0xCC,0x00}},
  {32633,8,{0xFE,0xAA,0xFE,0x54,0xDE,0xD4,0x5E,0x00}},
  {32642,8,{0xFE,0xAA,0xFE,0x8C,0x5E,0xFE,0x52,0x00}},
  {32643,8,{0xFE,0xAA,0xFE,0x38,0xFE,0x7E,0xB4,0x00}},
  {32645,8,{0xFE,0xAA,0xFE,0x94,0x5E,0xF4,0x5E,0x00}},
  {32646,8,{0xFE,0xAA,0xFE,0x74,0x56,0x00,0xAA,0x00}},
  {32647,8,{0xFE,0xAA,0xFE,0xAC,0x5E,0xE4,0x54,0x00}},
  {32648,8,{0xFE,0xAA,0xFE,0xAC,0x4E,0xE2,0x56,0x00}},
  {32650,8,{0x44,0xFE,0x10,0x7C,0x10,0xFE,0x10,0x00}},
  {32652,8,{0x44,0xFE,0x7C,0x10,0xFE,0x28,0xCE,0x00}},
  {32654,8,{0x44,0xFE,0x7C,0x10,0xFE,0x10,0xEE,0x00}},
  {32660,8,{0x44,0xFE,0x7C,0x10,0xFE,0x00,0xAA,0x00}},
  {32666,8,{0xA8,0x54,0xEE,0x40,0xFE,0x4A,0x88,0x00}},
  {32669,8,{0xA2,0x5C,0xF4,0x5E,0xF4,0x52,0x9E,0x00}},
  {32670,8,{0x44,0xFE,0x10,0xFE,0x7C,0x54,0xBE,0x00}},
  {32675,8,{0x3C,0xFE,0x32,0xDE,0x38,0xFE,0x10,0x00}},
  {32676,8,{0xFA,0x5E,0xF4,0x5E,0x64,0xFE,0x74,0x00}},
  {32680,8,{0x44,0xFE,0x10,0xFE,0x9C,0x08,0xB6,0x00}},
  {32681,8,{0x44,0xFE,0x10,0xFE,0x2A,0xFC,0x2A,0x00}},
  {32686,8,{0x44,0xFE,0x7C,0xAA,0x7C,0x10,0xEE,0x00}},
  {32687,8,{0xBC,0x54,0xFC,0x5E,0xF2,0x5A,0x86,0x00}},
  {32690,8,{0x44,0xFE,0x10,0xFE,0x6A,0x3C,0x6A,0x00}},
  {32694,8,{0xA4,0x5E,0xFA,0x5E,0xEC,0x4C,0x9E,0x00}},
  {32696,8,{0x10,0xFE,0x40,0x7C,0x6E,0x7E,0xB6,0x00}},
  {32697,8,{0x44,0xFE,0x7C,0xAA,0x7C,0x38,0xEE,0x00}},
  {32701,8,{0xFE,0x12,0x5A,0x12,0x36,0xDA,0x36,0x00}},
  {32705,8,{0x28,0xC6,0x20,0xFE,0x5A,0x36,0xDA,0x00}},
  {32709,8,{0x5E,0xEA,0x5E,0xEA,0xBE,0x4A,0xBE,0x00}},
  {32710,8,{0xEE,0x22,0x78,0x2A,0x4E,0xFE,0x10,0x00}},
  {32714,8,{0x5E,0xEA,0xBE,0xAA,0x5E,0xEA,0x0A,0x00}},
  {32716,8,{0xFE,0x5A,0x36,0xDA,0x7C,0x28,0xFE,0x00}},
  {32722,8,{0xFE,0x5A,0x36,0xDA,0x20,0x7C,0x7C,0x00}},
  {32724,8,{0xBE,0x4A,0xDE,0x6A,0xDE,0x6A,0x8A,0x00}},
  {32725,8,{0x10,0x28,0xFE,0x38,0xEE,0x66,0xAA,0x00}},
  {32736,8,{0xFE,0x5A,0x36,0xFE,0x54,0xFE,0x10,0x00}},
  {32737,8,{0x28,0xEE,0x28,0xFE,0x5A,0xB6,0x5A,0x00}},
  {32742,8,{0x44,0xFE,0x74,0x54,0xEE,0x66,0xAA,0x00}},
  {32745,8,{0xDE,0x0A,0xDE,0x8A,0xFE,0xEA,0xAA,0x00}},
  {32747,8,{0xF6,0x50,0xFE,0x54,0x24,0x74,0x7A,0x00}},
  {32752,8,{0xE8,0x54,0xE2,0xBE,0x4A,0xDE,0x6A,0x00}},
  {32755,8,{0xFE,0xCA,0xF4,0xAA,0xFE,0x66,0xAA,0x00}},
  {32761,8,{0x5E,0xEA,0xFE,0xAA,0xFE,0x6A,0xBE,0x00}},
  {32763,8,{0xFE,0x6A,0xFE,0x6A,0xBE,0x7E,0x6A,0x00}},
  {32764,8,{0xFE,0x5A,0x36,0x58,0xFE,0x00,0xC6,0x00}},
  {32768,8,{0x2E,0xB6,0x2E,0xF4,0x6E,0x7C,0x8E,0x00}},
  {32769,8,{0x12,0x7C,0x18,0xFE,0x3C,0xD0,0x1E,0x00}},
  {32771,8,{0x12,0x7C,0x18,0xFE,0x30,0xDE,0x02,0x00}},
  {32772,8,{0x14,0x78,0x30,0xDE,0x3C,0xF0,0x1E,0x00}},
  {32773,8,{0x12,0x7C,0x18,0xFE,0x20,0xDC,0x1C,0x00}},
  {32774,8,{0x14,0x78,0xFE,0x30,0xDE,0x3C,0x3C,0x00}},
  {32779,8,{0x14,0x78,0x30,0xDE,0x7C,0x10,0xFE,0x00}},
  {32780,8,{0xFE,0x10,0xFE,0xAA,0xAA,0xAA,0xAA,0x00}},
  {32784,8,{0xFA,0x46,0xFA,0xAE,0xAE,0xAA,0xAA,0x00}},
  {32786,8,{0x14,0xF8,0x7C,0x10,0xFE,0x38,0xD6,0x00}},
  {32789,8,{0x54,0xFE,0x54,0xD4,0x7E,0xD4,0x64,0x00}},
  {32791,8,{0x44,0xF8,0x4E,0xF8,0x4E,0xF8,0x4E,0x00}},
  {32792,8,{0x6E,0xC0,0x5E,0xE4,0x44,0xEA,0x5E,0x00}},
  {32793,8,{0x7E,0xD6,0x56,0xFE,0x50,0xF2,0x5E,0x00}},
  {32796,8,{0x7C,0xD4,0x5C,0xF0,0x5E,0xF2,0x5E,0x00}},
  {32801,8,{0x64,0xFC,0x6E,0xFE,0x6E,0xFA,0x4A,0x00}},
  {32808,8,{0x5E,0xDC,0x5A,0xEC,0x7E,0xD4,0x4C,0x00}},
  {32819,8,{0xFE,0x24,0x3C,0x3C,0x24,0xFE,0x04,0x00}},
  {32822,8,{0xFE,0x56,0x74,0x76,0x56,0xF4,0x14,0x00}},
  {32827,8,{0xE4,0x64,0x76,0x74,0x74,0xF4,0x3E,0x00}},
  {32829,8,{0xE8,0x7E,0x7A,0x68,0x6C,0xEC,0x36,0x00}},
  {32831,8,{0xE4,0x64,0x76,0x74,0x64,0xE4,0x3A,0x00}},
  {32838,8,{0xE8,0x74,0x6E,0x60,0x7E,0xEA,0x28,0x00}},
  {32842,8,{0xE8,0x76,0x76,0x76,0x7E,0xEC,0x34,0x00}},
  {32850,8,{0xE2,0x6C,0x7E,0x64,0x6E,0xEA,0x2E,0x00}},
  {32854,8,{0xFE,0x6A,0xFE,0x10,0x7C,0x10,0xFE,0x00}},
  {32856,8,{0xE4,0x6E,0x6E,0x7E,0x6C,0xE2,0x26,0x00}},
  {32858,8,{0xFE,0x6A,0xF4,0x2A,0x54,0x38,0xD6,0x00}},
  {32862,8,{0xEE,0xEE,0x82,0xFE,0xBA,0xFA,0x8A,0x00}},
  {32863,8,{0x40,0x7E,0xAA,0x5E,0x24,0xFE,0x04,0x00}},
  {32865,8,{0xEA,0x72,0x68,0x7E,0x60,0xFA,0x36,0x00}},
  {32866,8,{0xE4,0x7E,0x6E,0x64,0x76,0xF4,0x2E,0x00}},
  {32872,8,{0xEA,0x74,0x6A,0x6C,0x7E,0xEC,0x34,0x00}},
  {32879,8,{0xEA,0x74,0x6A,0x74,0x7E,0xEE,0x34,0x00}},
  {32880,8,{0xE8,0x7E,0x7E,0x7E,0x60,0xFA,0x36,0x00}},
  {32882,8,{0x2E,0xFA,0x64,0x8A,0x3C,0xFE,0x04,0x00}},
  {32883,8,{0x54,0xAA,0x4C,0xFE,0x24,0xFE,0x04,0x00}},
  {32884,8,{0xE4,0x7E,0x6E,0x6E,0x60,0xFA,0x36,0x00}},
  {32886,8,{0x7C,0x38,0xFE,0xEE,0x66,0xEE,0x22,0x00}},
  {32887,8,{0xF6,0x7C,0x6E,0x7C,0x66,0xF4,0x3A,0x00}},
  {32889,8,{0xE4,0x7E,0x7A,0x6C,0x7E,0xE4,0x2C,0x00}},
  {32893,8,{0xE4,0x7E,0x6E,0xFE,0x60,0xFA,0x36,0x00}},
  {32894,8,{0x26,0xFC,0x52,0xF6,0x5C,0xFE,0x04,0x00}},
  {32895,8,{0x10,0x7C,0x16,0xFC,0x10,0xFE,0x10,0x00}},
  {32900,8,{0x84,0xEE,0x86,0x6E,0xE4,0x5E,0xA4,0x00}},
  {32901,8,{0x10,0x7C,0x3E,0xEC,0x42,0x6E,0xAA,0x00}},
  {32902,8,{0x74,0x4E,0x66,0x4E,0xF4,0x5E,0xF4,0x00}},
  {32903,8,{0xFE,0x5A,0x74,0x8A,0x7C,0xFE,0x10,0x00}},
  {32905,8,{0x10,0xFE,0x92,0xAA,0x92,0xAA,0x86,0x00}},
  {32907,8,{0xE8,0xBE,0xEA,0xAA,0xEA,0xAA,0xB6,0x00}},
  {32908,8,{0xFC,0xB4,0xF4,0xB4,0xF4,0xB4,0xA6,0x00}},
  {32915,8,{0x10,0xFE,0x40,0x7C,0x44,0x7C,0x44,0x00}},
  {32918,8,{0x52,0x34,0x7E,0x42,0x7E,0x42,0x46,0x00}},
  {32920,8,{0xE4,0xBE,0xE4,0xB4,0xEC,0xA4,0xAC,0x00}},
  {32922,8,{0xE4,0xA4,0xEE,0xA4,0xE4,0xA4,0xBE,0x00}},
  {32923,8,{0xE0,0xAE,0xE4,0xA4,0xE4,0xA4,0xBE,0x00}},
  {32925,8,{0xEE,0xA4,0xE4,0xBE,0xE4,0xA4,0xA4,0x00}},
  {32929,8,{0xEE,0xAA,0xE0,0xAE,0xEA,0xA4,0xBA,0x00}},
  {32930,8,{0xE4,0xBE,0xE4,0xAE,0xEA,0xA4,0xBA,0x00}},
  {32933,8,{0xFE,0xAA,0xEA,0xBE,0xE0,0xA2,0xBE,0x00}},
  {32937,8,{0xFE,0x44,0x7C,0x5C,0x54,0x5C,0x94,0x00}},
  {32938,8,{0xE4,0xBE,0xE8,0xAE,0xEA,0xAA,0xB6,0x00}},
  {32940,8,{0xEA,0xBE,0xE8,0xAC,0xEC,0xAC,0xB6,0x00}},
  {32941,8,{0xEC,0xA4,0xFE,0xB6,0xFA,0xB2,0xB6,0x00}},
  {32943,8,{0x10,0x5C,0x50,0xFE,0x44,0x7C,0x44,0x00}},
  {32945,8,{0xE8,0xBE,0xE8,0xB2,0xE4,0xAA,0xBE,0x00}},
  {32946,8,{0x10,0xFE,0x24,0xFA,0x44,0x7C,0x44,0x00}},
  {32948,8,{0x64,0x18,0x24,0xFE,0x64,0xBC,0x24,0x00}},
  {32954,8,{0xE4,0xBE,0xE4,0xBE,0xF6,0xB6,0xA4,0x00}},
  {32963,8,{0xFE,0x92,0xFE,0x7C,0x44,0x7C,0x44,0x00}},
  {32964,8,{0x10,0xFE,0x92,0xFE,0x44,0x7C,0x44,0x00}},
  {32966,8,{0xEE,0xAA,0xEE,0xAA,0xEE,0xA0,0xAE,0x00}},
  {32972,8,{0x28,0xEE,0x28,0xFE,0x44,0x7C,0x44,0x00}},
  {32974,8,{0xE4,0xA4,0xEA,0xBE,0xE0,0xAE,0xAE,0x00}},
  {32982,8,{0xEA,0xB0,0xE4,0xBE,0xE4,0xBE,0xA4,0x00}},
  {32985,8,{0xE8,0xAE,0xF8,0xAE,0xE8,0xAE,0xA8,0x00}},
  {32986,8,{0xFE,0xA4,0xEC,0xB6,0xE4,0xA4,0xBE,0x00}},
  {32987,8,{0xFE,0xB6,0xFE,0xB6,0xFE,0xA4,0xA4,0x00}},
  {32989,8,{0xE2,0xBC,0xF4,0xBE,0xF4,0xB2,0xBE,0x00}},
  {32990,8,{0xE8,0xAE,0xF6,0xA2,0xEE,0xA8,0xAE,0x00}},
  {32993,8,{0x4E,0xEA,0x4E,0xEA,0xAE,0xEA,0x16,0x00}},
  {32996,8,{0x54,0x64,0x54,0x7C,0x6C,0x7C,0xAE,0x00}},
  {32997,8,{0xFE,0x1A,0x50,0xBE,0x44,0x7C,0x44,0x00}},
  {33007,8,{0xE4,0xBE,0xEC,0xBA,0xEC,0xA2,0xA6,0x00}},
  {33009,8,{0xE4,0xB6,0xE4,0xBE,0xEC,0xAC,0xB6,0x00}},
  {33012,8,{0xFE,0xB2,0xFE,0xB2,0xFE,0xBE,0xB2,0x00}},
  {33016,8,{0xE8,0xAE,0xF6,0xAA,0xF6,0xBE,0xA2,0x00}},
  {33020,8,{0xEA,0xA0,0xFE,0xAA,0xFE,0xAA,0xB2,0x00}},
  {33021,8,{0x24,0x56,0xF4,0x76,0x56,0x74,0x56,0x00}},
  {33026,8,{0xEA,0xAC,0xEA,0xAE,0xE0,0xAE,0xAE,0x00}},
  {33029,8,{0x10,0x7C,0x24,0xFE,0x56,0xBC,0x24,0x00}},
  {33030,8,{0xEC,0xB4,0xFE,0xBE,0xFA,0xB8,0xAE,0x00}},
  {33031,8,{0xE8,0xBE,0xEA,0xA0,0xEA,0xBE,0xAA,0x00}},
  {33032,8,{0xE4,0xB8,0xE6,0xB8,0xF6,0xB4,0xB2,0x00}},
  {33033,8,{0xEC,0xA0,0xEC,0xBE,0xEC,0xB6,0xAC,0x00}},
  {33034,8,{0xD6,0x10,0xD6,0x38,0xC6,0x7C,0x44,0x00}},
  {33050,8,{0xEE,0xBE,0xEE,0xBE,0xEE,0xB4,0xBC,0x00}},
  {33051,8,{0xFE,0xAA,0xF4,0xAA,0xFE,0xA4,0xBE,0x00}},
  {33059,8,{0x7E,0x7C,0x68,0xB6,0x7C,0x7C,0x44,0x00}},
  {33065,8,{0x2C,0x74,0xE8,0x7E,0x74,0x7C,0x54,0x00}},
  {33071,8,{0xEA,0xBE,0xE8,0xBE,0xFA,0xBE,0xBA,0x00}},
  {33073,8,{0xEA,0xBE,0xF2,0xBE,0xEC,0xAC,0xB6,0x00}},
  {33075,8,{0xEA,0xA2,0xF4,0xAA,0xF6,0xB2,0xBE,0x00}},
  {33081,8,{0xEE,0xA8,0xEC,0xA8,0xFE,0xAC,0xAA,0x00}},
  {33086,8,{0xE8,0xBE,0xFA,0xBE,0xEC,0xBE,0xA4,0x00}},
  {33094,8,{0xEA,0xBE,0xFA,0xBE,0xFE,0xA0,0xB2,0x00}},
  {33099,8,{0xE4,0xBE,0xE8,0xAE,0xFA,0xAC,0xAA,0x00}},
  {33102,8,{0xEE,0xCA,0xE4,0x0A,0x7C,0x7C,0x44,0x00}},
  {33104,8,{0x08,0x7E,0x54,0x6C,0x7E,0x6A,0xB6,0x00}},
  {33105,8,{0xE4,0xBE,0xF0,0xBA,0xFE,0xBA,0xAA,0x00}},
  {33107,8,{0xEC,0xBE,0xEC,0xBE,0xEC,0xBE,0xAC,0x00}},
  {33108,8,{0xE4,0xBE,0xFA,0xA0,0xEE,0xA4,0xBE,0x00}},
  {33109,8,{0xE4,0xBE,0xF2,0xAE,0xF6,0xAC,0xB6,0x00}},
  {33119,8,{0xE4,0xBE,0xF2,0xAC,0xFA,0xA4,0xBE,0x00}},
  {33125,8,{0xEE,0xAA,0xEE,0xB4,0xEE,0xA4,0xBE,0x00}},
  {33126,8,{0xEA,0xB4,0xEA,0xBE,0xF6,0xBA,0xBE,0x00}},
  {33131,8,{0xE2,0xAC,0xFE,0xAE,0xEE,0xA4,0xBE,0x00}},
  {33134,8,{0xFE,0xB6,0xFE,0xBE,0xE0,0xBA,0xB6,0x00}},
  {33136,8,{0xFE,0xAC,0xEC,0xA8,0xFE,0xAC,0xBA,0x00}},
  {33137,8,{0xFA,0xAE,0xEA,0xB6,0xEA,0xA8,0xB6,0x00}},
  {33140,8,{0xE8,0xB6,0xFE,0xB6,0xFE,0xA4,0xBA,0x00}},
  {33144,8,{0xEE,0xAA,0xFE,0xA8,0xEE,0xB6,0xAA,0x00}},
  {33145,8,{0xF0,0xBE,0xEC,0xAC,0xF4,0xA8,0xB6,0x00}},
  {33146,8,{0xE8,0xBC,0xF4,0xBC,0xFA,0xBC,0xAA,0x00}},
  {33151,8,{0xF6,0xA6,0xE6,0xB4,0xFA,0xB0,0xBE,0x00}},
  {33152,8,{0xE8,0xBE,0xF4,0xBE,0xEA,0xAC,0xB4,0x00}},
  {33154,8,{0x48,0xEE,0x7C,0xAA,0x7C,0x7C,0x44,0x00}},
  {33155,8,{0xFE,0xB6,0xFA,0xBE,0xE0,0xAC,0xBE,0x00}},
  {33160,8,{0xFE,0xAC,0xEC,0xBE,0xF2,0xBE,0xB6,0x00}},
  {33162,8,{0xEA,0xBE,0xFC,0xB4,0xFE,0xB4,0xAC,0x00}},
  {33167,8,{0x10,0xFE,0x44,0xFE,0xBA,0x7C,0x44,0x00}},
  {33171,8,{0xE8,0xAE,0xFC,0xAC,0xEE,0xB6,0xAA,0x00}},
  {33173,8,{0xFE,0xAA,0xFE,0xBA,0xE6,0xB2,0xBE,0x00}},
  {33178,8,{0x08,0x0E,0x78,0x5E,0x5E,0x5E,0x92,0x00}},
  {33180,8,{0xEA,0xBE,0xEC,0xAC,0xFE,0xA4,0xBA,0x00}},
  {33181,8,{0xE4,0xBE,0xEC,0xB6,0xEC,0xB6,0xAC,0x00}},
  {33184,8,{0xFE,0xAA,0xE4,0xAA,0xF4,0xA2,0xAC,0x00}},
  {33187,8,{0xE4,0xBE,0xF6,0xA8,0xEE,0xA4,0xAE,0x00}},
  {33188,8,{0xEC,0xBE,0xF6,0xA0,0xEC,0xA6,0xAC,0x00}},
  {33192,8,{0xEA,0xBC,0xEA,0xBC,0xF8,0xAA,0xBC,0x00}},
  {33193,8,{0xE4,0xBE,0xF4,0xA4,0xFC,0xBC,0xAA,0x00}},
  {33200,8,{0xFE,0xAC,0xFE,0xAC,0xF6,0xAC,0xAC,0x00}},
  {33203,8,{0xEA,0xBE,0xE4,0xBE,0xEA,0xBE,0xAE,0x00}},
  {33205,8,{0xF4,0xBE,0xF4,0xB4,0xEA,0xBE,0xA8,0x00}},
  {33208,8,{0xF4,0xAE,0xF4,0xAE,0xE6,0xB6,0xBE,0x00}},
  {33210,8,{0x08,0x7E,0x6C,0x6E,0x5E,0x5E,0x92,0x00}},
  {33213,8,{0xEC,0xB4,0xFE,0xB6,0xFC,0xBE,0xAC,0x00}},
  {33214,8,{0xE8,0xB4,0xFE,0xAA,0xFE,0xAC,0xAC,0x00}},
  {33215,8,{0xEA,0xBE,0xFE,0xA0,0xFE,0xB4,0xBA,0x00}},
  {33216,8,{0x7E,0x7A,0x54,0xAA,0x7C,0x7C,0x44,0x00}},
  {33218,8,{0x64,0x6E,0xCA,0x64,0x7C,0x7C,0x44,0x00}},
  {33222,8,{0xE8,0xBE,0xF4,0xBE,0xEC,0xBA,0xB6,0x00}},
  {33224,8,{0xEA,0xBE,0xEC,0xAE,0xF2,0xBA,0xA6,0x00}},
  {33225,8,{0xE8,0xB4,0xFE,0xAA,0xFE,0xB4,0xAA,0x00}},
  {33229,8,{0xE8,0xBE,0xF4,0xAA,0xF4,0xBC,0xA4,0x00}},
  {33233,8,{0xEC,0xBE,0xF6,0xAE,0xE4,0xBE,0xB6,0x00}},
  {33235,8,{0xF4,0xBE,0xE4,0xBE,0xF4,0xB4,0xBA,0x00}},
  {33240,8,{0xEA,0xB4,0xEE,0xAE,0xFA,0xB6,0xBA,0x00}},
  {33241,8,{0xEA,0xBE,0xEE,0xAA,0xFE,0xA0,0xB6,0x00}},
  {33242,8,{0xE4,0xA6,0xFC,0xB6,0xF0,0xAC,0xBE,0x00}},
  {33247,8,{0xF4,0xBE,0xF4,0xBE,0xEC,0xBC,0xBA,0x00}},
  {33248,8,{0x54,0xB8,0x54,0xEE,0xFE,0x92,0xAA,0x00}},
  {33251,8,{0xFE,0x90,0xFC,0x84,0xFC,0x90,0xFE,0x00}},
  {33253,8,{0xF4,0xA4,0xF4,0x94,0xF4,0xA4,0xFA,0x00}},
  {33255,8,{0x04,0xBE,0xE4,0x3C,0xF6,0xB4,0x5A,0x00}},
  {33256,8,{0xF4,0xA6,0xFE,0x96,0xF0,0xAE,0xFE,0x00}},
  {33258,8,{0x10,0x7E,0x42,0x7A,0x5E,0x42,0x7E,0x00}},
  {33261,8,{0x10,0x7C,0x44,0x7C,0xFE,0x10,0xEE,0x00}},
  {33267,8,{0xFE,0x28,0x74,0x10,0x7C,0x10,0xFE,0x00}},
  {33268,8,{0xF4,0x26,0x5A,0xFA,0x6A,0x34,0xCA,0x00}},
  {33274,8,{0x10,0xFE,0x38,0xFE,0xAA,0x74,0xFE,0x00}},
  {33275,8,{0xE8,0x5E,0xAC,0x7E,0xEA,0x5C,0xEA,0x00}},
  {33276,8,{0x20,0xCE,0x82,0xEE,0x82,0x82,0xFE,0x00}},
  {33278,8,{0x56,0x92,0xD6,0x92,0xD6,0x28,0xC6,0x00}},
  {33281,8,{0x2C,0x44,0x6C,0x7C,0x28,0xFE,0x48,0x00}},
  {33282,8,{0x10,0x7C,0x38,0xFE,0x54,0xA6,0x3C,0x00}},
  {33285,8,{0x2C,0x44,0x7C,0x54,0xFE,0x22,0xC6,0x00}},
  {33287,8,{0x66,0xBA,0xCE,0xAA,0xFE,0x00,0xC6,0x00}},
  {33288,8,{0x46,0xBA,0xEE,0xBA,0xFE,0x00,0xC6,0x00}},
  {33289,8,{0x2C,0x54,0x5C,0xFE,0x54,0xBA,0x10,0x00}},
  {33290,8,{0x28,0xFE,0x7C,0xA8,0x3E,0x6C,0x7C,0x00}},
  {33292,8,{0x0C,0x70,0xFE,0x10,0x7C,0x44,0x7C,0x00}},
  {33293,8,{0x10,0x28,0xFE,0x10,0xFE,0x44,0x7C,0x00}},
  {33294,8,{0x10,0x28,0xD6,0x38,0xFE,0x44,0x7C,0x00}},
  {33296,8,{0x22,0xDC,0xF4,0x5E,0xF4,0xB4,0xFA,0x00}},
  {33298,8,{0x5E,0xAA,0x44,0xFE,0x46,0xA4,0xEC,0x00}},
  {33302,8,{0x4A,0xBE,0x48,0xFE,0x6A,0xBE,0xEA,0x00}},
  {33303,8,{0x4A,0xBE,0x48,0xFE,0x2A,0xFE,0xEA,0x00}},
  {33304,8,{0x44,0xBE,0x52,0xEC,0x4E,0xAA,0xEE,0x00}},
  {33307,8,{0x44,0x7E,0x54,0xB4,0x1E,0x24,0xC4,0x00}},
  {33308,8,{0xFE,0x54,0xFE,0xB2,0x5C,0x2E,0xC4,0x00}},
  {33310,8,{0x80,0xFE,0x54,0xFE,0x54,0xBE,0x44,0x00}},
  {33311,8,{0x10,0x7C,0x54,0x44,0xFE,0x54,0x94,0x00}},
  {33321,8,{0x54,0xF4,0xA2,0xA8,0xE8,0xB4,0xBA,0x00}},
  {33322,8,{0x48,0xFE,0xA0,0xBC,0xF4,0xB4,0xA6,0x00}},
  {33323,8,{0x44,0xFE,0xA8,0xAE,0xEA,0xAA,0xB6,0x00}},
  {33324,8,{0x4E,0xEA,0xA0,0xAE,0xEA,0xA4,0xBA,0x00}},
  {33326,8,{0x5E,0xE0,0xAE,0xAA,0xEE,0xA8,0xB0,0x00}},
  {33331,8,{0x48,0xFE,0xAA,0xBE,0xEA,0xAA,0xBE,0x00}},
  {33333,8,{0x44,0xFE,0xB2,0xA8,0xEE,0xA8,0xAE,0x00}},
  {33334,8,{0x48,0xFE,0xB2,0xBE,0xF2,0xB2,0xBE,0x00}},
  {33335,8,{0x44,0xFE,0xA8,0xBA,0xE4,0xAA,0xBE,0x00}},
  {33336,8,{0x5E,0xE2,0xBE,0xB6,0xFE,0xA2,0xA6,0x00}},
  {33337,8,{0x4A,0xEA,0xAA,0xB0,0xEE,0xAA,0xAE,0x00}},
  {33344,8,{0x5C,0xEA,0xA0,0xAC,0xE4,0xBE,0xA8,0x00}},
  {33351,8,{0x72,0xDC,0xE4,0xDE,0xF4,0xDE,0xEE,0x00}},
  {33368,8,{0x48,0xF6,0xB6,0xBE,0xEA,0xA4,0xBA,0x00}},
  {33369,8,{0x44,0xEA,0xBC,0xAC,0xE8,0xB6,0xA6,0x00}},
  {33370,8,{0x4A,0xFE,0xAA,0xBE,0xFE,0xAA,0xAE,0x00}},
  {33373,8,{0x4C,0xFE,0xB6,0xA0,0xEC,0xA6,0xAC,0x00}},
  {33375,8,{0x44,0xFE,0xAA,0xBE,0xEE,0xA4,0xBE,0x00}},
  {33378,8,{0x48,0xFE,0xB4,0xAA,0xFE,0xB6,0xBE,0x00}},
  {33380,8,{0x4A,0xFE,0xA4,0xBE,0xEA,0xBC,0xAA,0x00}},
  {33382,8,{0x54,0xF6,0xB0,0xB6,0xE0,0xAC,0xBE,0x00}},
  {33384,8,{0x54,0xFE,0xB4,0xBE,0xFA,0xAC,0xBA,0x00}},
  {33386,8,{0x4C,0xF4,0xAC,0xAC,0xFA,0xAC,0xAC,0x00}},
  {33387,8,{0x44,0xE6,0xBC,0xB6,0xF0,0xAC,0xBE,0x00}},
  {33390,8,{0x7C,0x44,0x7C,0x44,0x7C,0x48,0xE6,0x00}},
  {33391,8,{0x10,0x7C,0x44,0x7C,0x54,0x48,0xE6,0x00}},
  {33393,8,{0xBE,0xF2,0x5E,0xF2,0xFE,0x54,0xBA,0x00}},
  {33394,8,{0x38,0xC8,0x7C,0x54,0x7C,0x42,0x3E,0x00}},
  {33398,8,{0x56,0xFA,0xF4,0x9E,0xEE,0x78,0xEE,0x00}},
  {33399,8,{0xB6,0xFA,0xF4,0xFE,0x9E,0x78,0xEE,0x00}},
  {33400,8,{0x24,0xB6,0xB6,0xB6,0xFE,0x24,0x44,0x00}},
  {33406,8,{0x28,0xFE,0x28,0x00,0x28,0x10,0xEE,0x00}},
  {33419,8,{0x28,0xFE,0x28,0x7C,0x10,0xFE,0x30,0x00}},
  {33421,8,{0x28,0xFE,0x28,0x7E,0xA2,0x12,0x06,0x00}},
  {33426,8,{0x28,0xFE,0x10,0xFE,0x40,0x40,0x3E,0x00}},
  {33433,8,{0x28,0xFE,0x10,0x7C,0xFE,0x10,0xEE,0x00}},
  {33437,8,{0x28,0xFE,0x10,0x7C,0x08,0x50,0xBE,0x00}},
  {33439,8,{0x28,0xFE,0x44,0xBE,0x28,0x10,0xEE,0x00}},
  {33445,8,{0x28,0xFE,0x10,0x28,0xEE,0x28,0x48,0x00}},
  {33446,8,{0x28,0xFE,0x28,0xFE,0x44,0x7C,0x80,0x00}},
  {33451,8,{0x28,0xFE,0x7C,0x00,0xFE,0x28,0xCE,0x00}},
  {33452,8,{0x28,0xFE,0x28,0x44,0xBE,0x14,0x6C,0x00}},
  {33453,8,{0x28,0xFE,0x7C,0x54,0x7C,0x42,0x3E,0x00}},
  {33455,8,{0x28,0xFE,0x28,0x20,0x64,0x6A,0xBA,0x00}},
  {33457,8,{0x28,0xFE,0x28,0x4A,0xCC,0x4A,0x4E,0x00}},
  {33459,8,{0x28,0xFE,0x10,0xFE,0x20,0x3C,0xC4,0x00}},
  {33464,8,{0x28,0xFE,0x28,0x7C,0xFE,0x24,0xFA,0x00}},
  {33465,8,{0x28,0xFE,0x2C,0x70,0x7E,0x48,0x88,0x00}},
  {33467,8,{0x40,0x7E,0xB2,0x66,0x7E,0xB2,0x66,0x00}},
  {33469,8,{0x28,0xFE,0x7C,0x48,0xFE,0x28,0xD8,0x00}},
  {33477,8,{0x28,0xFE,0x10,0xDA,0x2A,0x52,0x86,0x00}},
  {33489,8,{0x28,0xFE,0x28,0x7E,0xDA,0x28,0xCE,0x00}},
  {33490,8,{0x28,0xFE,0x54,0x7C,0x54,0xFE,0x44,0x00}},
  {33491,8,{0x28,0xFE,0x10,0x28,0xFE,0x12,0x10,0x00}},
  {33492,8,{0x28,0xFE,0x10,0x24,0xFA,0x44,0x7C,0x00}},
  {33495,8,{0x28,0xFE,0x28,0x7C,0x7C,0x54,0x7C,0x00}},
  {33497,8,{0x28,0xFE,0x10,0xFE,0x24,0x28,0xFE,0x00}},
  {33499,8,{0x28,0xFE,0x28,0xFE,0x74,0x54,0x74,0x00}},
  {33500,8,{0x28,0xFE,0x7C,0x44,0x7C,0x44,0x7C,0x00}},
  {33502,8,{0x28,0xFE,0x7A,0xAA,0x3A,0x20,0x3E,0x00}},
  {33503,8,{0x28,0xFE,0x28,0x7E,0x82,0x32,0x36,0x00}},
  {33505,8,{0x28,0xFE,0x54,0x4C,0x64,0x8C,0x32,0x00}},
  {33507,8,{0x28,0xFE,0x7E,0x44,0x7C,0x40,0x7E,0x00}},
  {33509,8,{0x28,0xFE,0x20,0xFE,0x40,0xBC,0x3C,0x00}},
  {33510,8,{0x28,0xFE,0x28,0xFE,0x10,0x7C,0x7C,0x00}},
  {33511,8,{0x28,0xFE,0x28,0xFE,0xBA,0x10,0x30,0x00}},
  {33515,8,{0x28,0xFE,0x10,0x1C,0x10,0x7C,0x7C,0x00}},
  {33521,8,{0x28,0xFE,0x28,0x54,0xFE,0x10,0xEE,0x00}},
  {33523,8,{0x28,0xFE,0x18,0x68,0x18,0xE6,0x10,0x00}},
  {33524,8,{0x28,0xFE,0x7C,0x44,0x7C,0x44,0xFE,0x00}},
  {33529,8,{0x28,0xFE,0x38,0x54,0x10,0xFE,0x10,0x00}},
  {33530,8,{0x28,0xFE,0x34,0xFE,0x54,0x7E,0x0C,0x00}},
  {33531,8,{0x28,0xFE,0x24,0x5E,0xC4,0x54,0x4C,0x00}},
  {33538,8,{0x28,0xFE,0x28,0x7E,0x4A,0x44,0x9A,0x00}},
  {33539,8,{0x28,0xFE,0xBC,0x24,0xAC,0x22,0x9E,0x00}},
  {33540,8,{0x28,0xFE,0x28,0x40,0xFE,0x5A,0xBE,0x00}},
  {33541,8,{0x28,0xFE,0x7C,0x08,0xFE,0x52,0xB0,0x00}},
  {33542,8,{0x28,0xFE,0x2E,0xCA,0xAA,0xEA,0x48,0x00}},
  {33545,8,{0x28,0xFE,0x10,0xFE,0x7C,0x38,0xD6,0x00}},
  {33550,8,{0x28,0xFE,0x28,0x10,0xEE,0x10,0x7C,0x00}},
  {33558,8,{0x28,0xFE,0x18,0x68,0x10,0xEE,0x38,0x00}},
  {33559,8,{0x28,0xFE,0x1C,0x64,0x1E,0xF2,0x1E,0x00}},
  {33560,8,{0x28,0xFE,0x7C,0x24,0xFE,0x5A,0xB6,0x00}},
  {33564,8,{0x28,0xFE,0x28,0xFE,0x6C,0x44,0x7C,0x00}},
  {33571,8,{0x28,0xFE,0x1C,0x54,0xFE,0x10,0xEE,0x00}},
  {33576,8,{0x28,0xFE,0x10,0x9E,0x2A,0x08,0xB6,0x00}},
  {33579,8,{0x28,0xFE,0x88,0x3E,0x90,0x10,0x9E,0x00}},
  {33583,8,{0x28,0xFE,0x24,0x5E,0xC4,0x44,0x5A,0x00}},
  {33585,8,{0x28,0xFE,0x3C,0x50,0xFE,0x38,0xD6,0x00}},
  {33586,8,{0x28,0xFE,0x44,0x88,0x44,0xAA,0xEE,0x00}},
  {33588,8,{0x28,0xFE,0xFE,0xBA,0xAA,0xBA,0xFE,0x00}},
  {33589,8,{0x28,0xFE,0x92,0xBA,0x92,0xAA,0xFE,0x00}},
  {33590,8,{0x28,0xFE,0x10,0x28,0xFE,0x10,0x92,0x00}},
  {33592,8,{0x28,0xFE,0x28,0xFE,0x24,0xFE,0x04,0x00}},
  {33593,8,{0x28,0xFE,0x20,0xFE,0x5A,0x2A,0xDE,0x00}},
  {33600,8,{0x28,0xFE,0x3E,0x6A,0xBA,0x2A,0x3A,0x00}},
  {33605,8,{0x28,0xFE,0x10,0x28,0xFE,0x44,0x7C,0x00}},
  {33609,8,{0x28,0xFE,0x7C,0x44,0x7C,0xFE,0x10,0x00}},
  {33610,8,{0x28,0xFE,0xF0,0x5A,0xFA,0x52,0x96,0x00}},
  {33615,8,{0x28,0xFE,0x3C,0x48,0xFE,0x48,0x5C,0x00}},
  {33616,8,{0x28,0xFE,0x2C,0x44,0xFE,0x48,0x58,0x00}},
  {33618,8,{0x28,0xFE,0x40,0x7C,0x00,0x54,0x96,0x00}},
  {33624,8,{0x28,0xFE,0x40,0xC8,0x7E,0xC8,0x5C,0x00}},
  {33651,8,{0x28,0xFE,0x28,0xFE,0x44,0x38,0xFE,0x00}},
  {33653,8,{0x28,0xFE,0x7C,0x14,0x6C,0xC2,0xBA,0x00}},
  {33655,8,{0x28,0xFE,0x28,0x5E,0xC2,0x5A,0x5A,0x00}},
  {33659,8,{0x28,0xFE,0xA4,0x56,0xB4,0x24,0xDA,0x00}},
  {33660,8,{0x28,0xFE,0x38,0xD6,0x7C,0x54,0xB2,0x00}},
  {33669,8,{0x28,0xFE,0x24,0x5E,0xCA,0x4C,0x5E,0x00}},
  {33671,8,{0x28,0xFE,0x74,0x5E,0x76,0x56,0xEA,0x00}},
  {33673,8,{0x28,0xFE,0x70,0x2A,0xFA,0x72,0xA6,0x00}},
  {33674,8,{0x28,0xFE,0x20,0xA4,0xFE,0x64,0xAE,0x00}},
  {33678,8,{0x28,0xFE,0x88,0x1C,0xAA,0x04,0x98,0x00}},
  {33683,8,{0x28,0xFE,0x74,0xBE,0x54,0x7E,0x0C,0x00}},
  {33686,8,{0x28,0xFE,0x4A,0x94,0xFE,0x10,0xFE,0x00}},
  {33690,8,{0x28,0xFE,0xDC,0x46,0x94,0x5E,0xBE,0x00}},
  {33694,8,{0x28,0xFE,0xBA,0x00,0xFE,0x28,0xCE,0x00}},
  {33695,8,{0x28,0xFE,0x24,0xDA,0x08,0x7C,0x7C,0x00}},
  {33696,8,{0x28,0xFE,0x38,0xD6,0x78,0x2C,0xC4,0x00}},
  {33698,8,{0x28,0xFE,0x54,0x54,0xBA,0x10,0xEE,0x00}},
  {33704,8,{0x28,0xFE,0x7C,0x44,0x7C,0x48,0xE6,0x00}},
  {33706,8,{0x28,0xFE,0x6A,0xFC,0x2A,0xE4,0x2A,0x00}},
  {33707,8,{0x28,0xFE,0x7C,0x44,0xFE,0x10,0xEE,0x00}},
  {33713,8,{0x28,0xFE,0x54,0x10,0xFE,0x38,0xD6,0x00}},
  {33717,8,{0x28,0xFE,0x7C,0x54,0x7C,0x2A,0xCE,0x00}},
  {33725,8,{0x28,0xFE,0x28,0xC6,0x28,0xFE,0x48,0x00}},
  {33729,8,{0x28,0xFE,0x38,0xFE,0x54,0x7C,0x44,0x00}},
  {33733,8,{0x28,0xFE,0x28,0xFE,0xB2,0x3C,0x3C,0x00}},
  {33738,8,{0x28,0xFE,0x40,0x7E,0xD6,0x3A,0x56,0x00}},
  {33740,8,{0x28,0xFE,0x28,0xFE,0xBA,0xD6,0xFE,0x00}},
  {33742,8,{0x28,0xFE,0x44,0x7C,0x6E,0x48,0xEE,0x00}},
  {33747,8,{0x28,0xFE,0x7C,0x54,0xFE,0x38,0xD6,0x00}},
  {33750,8,{0x28,0xFE,0x7C,0x44,0xFE,0x82,0xFE,0x00}},
  {33752,8,{0x28,0xFE,0x54,0xE2,0x48,0xD4,0x7A,0x00}},
  {33756,8,{0x28,0xFE,0x54,0x08,0xFE,0x38,0xD6,0x00}},
  {33759,8,{0x28,0xFE,0x3C,0xD4,0x7C,0x2A,0xCE,0x00}},
  {33760,8,{0x28,0xFE,0x84,0x1E,0x9A,0x14,0xAA,0x00}},
  {33769,8,{0x28,0xFE,0x7C,0x28,0xFE,0x44,0x7C,0x00}},
  {33771,8,{0x28,0xFE,0x7C,0x54,0xFE,0x10,0xFE,0x00}},
  {33775,8,{0x28,0xFE,0x54,0xFE,0x54,0xFE,0x10,0x00}},
  {33776,8,{0x28,0xFE,0xDE,0x54,0x94,0x56,0xEA,0x00}},
  {33777,8,{0x28,0xFE,0x38,0xFC,0x6E,0x98,0x66,0x00}},
  {33778,8,{0x28,0xFE,0x28,0xEE,0x28,0xEE,0x48,0x00}},
  {33780,8,{0x28,0xFE,0x28,0xD6,0x7C,0x7C,0x0E,0x00}},
  {33783,8,{0x28,0xFE,0x3C,0xFE,0x92,0x7C,0x54,0x00}},
  {33787,8,{0x28,0xFE,0x24,0xFE,0x6C,0xB6,0x24,0x00}},
  {33789,8,{0x28,0xFE,0x30,0x2E,0xFA,0x24,0xAA,0x00}},
  {33795,8,{0x28,0xFE,0x44,0x44,0xAA,0xFE,0x10,0x00}},
  {33796,8,{0x28,0xFE,0x7E,0x52,0xBA,0x56,0x7E,0x00}},
  {33799,8,{0x28,0xFE,0x3C,0x20,0xFE,0x28,0x76,0x00}},
  {33803,8,{0x28,0xFE,0x14,0x7C,0xFE,0x28,0xF6,0x00}},
  {33804,8,{0x28,0xFE,0xAA,0xEE,0xAA,0xEE,0x12,0x00}},
  {33805,8,{0x28,0xFE,0xBE,0x1C,0xAA,0x3E,0x88,0x00}},
  {33806,8,{0x28,0xFE,0x38,0x54,0xFE,0x28,0xF6,0x00}},
  {33811,8,{0x28,0xFE,0x10,0xFE,0xBA,0x28,0xFE,0x00}},
  {33824,8,{0x28,0xFE,0x7E,0x5A,0x7E,0x5A,0xB6,0x00}},
  {33826,8,{0x28,0xFE,0x9E,0x2A,0x9A,0x10,0x9E,0x00}},
  {33833,8,{0x28,0xFE,0x24,0xD6,0x54,0xE4,0x5A,0x00}},
  {33834,8,{0x28,0xFE,0x24,0xCC,0x64,0xDE,0x44,0x00}},
  {33836,8,{0x28,0xFE,0x54,0x7C,0xFE,0x9A,0xB6,0x00}},
  {33841,8,{0x28,0xFE,0x28,0xFE,0xBA,0x38,0xFE,0x00}},
  {33845,8,{0x28,0xFE,0x5C,0x54,0xFE,0xAA,0xBA,0x00}},
  {33848,8,{0x28,0xFE,0x56,0x92,0xD6,0x10,0xEE,0x00}},
  {33852,8,{0x28,0xFE,0x6C,0x38,0xFE,0x04,0x1C,0x00}},
  {33853,8,{0x28,0xFE,0x8C,0x34,0x88,0x36,0x9C,0x00}},
  {33862,8,{0x28,0xFE,0x54,0xDC,0x7E,0x5C,0x6A,0x00}},
  {33865,8,{0x28,0xFE,0x5C,0x40,0xFE,0x38,0xD6,0x00}},
  {33870,8,{0x28,0xFE,0x48,0xBC,0x4C,0xFE,0x48,0x00}},
  {33879,8,{0x28,0xFE,0x3C,0x18,0xFE,0x34,0xDC,0x00}},
  {33883,8,{0x28,0xFE,0x44,0x7C,0x7E,0xA2,0x36,0x00}},
  {33889,8,{0x28,0xFE,0x7E,0x92,0x7A,0x7A,0x5A,0x00}},
  {33890,8,{0x28,0xFE,0x7C,0x28,0xD6,0x7C,0xFE,0x00}},
  {33891,8,{0x28,0xFE,0x38,0xFE,0x54,0x7C,0xFE,0x00}},
  {33894,8,{0x28,0xFE,0x24,0xFE,0x48,0xFE,0x08,0x00}},
  {33897,8,{0x28,0xFE,0x4E,0xAE,0xE8,0xAA,0xEE,0x00}},
  {33899,8,{0x28,0xFE,0x4E,0xEA,0x4E,0xAA,0xF6,0x00}},
  {33900,8,{0x28,0xFE,0x6C,0xA8,0x4E,0xFE,0x48,0x00}},
  {33901,8,{0x28,0xFE,0xA6,0xEE,0x8A,0xE4,0x8A,0x00}},
  {33902,8,{0x28,0xFE,0x6C,0x5E,0x6A,0xC4,0x5A,0x00}},
  {33903,8,{0x28,0xFE,0x48,0x8E,0x52,0xEA,0x46,0x00}},
  {33905,8,{0x28,0xFE,0x7C,0xAC,0x54,0xCA,0xBA,0x00}},
  {33909,8,{0x28,0xFE,0xEA,0x44,0xBA,0x10,0xEE,0x00}},
  {33911,8,{0x28,0xFE,0x92,0x7C,0x54,0xFE,0x10,0x00}},
  {33913,8,{0x28,0xFE,0x48,0xEE,0x5A,0x68,0xAE,0x00}},
  {33914,8,{0x28,0xFE,0x44,0xFE,0x24,0xFE,0x04,0x00}},
  {33922,8,{0x28,0xFE,0x24,0xFE,0x92,0x7C,0x54,0x00}},
  {33924,8,{0x28,0xFE,0xE6,0x0C,0xF4,0x6C,0xBE,0x00}},
  {33931,8,{0x28,0xFE,0x6A,0xC4,0x7E,0xD4,0x4C,0x00}},
  {33936,8,{0x28,0xFE,0x10,0x7C,0x7C,0x2A,0xCE,0x00}},
  {33940,8,{0x28,0xFE,0x1C,0xC8,0xFE,0xD4,0x0C,0x00}},
  {33945,8,{0x28,0xFE,0x28,0xFE,0xDA,0x2C,0xDA,0x00}},
  {33948,8,{0x28,0xFE,0x66,0xEE,0x44,0xEE,0x44,0x00}},
  {33951,8,{0x28,0xFE,0x4E,0xF2,0xAE,0x4E,0xE2,0x00}},
  {33953,8,{0x28,0xFE,0x24,0xFE,0xA2,0x3C,0xC4,0x00}},
  {33965,8,{0x28,0xFE,0x72,0xA6,0x7E,0xB2,0x66,0x00}},
  {33970,8,{0x28,0xFE,0x88,0x3E,0xAA,0x3E,0xAA,0x00}},
  {33976,8,{0x28,0xFE,0x32,0xD4,0x52,0xFE,0xAA,0x00}},
  {33977,8,{0x28,0xFE,0x7C,0x2E,0xF8,0x6C,0xAA,0x00}},
  {33979,8,{0x28,0xFE,0x22,0xEE,0x88,0x66,0xAA,0x00}},
  {33980,8,{0x28,0xFE,0x44,0xBA,0x38,0x5C,0x9C,0x00}},
  {33983,8,{0x28,0xFE,0x7C,0x28,0xFE,0xAA,0xBA,0x00}},
  {33985,8,{0x28,0xFE,0x38,0xFE,0x54,0x38,0xD6,0x00}},
  {33988,8,{0x28,0xFE,0x60,0x12,0xFE,0x54,0x7C,0x00}},
  {33990,8,{0x28,0xFE,0x54,0x7E,0x48,0x7E,0xAA,0x00}},
  {33993,8,{0x28,0xFE,0xAA,0x54,0x28,0xFE,0x38,0x00}},
  {33994,8,{0x28,0xFE,0x28,0xC6,0xFE,0x66,0xAA,0x00}},
  {33995,8,{0x28,0xFE,0x34,0xFA,0x7C,0x54,0xFE,0x00}},
  {33997,8,{0x28,0xFE,0x78,0x30,0xDE,0x3C,0x3C,0x00}},
  {34000,8,{0x28,0xFE,0x7C,0x5A,0x7E,0xA8,0x18,0x00}},
  {34001,8,{0x28,0xFE,0x38,0xEE,0x38,0xE8,0x36,0x00}},
  {34006,8,{0x28,0xFE,0x6C,0x54,0x7E,0x48,0xEE,0x00}},
  {34009,8,{0x28,0xFE,0x54,0x6A,0x5C,0x48,0xBE,0x00}},
  {34010,8,{0x28,0xFE,0x2C,0x6A,0xF4,0x62,0x4C,0x00}},
  {34028,8,{0x28,0xFE,0x4C,0x34,0xDA,0x48,0xBE,0x00}},
  {34030,8,{0x28,0xFE,0x4C,0x0C,0xDE,0x44,0xBE,0x00}},
  {34036,8,{0x28,0xFE,0x38,0x34,0xFE,0x28,0x18,0x00}},
  {34044,8,{0x28,0xFE,0x6C,0x38,0xD6,0x08,0x30,0x00}},
  {34047,8,{0x28,0xFE,0x82,0x5E,0xC8,0x5E,0x5E,0x00}},
  {34048,8,{0x28,0xFE,0x26,0xFC,0x56,0xFE,0x74,0x00}},
  {34054,8,{0x28,0xFE,0x9C,0x3E,0x94,0x28,0x96,0x00}},
  {34065,8,{0x28,0xFE,0x54,0x7E,0x4A,0x64,0x8A,0x00}},
  {34067,8,{0x28,0xFE,0x38,0x7C,0x6C,0x10,0xEE,0x00}},
  {34068,8,{0x28,0xFE,0x42,0xBA,0x32,0x7A,0x7A,0x00}},
  {34069,8,{0x28,0xFE,0x6C,0xB6,0xFE,0x7C,0x54,0x00}},
  {34071,8,{0x28,0xFE,0x54,0x7E,0x5C,0x40,0xAA,0x00}},
  {34072,8,{0x28,0xFE,0x24,0xFA,0x54,0x8A,0x30,0x00}},
  {34074,8,{0x28,0xFE,0x72,0x7E,0x4A,0x72,0xA6,0x00}},
  {34079,8,{0x28,0xFE,0x48,0xEE,0x5E,0x64,0xAA,0x00}},
  {34081,8,{0x28,0xFE,0x6A,0x44,0xBA,0x54,0xB2,0x00}},
  {34086,8,{0x28,0xFE,0x10,0x78,0x7E,0x02,0xAA,0x00}},
  {34092,8,{0x28,0xFE,0xE4,0x3E,0x50,0xDE,0xEA,0x00}},
  {34093,8,{0x28,0xFE,0xC8,0x94,0xFE,0xD4,0xBA,0x00}},
  {34101,8,{0x28,0xFE,0x28,0x7C,0x76,0x74,0xBA,0x00}},
  {34109,8,{0x28,0xFE,0x94,0x66,0xDA,0xB4,0xDA,0x00}},
  {34112,8,{0x28,0xFE,0x24,0xFE,0xB6,0x6C,0xB6,0x00}},
  {34113,8,{0x28,0xFE,0x1C,0xEE,0x4A,0xFE,0x2C,0x00}},
  {34115,8,{0x28,0xFE,0x54,0xFE,0x54,0xBA,0x38,0x00}},
  {34120,8,{0x28,0xFE,0x54,0x7C,0x28,0xFE,0x10,0x00}},
  {34121,8,{0x28,0xFE,0x7C,0xA8,0x3E,0x00,0xAA,0x00}},
  {34122,8,{0x28,0xFE,0x54,0xCA,0x78,0xCA,0xB6,0x00}},
  {34123,8,{0x28,0xFE,0x5C,0xFE,0x26,0xB4,0xFE,0x00}},
  {34126,8,{0x28,0xFE,0x38,0xEE,0xFE,0xAA,0xBA,0x00}},
  {34133,8,{0x28,0xFE,0xAC,0x52,0xBE,0x36,0xDE,0x00}},
  {34135,8,{0x28,0xFE,0xEC,0xB4,0x48,0xF6,0xDC,0x00}},
  {34136,8,{0x28,0xFE,0x7C,0xEE,0xFE,0x28,0xCE,0x00}},
  {34138,8,{0x28,0xFE,0x38,0x6C,0xFE,0x04,0x1C,0x00}},
  {34147,8,{0x28,0xFE,0x54,0xFE,0xB6,0x5E,0xE4,0x00}},
  {34152,8,{0x28,0xFE,0x68,0x5E,0x76,0x54,0xAA,0x00}},
  {34153,8,{0x28,0xFE,0x94,0x1C,0x9E,0x2A,0x96,0x00}},
  {34154,8,{0x28,0xFE,0x40,0xFE,0x54,0xFE,0xAA,0x00}},
  {34157,8,{0x28,0xFE,0x3C,0xEE,0x42,0x6E,0xAA,0x00}},
  {34167,8,{0x28,0xFE,0x6E,0x26,0xF6,0x30,0x6A,0x00}},
  {34174,8,{0x28,0xFE,0x7C,0xB6,0x7C,0x54,0x7C,0x00}},
  {34176,8,{0x28,0xFE,0xAA,0x36,0xBE,0x1C,0xBE,0x00}},
  {34180,8,{0x28,0xFE,0x9C,0x1C,0xBE,0x14,0x8C,0x00}},
  {34183,8,{0x28,0xFE,0x5E,0x86,0x7E,0xD4,0x6A,0x00}},
  {34184,8,{0x28,0xFE,0x7C,0xD6,0x7C,0x44,0x7C,0x00}},
  {34186,8,{0x28,0xFE,0x62,0xAA,0x6A,0x02,0xA6,0x00}},
  {34192,8,{0x28,0xFE,0x2C,0xDE,0x6A,0xD4,0x4A,0x00}},
  {34193,8,{0x28,0xFE,0x7C,0x38,0x7C,0x38,0xFE,0x00}},
  {34196,8,{0x28,0xFE,0x54,0xBA,0xFE,0x6C,0x7C,0x00}},
  {34199,8,{0x28,0xFE,0xFE,0xAA,0xBA,0xD6,0xFE,0x00}},
  {34201,8,{0x28,0xFE,0x4A,0x6C,0xDE,0x4C,0xAE,0x00}},
  {34203,8,{0x28,0xFE,0xE4,0xFE,0x8A,0xFE,0xE4,0x00}},
  {34204,8,{0x28,0xFE,0x64,0x7E,0xCA,0x7E,0x64,0x00}},
  {34212,8,{0x28,0xFE,0xF6,0x54,0xB6,0x54,0xBE,0x00}},
  {34214,8,{0x28,0xFE,0x54,0x7C,0x5E,0x42,0xAA,0x00}},
  {34216,8,{0x28,0xFE,0x54,0xFE,0xBE,0x68,0xCE,0x00}},
  {34217,8,{0x28,0xFE,0xCC,0x9E,0xDC,0xD4,0xAE,0x00}},
  {34218,8,{0x28,0xFE,0x5C,0x28,0xFE,0x7A,0xA2,0x00}},
  {34219,8,{0x28,0xFE,0x38,0xFE,0x54,0xFE,0xAA,0x00}},
  {34220,8,{0x28,0xFE,0xBA,0x6C,0xFE,0x38,0xD6,0x00}},
  {34222,8,{0x28,0xFE,0xB6,0x6A,0xBA,0x54,0xEA,0x00}},
  {34223,8,{0x28,0xFE,0x54,0x7E,0x38,0xFE,0x5C,0x00}},
  {34233,8,{0x28,0xFE,0x38,0xFE,0xAA,0x74,0xFE,0x00}},
  {34234,8,{0x28,0xFE,0x6C,0xBA,0x44,0x7C,0x84,0x00}},
  {34241,8,{0x28,0xFE,0x38,0xEE,0xBA,0x38,0xD6,0x00}},
  {34249,8,{0x28,0xFE,0x74,0x3E,0xF4,0x7E,0xAC,0x00}},
  {34253,8,{0x28,0xFE,0x68,0x4E,0x60,0x38,0xFE,0x00}},
  {34255,8,{0x28,0xFE,0x04,0xBE,0xFC,0x74,0xDA,0x00}},
  {34256,8,{0x28,0xFE,0x24,0xCE,0x6A,0xAC,0x76,0x00}},
  {34261,8,{0x28,0xFE,0x4C,0xEC,0x5E,0xF6,0x5A,0x00}},
  {34268,8,{0x28,0xFE,0x6A,0xB6,0x28,0xFE,0x54,0x00}},
  {34269,8,{0x28,0xFE,0x2C,0x76,0xFE,0x24,0xFA,0x00}},
  {34276,8,{0x28,0xFE,0x2A,0xF4,0xAA,0xFC,0xAA,0x00}},
  {34277,8,{0x28,0xFE,0x7A,0xAC,0xFE,0x38,0xD6,0x00}},
  {34281,8,{0x28,0xFE,0x9C,0x3E,0x94,0x2E,0x8C,0x00}},
  {34282,8,{0x28,0xFE,0xF6,0x7A,0xFA,0x54,0xEA,0x00}},
  {34295,8,{0x28,0xFE,0x4C,0xDE,0x08,0xDE,0xEE,0x00}},
  {34297,8,{0x28,0xFE,0x5C,0xD4,0x1E,0xF2,0xDA,0x00}},
  {34298,8,{0x28,0xFE,0xC6,0xAA,0xBE,0xEA,0xBE,0x00}},
  {34299,8,{0x28,0xFE,0x94,0x2A,0xBE,0x1C,0xAA,0x00}},
  {34302,8,{0x28,0xFE,0x7A,0x76,0x26,0x70,0xAA,0x00}},
  {34306,8,{0x28,0xFE,0x64,0xDA,0xB6,0x38,0xD6,0x00}},
  {34310,8,{0x28,0xFE,0x0C,0x78,0x4E,0x5C,0xBE,0x00}},
  {34311,8,{0x28,0xFE,0x6C,0xBE,0x6C,0x16,0xA4,0x00}},
  {34314,8,{0x28,0xFE,0x56,0x9A,0x5E,0xEC,0x5E,0x00}},
  {34315,8,{0x28,0xFE,0x2E,0xB6,0xE6,0x10,0x6A,0x00}},
  {34323,8,{0x28,0xFE,0x2C,0xD4,0x5C,0xDC,0x6A,0x00}},
  {34326,8,{0x28,0xFE,0x6A,0x4E,0x7C,0x38,0xD6,0x00}},
  {34327,8,{0x28,0xFE,0x6A,0xCE,0x7C,0x38,0xD6,0x00}},
  {34330,8,{0x28,0xFE,0x6A,0xBE,0x64,0x7E,0xA4,0x00}},
  {34338,8,{0x28,0xFE,0xFC,0x56,0xFA,0x74,0x56,0x00}},
  {34349,8,{0x28,0xFE,0xEE,0x92,0xFE,0xBA,0xD6,0x00}},
  {34351,8,{0x28,0xFE,0x94,0x1E,0xAA,0x7C,0xFE,0x00}},
  {34352,8,{0x28,0xFE,0x4C,0x9E,0x5A,0xE4,0x5A,0x00}},
  {34367,8,{0x28,0xFE,0xFE,0x94,0x5E,0xF4,0x5E,0x00}},
  {34381,8,{0x10,0x1C,0x7E,0x52,0x7C,0x52,0x9E,0x00}},
  {34382,8,{0x08,0x0E,0x78,0x4E,0x40,0x54,0xA6,0x00}},
  {34384,8,{0x08,0x0E,0x78,0x4E,0x5E,0x50,0x9E,0x00}},
  {34388,8,{0x08,0x0E,0x78,0x5E,0x54,0x48,0xB6,0x00}},
  {34389,8,{0x08,0x0E,0x78,0x5E,0x6C,0x54,0xAE,0x00}},
  {34394,8,{0x08,0x0E,0x78,0x4E,0x40,0x54,0xBE,0x00}},
  {34396,8,{0x08,0x0E,0x78,0x5E,0x7E,0x4A,0xB6,0x00}},
  {34398,8,{0x08,0x0E,0x78,0x4E,0x6C,0x7E,0x94,0x00}},
  {34399,8,{0xC8,0xCE,0x38,0xEE,0xA0,0x6C,0xD6,0x00}},
  {34407,8,{0x2E,0x34,0xEE,0xB4,0xF6,0xE2,0xF6,0x00}},
  {34411,8,{0x10,0x7C,0x54,0x54,0x7C,0x14,0xFA,0x00}},
  {34417,8,{0xFC,0x24,0xFC,0xAC,0xFC,0x24,0xFA,0x00}},
  {34425,8,{0x40,0xEE,0xA4,0xE4,0x44,0x64,0xDE,0x00}},
  {34427,8,{0x44,0xFE,0xB0,0xF0,0x50,0x70,0xCE,0x00}},
  {34442,8,{0x48,0xFE,0xD4,0xD4,0x48,0x54,0xE2,0x00}},
  {34443,8,{0x58,0xE8,0xBE,0xEA,0x76,0x62,0xE6,0x00}},
  {34444,8,{0x44,0xFE,0xA4,0xEE,0x44,0x7E,0xC4,0x00}},
  {34451,8,{0x5A,0xEA,0xBA,0xF2,0x5A,0x6A,0xDA,0x00}},
  {34453,8,{0xFE,0x10,0xEE,0x54,0x7C,0x14,0xFA,0x00}},
  {34467,8,{0x54,0xD4,0xA2,0xC8,0x48,0x54,0xFA,0x00}},
  {34468,8,{0x7C,0x24,0x38,0xD6,0x7C,0x14,0xFA,0x00}},
  {34473,8,{0x54,0x7C,0xFE,0x54,0x7C,0x14,0xFA,0x00}},
  {34474,8,{0x44,0xF4,0xA4,0xF4,0x46,0x7C,0xC4,0x00}},
  {34475,8,{0x48,0xEE,0xB2,0xEE,0x4E,0x68,0xCE,0x00}},
  {34479,8,{0x44,0xD8,0xD0,0xDE,0x54,0x54,0xFE,0x00}},
  {34480,8,{0x44,0xFE,0xB6,0xFE,0x56,0x76,0xDE,0x00}},
  {34486,8,{0x4A,0xFE,0xAA,0xEE,0x4A,0x6A,0xCE,0x00}},
  {34500,8,{0x44,0xE4,0xBE,0xE4,0x4E,0x6A,0xCE,0x00}},
  {34502,8,{0x5C,0xF4,0xBC,0xF4,0x5C,0x54,0xFE,0x00}},
  {34503,8,{0x44,0xFE,0xB2,0xE8,0x4E,0x68,0xCE,0x00}},
  {34505,8,{0x48,0xF4,0xAE,0xE0,0x5E,0x6A,0xC8,0x00}},
  {34507,8,{0xFE,0x1A,0x50,0xBE,0x38,0x14,0xFA,0x00}},
  {34509,8,{0x54,0xFE,0x92,0x7C,0x7C,0x14,0xFA,0x00}},
  {34510,8,{0x5E,0xF0,0xBE,0xF4,0x56,0x6A,0xCA,0x00}},
  {34516,8,{0x5E,0xF2,0xBE,0xFA,0x5E,0x72,0xDE,0x00}},
  {34521,8,{0x44,0xEE,0xA4,0xFE,0x4E,0x64,0xDE,0x00}},
  {34523,8,{0x58,0xDC,0xE8,0xFE,0x48,0x5C,0xEA,0x00}},
  {34526,8,{0x42,0xEC,0xBE,0xE4,0x4E,0x6A,0xCE,0x00}},
  {34527,8,{0x48,0xFE,0xD4,0xE2,0x54,0x48,0xF6,0x00}},
  {34532,8,{0x44,0xEA,0xB6,0xE0,0x4E,0x6A,0xCE,0x00}},
  {34537,8,{0xEC,0x4C,0xF6,0x38,0x38,0x14,0xFA,0x00}},
  {34540,8,{0x28,0x7C,0xFE,0x7C,0xBA,0x14,0xFA,0x00}},
  {34541,8,{0x5E,0xE8,0xBE,0xE4,0x4E,0x64,0xDE,0x00}},
  {34542,8,{0x10,0xFE,0x28,0xBA,0x38,0x14,0xFA,0x00}},
  {34543,8,{0x4A,0xDC,0xC8,0xFE,0x54,0x68,0xCE,0x00}},
  {34552,8,{0x56,0xE4,0xBE,0xF2,0x5E,0x72,0xD6,0x00}},
  {34553,8,{0x5E,0xE4,0xBE,0xF6,0x5E,0x76,0xD6,0x00}},
  {34555,8,{0x54,0xE2,0xBE,0xF2,0x5E,0x6C,0xD6,0x00}},
  {34558,8,{0x4E,0xF4,0xBE,0xD4,0x56,0x7C,0xD2,0x00}},
  {34560,8,{0xFE,0xAA,0x7E,0xBA,0x3A,0x16,0xFA,0x00}},
  {34562,8,{0x4C,0xF4,0xA8,0xF6,0x48,0x7E,0xC8,0x00}},
  {34563,8,{0x7E,0x7C,0x68,0xB6,0x38,0x3C,0xFA,0x00}},
  {34566,8,{0x5E,0xF2,0xBE,0xF2,0x5E,0x6C,0xD6,0x00}},
  {34568,8,{0x46,0xF6,0xBC,0xE4,0x5E,0x68,0xD6,0x00}},
  {34569,8,{0x5C,0xEA,0xA0,0xEC,0x44,0x7E,0xC8,0x00}},
  {34570,8,{0x7A,0xD6,0xFE,0xD6,0x7A,0x72,0xD6,0x00}},
  {34573,8,{0x48,0xD4,0xBE,0xC8,0x7E,0x48,0xEA,0x00}},
  {34577,8,{0xC2,0x5C,0x86,0x54,0xFE,0x3C,0xFA,0x00}},
  {34578,8,{0x72,0xDC,0xE6,0xD4,0x7E,0x50,0xEE,0x00}},
  {34584,8,{0x60,0xFE,0xD6,0xFE,0x56,0x56,0xE8,0x00}},
  {34586,8,{0x28,0xEE,0x28,0xEE,0x78,0x3C,0xFA,0x00}},
  {34588,8,{0x10,0xFE,0xAA,0x7C,0xB8,0x14,0xFA,0x00}},
  {34597,8,{0x52,0xFC,0xD8,0xFE,0x7A,0x5A,0xD2,0x00}},
  {34601,8,{0x7E,0xEA,0xBE,0xEA,0x76,0x7E,0xE2,0x00}},
  {34612,8,{0x5E,0xF2,0xBE,0xE8,0x4E,0x56,0xEA,0x00}},
  {34615,8,{0x54,0xEA,0xBE,0xD4,0x6A,0x50,0xDC,0x00}},
  {34619,8,{0x44,0xEE,0xA4,0xFE,0x4E,0x6E,0xCA,0x00}},
  {34623,8,{0x48,0xFE,0xA2,0xDE,0x6A,0x58,0xEE,0x00}},
  {34633,8,{0x6A,0xC4,0xBE,0xFE,0x48,0x7E,0xC8,0x00}},
  {34635,8,{0x6A,0xC4,0xBE,0xEA,0x7E,0x6A,0xCA,0x00}},
  {34636,8,{0x7A,0xD6,0xBA,0xD6,0x72,0x7E,0xD2,0x00}},
  {34638,8,{0x5C,0xD4,0xDC,0xDE,0x72,0x5A,0xC6,0x00}},
  {34643,8,{0x78,0xD4,0xEE,0xC0,0x5A,0x5C,0xDA,0x00}},
  {34645,8,{0x48,0xBE,0x5A,0xDE,0xC8,0xAA,0xDE,0x00}},
  {34647,8,{0x44,0xEE,0xAA,0xEE,0x5E,0x64,0xDE,0x00}},
  {34649,8,{0x5E,0xEA,0xAE,0xE8,0x5E,0x6E,0xCA,0x00}},
  {34655,8,{0x7E,0xEA,0xBE,0xFE,0x54,0x5C,0xD4,0x00}},
  {34656,8,{0x5E,0xEC,0xAC,0xE0,0x5E,0x76,0xDE,0x00}},
  {34659,8,{0x54,0xFE,0xD6,0xDA,0x6C,0x4E,0xDC,0x00}},
  {34662,8,{0x76,0xF2,0xA6,0xFE,0x6A,0x74,0xEA,0x00}},
  {34664,8,{0x7C,0x14,0xFC,0x22,0x6C,0x6C,0xDA,0x00}},
  {34666,8,{0x5C,0xF4,0xBE,0xD0,0x5E,0x6A,0xD6,0x00}},
  {34670,8,{0x50,0xFE,0xAC,0xEC,0x54,0x48,0xF6,0x00}},
  {34676,8,{0x56,0xFE,0xD6,0xFE,0x6E,0x7E,0xCA,0x00}},
  {34678,8,{0x6A,0xFE,0xAE,0xE0,0x7E,0x5C,0xEA,0x00}},
  {34680,8,{0x4E,0xEA,0xAA,0xFE,0x52,0x7A,0xDA,0x00}},
  {34687,8,{0x4C,0xEC,0xAE,0xFA,0x56,0x5C,0xE6,0x00}},
  {34690,8,{0x56,0xFE,0xAC,0xFE,0x66,0x74,0xC4,0x00}},
  {34701,8,{0xF4,0x6E,0x6A,0xFE,0x94,0xF6,0xBE,0x00}},
  {34719,8,{0x5E,0xF2,0xAC,0xEC,0x5E,0x60,0xD2,0x00}},
  {34722,8,{0xAA,0x44,0xFE,0xBA,0x38,0x14,0xFA,0x00}},
  {34731,8,{0x66,0xFA,0x74,0xAA,0x38,0x3C,0xFA,0x00}},
  {34735,8,{0x26,0x6A,0xF4,0x6A,0xB8,0x3C,0xFA,0x00}},
  {34739,8,{0x6A,0xDC,0xF6,0xDC,0x7E,0x48,0xFE,0x00}},
  {34746,8,{0x7E,0xEA,0xBE,0xD0,0x7E,0x48,0xEA,0x00}},
  {34747,8,{0x48,0xDC,0xF6,0xDC,0x7E,0x54,0xFA,0x00}},
  {34749,8,{0x18,0x68,0x38,0xD6,0x6C,0x6C,0xDA,0x00}},
  {34752,8,{0x48,0xFE,0xEA,0xD4,0x6A,0x7E,0xC8,0x00}},
  {34756,8,{0x28,0x7C,0xEC,0x76,0x38,0x3C,0xFA,0x00}},
  {34758,8,{0x54,0xFE,0xDC,0xD4,0x7E,0x48,0xF6,0x00}},
  {34759,8,{0x28,0xFE,0x38,0xFC,0x7E,0x94,0x7A,0x00}},
  {34763,8,{0x7E,0xD4,0xFE,0xDC,0x6A,0x50,0xEE,0x00}},
  {34768,8,{0x6A,0xDC,0xB6,0xDC,0x7E,0x6A,0xC8,0x00}},
  {34770,8,{0x54,0xFE,0xD4,0xE2,0x54,0x7E,0xD4,0x00}},
  {34784,8,{0x7E,0xD4,0xFE,0xDC,0x6A,0x5C,0xDC,0x00}},
  {34799,8,{0x48,0xDC,0xBE,0xF6,0x7E,0x54,0xE6,0x00}},
  {34802,8,{0x10,0x7C,0x7C,0xFA,0x6C,0x6C,0xDA,0x00}},
  {34806,8,{0x7E,0xDA,0xBE,0xC8,0x5C,0x48,0xFE,0x00}},
  {34807,8,{0x6A,0xDC,0xB6,0xDC,0x7E,0x6A,0xFE,0x00}},
  {34809,8,{0x6E,0xA6,0x6A,0x7E,0xBC,0x14,0xFA,0x00}},
  {34811,8,{0x54,0xFE,0xC8,0xFE,0x56,0x7C,0xD2,0x00}},
  {34814,8,{0x4C,0xD4,0xBE,0xF6,0x6C,0x7E,0xCC,0x00}},
  {34821,8,{0x7E,0xF6,0xD4,0xF6,0x76,0x54,0xDE,0x00}},
  {34829,8,{0x7C,0xEE,0xFA,0xDC,0x6C,0x74,0xCA,0x00}},
  {34830,8,{0x54,0xFE,0xD4,0xEA,0x4C,0x7E,0xD4,0x00}},
  {34831,8,{0x5E,0xEA,0xD8,0xDA,0x5E,0x5E,0xEA,0x00}},
  {34833,8,{0x6A,0xD4,0xBE,0xEA,0x5C,0x5C,0xEA,0x00}},
  {34837,8,{0x5C,0xFE,0xEA,0xDC,0x48,0x7E,0xEA,0x00}},
  {34838,8,{0x54,0xFE,0xDC,0xDE,0x54,0x48,0xF6,0x00}},
  {34849,8,{0x1C,0xFE,0x2C,0xDA,0x6C,0x6C,0xDA,0x00}},
  {34850,8,{0x38,0xFE,0x5C,0x9A,0x6C,0x6C,0xDA,0x00}},
  {34851,8,{0x5E,0xF4,0xBE,0xFE,0x54,0x6E,0xCA,0x00}},
  {34855,8,{0x10,0xFE,0x7C,0xBA,0x6C,0x6C,0xDA,0x00}},
  {34865,8,{0x10,0x7C,0x7E,0x6C,0xDA,0x7C,0xFE,0x00}},
  {34870,8,{0xFE,0x6C,0xB6,0x38,0x6C,0x6C,0xDA,0x00}},
  {34873,8,{0x10,0xFE,0x54,0xBA,0x7C,0x6C,0xDA,0x00}},
  {34875,8,{0x54,0xB8,0x54,0xEE,0x7C,0x3C,0xFA,0x00}},
  {34880,8,{0x20,0x7C,0x54,0x54,0x54,0x54,0xFE,0x00}},
  {34882,8,{0x3E,0x6A,0x7A,0x6A,0x6E,0x6A,0xD6,0x00}},
  {34884,8,{0x3E,0x6A,0x6A,0x7E,0x6A,0x6A,0xDE,0x00}},
  {34886,8,{0x10,0x7C,0xFE,0x50,0x9A,0x54,0x92,0x00}},
  {34892,8,{0x5C,0x80,0x7E,0xC4,0x44,0x44,0x4C,0x00}},
  {34893,8,{0x56,0x80,0x56,0xC2,0x52,0x52,0x56,0x00}},
  {34898,8,{0x56,0xB8,0x56,0xEA,0x52,0x7A,0x46,0x00}},
  {34899,8,{0x56,0xB8,0x56,0xFA,0x7A,0x52,0x56,0x00}},
  {34903,8,{0x56,0xB8,0x56,0xFA,0x52,0x7A,0x46,0x00}},
  {34905,8,{0x5E,0x88,0x5E,0xDA,0x42,0x5A,0x5A,0x00}},
  {34907,8,{0x56,0xB8,0x5E,0xEA,0x52,0x7A,0x56,0x00}},
  {34909,8,{0x4E,0xB0,0x56,0xFA,0x7A,0x52,0x7A,0x00}},
  {34910,8,{0x56,0xB8,0x5E,0xEA,0x7A,0x7A,0x56,0x00}},
  {34913,8,{0x5E,0xA8,0x56,0xFA,0x7A,0x52,0x6A,0x00}},
  {34914,8,{0x76,0xB4,0x42,0xD6,0x5E,0x7A,0x5E,0x00}},
  {34915,8,{0x10,0xFE,0x10,0x2A,0xEC,0x24,0x72,0x00}},
  {34920,8,{0x10,0x7C,0x10,0xFC,0x2A,0xE4,0x32,0x00}},
  {34923,8,{0x42,0xEC,0x22,0x4C,0xE0,0x62,0x4C,0x00}},
  {34928,8,{0x10,0xFE,0x38,0xEE,0x38,0xE8,0x36,0x00}},
  {34930,8,{0x4C,0xE4,0x3E,0x56,0xFA,0x72,0x56,0x00}},
  {34933,8,{0x5E,0xF2,0x32,0x5E,0xF2,0x72,0x5E,0x00}},
  {34935,8,{0x10,0xFE,0x54,0x7C,0x2A,0xE4,0x32,0x00}},
  {34941,8,{0x42,0xEC,0x24,0x5E,0xE4,0x64,0x4E,0x00}},
  {34942,8,{0x10,0x28,0xFE,0x08,0xFE,0x68,0xB6,0x00}},
  {34943,8,{0x48,0xF4,0x2E,0x40,0xFE,0x64,0x48,0x00}},
  {34945,8,{0x10,0x7C,0xFE,0x44,0x7C,0x68,0xB6,0x00}},
  {34946,8,{0x44,0xEE,0x26,0x5E,0xE4,0x64,0x5A,0x00}},
  {34952,8,{0x40,0xFE,0x5A,0xBE,0xFE,0x68,0xB6,0x00}},
  {34955,8,{0x2A,0x5E,0xC4,0x52,0xFE,0x68,0xB6,0x00}},
  {34957,8,{0x48,0xEE,0x32,0x4E,0xEE,0x68,0x4E,0x00}},
  {34962,8,{0x4E,0xEA,0x2E,0x4A,0xEE,0x60,0x5E,0x00}},
  {34966,8,{0x44,0xFE,0x36,0x5E,0xF6,0x76,0x5E,0x00}},
  {34967,8,{0x48,0xF4,0x2A,0x44,0xEA,0x64,0x58,0x00}},
  {34969,8,{0x48,0xFE,0x32,0x5E,0xF2,0x72,0x5E,0x00}},
  {34974,8,{0x10,0xFE,0x44,0xBA,0x38,0xE8,0x36,0x00}},
  {34978,8,{0x4A,0xF0,0x24,0x5E,0xE4,0x7E,0x44,0x00}},
  {34980,8,{0x10,0xFE,0x78,0x3E,0xD2,0x68,0xB6,0x00}},
  {34987,8,{0x44,0xFE,0x36,0x5E,0xFA,0x74,0x5A,0x00}},
  {34990,8,{0x48,0xEE,0x34,0x4C,0xEE,0x76,0x4C,0x00}},
  {34992,8,{0x3C,0x34,0xFE,0x54,0xFE,0x68,0xB6,0x00}},
  {34993,8,{0x56,0xE4,0x2E,0x64,0xE4,0x64,0x6A,0x00}},
  {34996,8,{0x44,0xFE,0x2C,0x5A,0xEC,0x62,0x46,0x00}},
  {34997,8,{0x52,0xEC,0x24,0x6E,0xE4,0x64,0x6E,0x00}},
  {34999,8,{0x44,0xEA,0x2E,0x40,0xEE,0x6A,0x4E,0x00}},
  {35007,8,{0x44,0xEE,0x24,0x5E,0xEE,0x64,0x5E,0x00}},
  {35009,8,{0x28,0x7A,0x28,0xFE,0x66,0xD4,0x6A,0x00}},
  {35010,8,{0xF2,0x6A,0xAA,0x42,0xFE,0x68,0xB6,0x00}},
  {35011,8,{0x48,0xEE,0x28,0x5E,0xEC,0x6A,0x48,0x00}},
  {35012,8,{0x56,0xE0,0x36,0x52,0xF2,0x72,0x56,0x00}},
  {35013,8,{0x48,0xFE,0x48,0xDC,0xFE,0x68,0xB6,0x00}},
  {35023,8,{0x10,0xFE,0x54,0x7C,0xFE,0x68,0xB6,0x00}},
  {35028,8,{0x10,0xFE,0x68,0xB6,0xFE,0xDA,0x9A,0x00}},
  {35029,8,{0x54,0xE2,0x28,0x54,0xE2,0x6C,0x4C,0x00}},
  {35032,8,{0x14,0xFE,0x58,0xB4,0xFE,0x68,0xB6,0x00}},
  {35033,8,{0x5E,0xEA,0x3E,0x4A,0xEC,0x7E,0x4E,0x00}},
  {35036,8,{0x4A,0xFE,0x28,0x5E,0xFA,0x7E,0x5A,0x00}},
  {35037,8,{0xA4,0xFE,0x64,0xAE,0xFE,0x68,0xB6,0x00}},
  {35039,8,{0x88,0x2A,0x8C,0x30,0xFE,0x68,0xB6,0x00}},
  {35041,8,{0x5E,0xF6,0x3E,0x56,0xFE,0x64,0x5E,0x00}},
  {35048,8,{0x48,0xFE,0x3A,0x5E,0xEC,0x7E,0x44,0x00}},
  {35058,8,{0x5E,0xE4,0x3E,0x56,0xFE,0x7E,0x56,0x00}},
  {35059,8,{0x54,0xFE,0xAA,0x38,0xFE,0x68,0xB6,0x00}},
  {35060,8,{0x28,0xEE,0xEE,0x28,0xFE,0x68,0xB6,0x00}},
  {35064,8,{0x7E,0xEA,0x3E,0x48,0xFE,0x5C,0x6A,0x00}},
  {35065,8,{0x10,0xFE,0x38,0x7C,0xB2,0x68,0xB6,0x00}},
  {35068,8,{0x5E,0xF2,0x3E,0x48,0xEE,0x76,0x4A,0x00}},
  {35069,8,{0x62,0x7A,0xAA,0x72,0xFE,0x68,0xB6,0x00}},
  {35070,8,{0x5E,0xFE,0x34,0x5E,0xF4,0x6A,0x4E,0x00}},
  {35074,8,{0x54,0xFC,0x34,0x5E,0xF4,0x7C,0x44,0x00}},
  {35076,8,{0x48,0xFE,0x2C,0x5C,0xFE,0x6C,0x5A,0x00}},
  {35079,8,{0x50,0xFE,0x2C,0x4C,0xF4,0x68,0x56,0x00}},
  {35082,8,{0x5E,0xEA,0x2E,0x48,0xEE,0x7E,0x4A,0x00}},
  {35084,8,{0x5E,0xF6,0x3E,0x4C,0xEC,0x7E,0x44,0x00}},
  {35088,8,{0x5C,0xF4,0x3C,0x5E,0xF2,0x7A,0x46,0x00}},
  {35090,8,{0x10,0xFE,0x54,0xDC,0x2A,0xE4,0x32,0x00}},
  {35091,8,{0x5C,0xF4,0x3C,0x68,0xFE,0x7C,0x6A,0x00}},
  {35101,8,{0x5A,0xE4,0x3E,0x5E,0xE4,0x7E,0x44,0x00}},
  {35102,8,{0x5E,0xF6,0x3A,0x5E,0xE0,0x6C,0x5E,0x00}},
  {35109,8,{0x5E,0xFC,0x3A,0x6C,0xFE,0x74,0x4C,0x00}},
  {35114,8,{0x56,0xE6,0x36,0x44,0xEA,0x70,0x5E,0x00}},
  {35115,8,{0x7E,0xE6,0x3C,0x76,0xF0,0x6C,0x56,0x00}},
  {35126,8,{0x5E,0xEA,0x3E,0x4A,0xE4,0x6E,0x4E,0x00}},
  {35128,8,{0x48,0xFC,0x36,0x5C,0xFE,0x54,0x7A,0x00}},
  {35131,8,{0x10,0xFE,0xFC,0x6C,0xF6,0x68,0xB6,0x00}},
  {35137,8,{0x5A,0xEC,0x3E,0x56,0xFE,0x6C,0x5E,0x00}},
  {35139,8,{0x10,0xFE,0x54,0x9C,0x6A,0xE4,0x32,0x00}},
  {35140,8,{0x10,0xFE,0x6C,0x38,0xFE,0x68,0xB6,0x00}},
  {35148,8,{0x5A,0xFA,0x2C,0x4C,0xEC,0x7E,0x44,0x00}},
  {35149,8,{0x4A,0xEE,0x34,0x5E,0xFE,0x5C,0x6A,0x00}},
  {35158,8,{0x48,0xFE,0x36,0x5A,0xFE,0x64,0x5A,0x00}},
  {35166,8,{0x64,0x6E,0xCA,0x64,0xFE,0x68,0xB6,0x00}},
  {35167,8,{0x52,0xF6,0x32,0x5C,0xFE,0x48,0x6A,0x00}},
  {35168,8,{0x6A,0xFC,0x36,0x5C,0xFE,0x6A,0x7E,0x00}},
  {35172,8,{0x54,0xF6,0x30,0x56,0xE0,0x6C,0x5E,0x00}},
  {35174,8,{0x5C,0xFE,0x2A,0x5C,0xE8,0x7E,0x6A,0x00}},
  {35178,8,{0x4A,0xFE,0x2C,0x5E,0xF6,0x74,0x5A,0x00}},
  {35181,8,{0x56,0xFC,0x36,0x5E,0xE6,0x78,0x5A,0x00}},
  {35183,8,{0x56,0xFE,0x2E,0x56,0xFE,0x74,0x5A,0x00}},
  {35186,8,{0x26,0xFC,0x56,0xFA,0xFE,0x68,0xB6,0x00}},
  {35188,8,{0x76,0xF6,0x2A,0x7E,0xEA,0x7E,0x6A,0x00}},
  {35191,8,{0x56,0xEA,0x2E,0x7E,0xDC,0x7E,0x58,0x00}},
  {35198,8,{0x00,0xFE,0x28,0xFE,0xAA,0xBA,0x82,0x00}},
  {35199,8,{0xFE,0x28,0xFE,0xAA,0xCE,0x82,0xFE,0x00}},
  {35201,8,{0xFE,0x54,0x7C,0x10,0xFE,0x28,0xF6,0x00}},
  {35203,8,{0xFE,0x7C,0x54,0x38,0x28,0xFE,0x10,0x00}},
  {35206,8,{0xFE,0x54,0x7C,0x8C,0x54,0xC8,0x76,0x00}},
  {35207,8,{0xFE,0x54,0x7C,0xAE,0x4A,0xEE,0x52,0x00}},
  {35208,8,{0xFE,0x7C,0x54,0xEE,0xFA,0x64,0xAA,0x00}},
  {35210,8,{0xFE,0x7C,0x54,0xAE,0x4C,0xE2,0x56,0x00}},
  {35211,8,{0x7C,0x44,0x7C,0x44,0x7C,0x2A,0xCE,0x00}},
  {35215,8,{0x5E,0xF2,0x5E,0xF2,0x5E,0x6C,0x96,0x00}},
  {35219,8,{0x7C,0x52,0xBC,0x24,0x3C,0x2A,0xCE,0x00}},
  {35222,8,{0x5E,0xF2,0x3E,0x52,0xFE,0x4C,0x56,0x00}},
  {35223,8,{0xEE,0x2A,0xEE,0x2A,0xEE,0xEC,0x36,0x00}},
  {35224,8,{0x5E,0x52,0x7E,0x52,0xFE,0xAC,0xF6,0x00}},
  {35226,8,{0x54,0xFE,0xAA,0x38,0x28,0x3A,0xCE,0x00}},
  {35233,8,{0xFE,0x2A,0x7E,0x7A,0xAE,0x34,0xCA,0x00}},
  {35238,8,{0xEE,0x5A,0xBE,0x0A,0xDE,0xEC,0xD6,0x00}},
  {35239,8,{0xE8,0xCE,0xE6,0x38,0x38,0x3A,0xCE,0x00}},
  {35241,8,{0x2E,0x7A,0x2E,0xFA,0x4E,0xB4,0x3A,0x00}},
  {35242,8,{0x2E,0xFA,0x5E,0x2A,0xFE,0x74,0xAA,0x00}},
  {35244,8,{0xAE,0xFA,0x0E,0xFA,0x5E,0x2C,0xF6,0x00}},
  {35247,8,{0x5E,0xFA,0x5E,0xFA,0x7E,0xF4,0x5A,0x00}},
  {35250,8,{0x5E,0xFA,0x5E,0xFA,0xFE,0x2C,0xF6,0x00}},
  {35251,8,{0x4E,0x7A,0xAE,0x7A,0xEE,0x6C,0x76,0x00}},
  {35258,8,{0x2C,0x54,0xFE,0xBA,0x28,0x3A,0xCE,0x00}},
  {35261,8,{0xE8,0xCE,0xEE,0x38,0x38,0x3A,0xCE,0x00}},
  {35263,8,{0x2E,0xFA,0xDE,0xFA,0x6E,0x6C,0x96,0x00}},
  {35264,8,{0x5E,0xFA,0xDE,0x6A,0x7E,0xEC,0x76,0x00}},
  {35282,8,{0x38,0xC8,0x7E,0x52,0x7E,0x42,0x86,0x00}},
  {35290,8,{0x62,0xBC,0x74,0x74,0x74,0x76,0xAA,0x00}},
  {35292,8,{0x24,0xB6,0xA4,0xFE,0x54,0x7C,0x84,0x00}},
  {35293,8,{0x62,0xBC,0x74,0x7E,0x74,0x72,0xBE,0x00}},
  {35299,8,{0x6E,0xA6,0x7A,0x7E,0x74,0x5E,0xB4,0x00}},
  {35302,8,{0x68,0xBE,0x6A,0x7E,0x68,0x6A,0xBE,0x00}},
  {35303,8,{0x6A,0xBE,0x64,0x6E,0x64,0x7E,0xA4,0x00}},
  {35316,8,{0x68,0xAE,0x7C,0x6C,0x6E,0x76,0xAA,0x00}},
  {35320,8,{0x7E,0xB6,0x6E,0x72,0x6E,0x6E,0xBA,0x00}},
  {35328,8,{0x38,0xFE,0x00,0x38,0x00,0x7C,0x7C,0x00}},
  {35330,8,{0x5E,0xE4,0x04,0xC4,0x04,0xE4,0xEC,0x00}},
  {35331,8,{0x48,0xE8,0x08,0xCC,0x0A,0xE8,0xE8,0x00}},
  {35336,8,{0x44,0xE4,0x1E,0xC4,0x04,0xE4,0xE4,0x00}},
  {35338,8,{0xBC,0xD4,0x1C,0xB4,0x14,0xD4,0xE6,0x00}},
  {35340,8,{0x40,0xDE,0x04,0xC4,0x04,0xC4,0xDE,0x00}},
  {35342,8,{0x44,0xDE,0x04,0xD4,0x0C,0xC4,0xCC,0x00}},
  {35344,8,{0x5C,0xC8,0x08,0xBE,0x08,0xC8,0xC8,0x00}},
  {35347,8,{0x52,0xDA,0x1A,0xDA,0x1A,0xD2,0xE2,0x00}},
  {35350,8,{0x50,0xDE,0x2C,0xC4,0x08,0xD2,0xCE,0x00}},
  {35351,8,{0x44,0xD8,0x08,0xBE,0x08,0xCA,0xCE,0x00}},
  {35352,8,{0x5E,0xE2,0x02,0xDE,0x10,0xD2,0xDE,0x00}},
  {35355,8,{0x4C,0xD4,0x36,0xD4,0x14,0xD4,0xD6,0x00}},
  {35357,8,{0x5E,0xD4,0x14,0xBE,0x0C,0xF4,0xCC,0x00}},
  {35359,8,{0x54,0xD4,0x22,0xC8,0x08,0xD4,0xFA,0x00}},
  {35363,8,{0x48,0xDC,0x0C,0xBE,0x08,0xC8,0xF6,0x00}},
  {35365,8,{0x58,0xC8,0x3E,0xEA,0x36,0xE2,0xE6,0x00}},
  {35370,8,{0x48,0xFE,0x10,0xDE,0x12,0xD2,0xE6,0x00}},
  {35373,8,{0x5C,0xD4,0x26,0xDC,0x14,0xC8,0xF6,0x00}},
  {35377,8,{0x50,0xDC,0x28,0xC8,0x3E,0xC8,0xC8,0x00}},
  {35379,8,{0x5E,0xD2,0x1E,0xD4,0x14,0xD2,0xE2,0x00}},
  {35380,8,{0x44,0xD8,0x10,0xDE,0x1C,0xD6,0xE4,0x00}},
  {35382,8,{0x5E,0xC2,0x1E,0xD6,0x1E,0xC2,0xC6,0x00}},
  {35386,8,{0x48,0xD4,0x2A,0xC4,0x0A,0xC4,0xD8,0x00}},
  {35387,8,{0x50,0xC8,0x3E,0xC8,0x1C,0xC8,0xFE,0x00}},
  {35388,8,{0x5E,0xE4,0x04,0xD6,0x14,0xD4,0xFE,0x00}},
  {35393,8,{0x48,0xC8,0x3E,0xC8,0x1C,0xD4,0xDC,0x00}},
  {35398,8,{0x42,0xDC,0x14,0xDE,0x14,0xD2,0xDE,0x00}},
  {35400,8,{0xFE,0xAA,0xFE,0x38,0xFE,0x44,0x7C,0x00}},
  {35408,8,{0x50,0xDE,0x28,0xCE,0x08,0xCE,0xC8,0x00}},
  {35409,8,{0x48,0xFE,0x22,0xD4,0x18,0xD2,0xDE,0x00}},
  {35410,8,{0x48,0xC8,0x14,0xBA,0x00,0xDC,0xDC,0x00}},
  {35412,8,{0x5E,0xEA,0x12,0xC6,0x1E,0xD2,0xDE,0x00}},
  {35413,8,{0xBE,0xC8,0x2A,0xC8,0x3E,0xC8,0xC8,0x00}},
  {35419,8,{0x5C,0xD4,0x1C,0xD4,0x1C,0xD4,0xFE,0x00}},
  {35422,8,{0x5E,0xE2,0x1A,0xC2,0x1A,0xDA,0xC6,0x00}},
  {35424,8,{0x58,0xC0,0x18,0xBA,0x1C,0xEA,0xD8,0x00}},
  {35426,8,{0x50,0xDE,0x36,0xDE,0x16,0xDE,0xC2,0x00}},
  {35427,8,{0x52,0xDC,0x12,0xDE,0x00,0xDE,0xDE,0x00}},
  {35430,8,{0x4A,0xC8,0x3E,0xC4,0x3C,0xD4,0xFA,0x00}},
  {35433,8,{0x48,0xDC,0x08,0xBE,0x04,0xFE,0xD4,0x00}},
  {35435,8,{0x48,0xFE,0x26,0x98,0x3E,0xC8,0xCE,0x00}},
  {35436,8,{0x42,0xDC,0x10,0xDE,0x10,0xD6,0xE6,0x00}},
  {35437,8,{0x4C,0xF4,0x1E,0xDE,0x1A,0xD8,0xEE,0x00}},
  {35438,8,{0x48,0xD4,0x3E,0xC8,0x1C,0xC8,0xFE,0x00}},
  {35440,8,{0x48,0xFE,0x08,0xDC,0x00,0xDC,0xDC,0x00}},
  {35441,8,{0x44,0xD8,0x3E,0xC8,0x1C,0xD4,0xDC,0x00}},
  {35442,8,{0x44,0xDE,0x08,0xD4,0x0A,0xC4,0xDA,0x00}},
  {35443,8,{0x94,0xFE,0x08,0xDC,0x08,0xFE,0xC8,0x00}},
  {35452,8,{0x50,0xFE,0x10,0xA4,0x16,0xC4,0xDA,0x00}},
  {35458,8,{0x54,0xF6,0x14,0xB6,0x14,0xD4,0xE6,0x00}},
  {35460,8,{0x4A,0xFC,0x1E,0xC8,0x3E,0xDC,0xEA,0x00}},
  {35461,8,{0x58,0xDC,0x28,0xBE,0x08,0xDC,0xEA,0x00}},
  {35463,8,{0x48,0xFE,0x14,0xAA,0x1C,0xC2,0xC6,0x00}},
  {35465,8,{0x54,0xFE,0x44,0xBA,0x00,0x7C,0x7C,0x00}},
  {35468,8,{0x48,0xFE,0x08,0xDC,0x00,0xD2,0xEE,0x00}},
  {35469,8,{0x5E,0xD6,0x0A,0xD6,0x00,0xD2,0xEE,0x00}},
  {35473,8,{0xAE,0xD4,0x34,0x9E,0x34,0xD4,0xEE,0x00}},
  {35475,8,{0x44,0xD8,0x5E,0xD4,0x64,0xFE,0x38,0x00}},
  {35477,8,{0xB2,0xDC,0x26,0x94,0x3E,0xD0,0xEE,0x00}},
  {35480,8,{0x5C,0xFE,0x1C,0xAA,0x3C,0xD6,0xE2,0x00}},
  {35482,8,{0x54,0xEA,0x14,0xDC,0x14,0xDC,0xD4,0x00}},
  {35486,8,{0x5C,0xC8,0x3C,0xD4,0x3E,0xD4,0xDC,0x00}},
  {35488,8,{0x44,0xFE,0x24,0xBC,0x2E,0xF4,0xEA,0x00}},
  {35489,8,{0x44,0xFE,0x14,0xBC,0x16,0xD4,0xCA,0x00}},
  {35491,8,{0xBE,0xC8,0x1C,0xDC,0x2A,0xC8,0xFE,0x00}},
  {35492,8,{0x46,0xD6,0x1C,0xC4,0x1E,0xC0,0xD2,0x00}},
  {35493,8,{0x58,0xDC,0x28,0xBE,0x08,0xDC,0xDC,0x00}},
  {35494,8,{0x5E,0xC4,0x3E,0xEA,0x3E,0xEA,0xEA,0x00}},
  {35496,8,{0x50,0xDE,0x2C,0xCC,0x36,0xDC,0xC4,0x00}},
  {35500,8,{0x94,0xFE,0x22,0xBE,0x14,0xD4,0xE6,0x00}},
  {35501,8,{0x48,0xFE,0x08,0xBE,0x22,0xD4,0xE6,0x00}},
  {35504,8,{0x54,0xDE,0x34,0xDE,0x14,0xD4,0xDE,0x00}},
  {35506,8,{0xBE,0xEA,0x3E,0xC8,0x3E,0xDC,0xEA,0x00}},
  {35513,8,{0x54,0xF6,0x14,0xB6,0x14,0xF6,0xD4,0x00}},
  {35516,8,{0x44,0xDE,0x12,0xCC,0x0C,0xCC,0xDE,0x00}},
  {35519,8,{0xBE,0xEA,0x3E,0xAA,0x36,0xFE,0xE2,0x00}},
  {35522,8,{0x4E,0xD2,0x04,0xD6,0x12,0xD6,0xDE,0x00}},
  {35524,8,{0x48,0xFE,0x14,0xDC,0x04,0xFE,0xC8,0x00}},
  {35527,8,{0xAA,0xD4,0x22,0xC8,0x2A,0xD4,0xE2,0x00}},
  {35531,8,{0x48,0xDC,0x08,0xBE,0x14,0xDC,0xD4,0x00}},
  {35532,8,{0x48,0xFE,0x1C,0xDC,0x08,0xDC,0xEA,0x00}},
  {35533,8,{0x5C,0xEA,0x1C,0xCC,0x3E,0xCC,0xD8,0x00}},
  {35535,8,{0xB8,0xDE,0x1A,0xDA,0x1C,0xFA,0xC8,0x00}},
  {35538,8,{0x48,0xFE,0x14,0xDC,0x08,0xEA,0xD8,0x00}},
  {35542,8,{0x48,0xD4,0x2E,0xC0,0x3E,0xFE,0xEA,0x00}},
  {35546,8,{0x44,0xFE,0x2E,0x84,0x16,0xD4,0xEE,0x00}},
  {35547,8,{0x50,0xEE,0x3A,0xAA,0x3E,0xC8,0xF6,0x00}},
  {35548,8,{0xAA,0xFE,0x2E,0xA0,0x3E,0xDC,0xEA,0x00}},
  {35550,8,{0xBE,0xD4,0x1C,0xD0,0x1E,0xDE,0xEA,0x00}},
  {35552,8,{0x44,0xDE,0x16,0xC0,0x0C,0xCC,0xDE,0x00}},
  {35553,8,{0x54,0xEA,0x0C,0xC4,0x1C,0xDC,0xFE,0x00}},
  {35554,8,{0xBE,0xEA,0x3E,0xDC,0x1C,0xFE,0xC8,0x00}},
  {35556,8,{0x5A,0xDA,0x0C,0xDE,0x0C,0xC2,0xC6,0x00}},
  {35558,8,{0x48,0xFE,0x14,0xBE,0x2A,0xDC,0xD4,0x00}},
  {35559,8,{0xA4,0xF6,0x24,0xB6,0x08,0xDC,0xDC,0x00}},
  {35563,8,{0x48,0xFE,0x1E,0xDE,0x08,0xDC,0xEA,0x00}},
  {35565,8,{0x48,0xD4,0x2E,0xC0,0x1A,0xDA,0xDA,0x00}},
  {35566,8,{0xA8,0xCE,0x16,0xC4,0x2A,0xDE,0xDE,0x00}},
  {35569,8,{0x48,0xDE,0x0A,0xBE,0x14,0xFE,0xC4,0x00}},
  {35571,8,{0x48,0xFE,0x14,0xBE,0x00,0xDC,0xDC,0x00}},
  {35575,8,{0xBE,0xEA,0x3E,0xBE,0x2A,0xEE,0xDA,0x00}},
  {35576,8,{0x4A,0xDC,0x08,0xBE,0x10,0xEE,0xCE,0x00}},
  {35578,8,{0x48,0xFE,0x14,0xBE,0x28,0xE2,0xEC,0x00}},
  {35582,8,{0x94,0xFE,0x10,0xBE,0x10,0xEE,0xCE,0x00}},
  {35584,8,{0x94,0xFE,0x14,0xDC,0x3E,0xDC,0xEA,0x00}},
  {35585,8,{0x5C,0xD4,0x1C,0xDE,0x32,0xDA,0xC6,0x00}},
  {35586,8,{0xBE,0xEA,0x3E,0xBE,0x14,0xDC,0xD4,0x00}},
  {35588,8,{0xF6,0xA4,0xFE,0xAC,0xF2,0xAC,0xAC,0x00}},
  {35591,8,{0x10,0xFE,0xAA,0x7C,0xBA,0x7C,0x7C,0x00}},
  {35596,8,{0x5E,0xE4,0x14,0xDE,0x04,0xD4,0xCC,0x00}},
  {35598,8,{0xAA,0xC4,0x1E,0xAC,0x36,0xE4,0xFE,0x00}},
  {35600,8,{0x48,0xD2,0x34,0xDA,0x2E,0xDC,0xFE,0x00}},
  {35604,8,{0x44,0xE6,0x1C,0xD6,0x1E,0xD8,0xEE,0x00}},
  {35606,8,{0x5C,0xDC,0x26,0xCC,0x14,0xC8,0xF6,0x00}},
  {35607,8,{0x48,0xFE,0x14,0xBE,0x2A,0xCC,0xD4,0x00}},
  {35609,8,{0x94,0xFE,0x1C,0xCE,0x3C,0xDC,0xEA,0x00}},
  {35610,8,{0x54,0xE2,0x1C,0xD4,0x22,0xDC,0xFE,0x00}},
  {35611,8,{0x94,0xFE,0x14,0xBE,0x1C,0xFE,0xD4,0x00}},
  {35613,8,{0x52,0xFE,0x2A,0xBE,0x2E,0xDA,0xEA,0x00}},
  {35616,8,{0x4C,0xD4,0x08,0xDE,0x24,0xD6,0xDE,0x00}},
  {35617,8,{0x46,0xDA,0x08,0xDE,0x08,0xEA,0xFE,0x00}},
  {35622,8,{0x2E,0xFA,0x64,0x8A,0xFE,0x44,0x7C,0x00}},
  {35624,8,{0x94,0xFE,0x1C,0xD4,0x3E,0xC8,0xF6,0x00}},
  {35627,8,{0x48,0xFE,0x14,0xBE,0x2A,0xF6,0xFE,0x00}},
  {35628,8,{0xB6,0xD2,0x08,0xD4,0x2A,0xC4,0xD8,0x00}},
  {35635,8,{0xBE,0xEC,0x2C,0xA0,0x36,0xF6,0xFE,0x00}},
  {35641,8,{0x94,0xFE,0x14,0xBE,0x3E,0xC8,0xFE,0x00}},
  {35646,8,{0x5C,0xD4,0x3E,0xBE,0x14,0xC8,0xF6,0x00}},
  {35649,8,{0x94,0xFE,0x1C,0xBE,0x1C,0xFE,0xC8,0x00}},
  {35657,8,{0xBA,0xD4,0x22,0xDC,0x14,0xC8,0xFE,0x00}},
  {35660,8,{0x5C,0xEA,0x1C,0xD4,0x3E,0xC2,0xEA,0x00}},
  {35662,8,{0x5C,0xFE,0x1A,0xA8,0x3E,0xF6,0xEA,0x00}},
  {35663,8,{0x52,0xE4,0x12,0xBC,0x16,0xD4,0xEA,0x00}},
  {35670,8,{0x54,0xDE,0x3E,0x94,0x2A,0xDC,0xDC,0x00}},
  {35672,8,{0x56,0xFC,0x1E,0xBC,0x06,0xDC,0xDA,0x00}},
  {35674,8,{0xBE,0xDC,0x00,0xDC,0x14,0xFE,0xC8,0x00}},
  {35675,8,{0x94,0xFE,0x14,0xAA,0x1C,0xD4,0xDC,0x00}},
  {35676,8,{0x94,0xFE,0x14,0xB6,0x14,0xFE,0xDC,0x00}},
  {35679,8,{0x5C,0xD4,0x3E,0xAA,0x3E,0xDC,0xEA,0x00}},
  {35686,8,{0x56,0xFA,0x74,0x9A,0x30,0xFE,0x38,0x00}},
  {35691,8,{0x4C,0xD4,0x3E,0xB6,0x2C,0xFE,0xCC,0x00}},
  {35692,8,{0x64,0x6E,0xCA,0x7C,0x00,0x7C,0x7C,0x00}},
  {35695,8,{0xBE,0xFE,0x08,0xBE,0x14,0xFE,0xC8,0x00}},
  {35696,8,{0x94,0xFE,0x08,0xBE,0x16,0xFC,0xD2,0x00}},
  {35697,8,{0x44,0xFE,0x7C,0xD6,0x10,0xD6,0xD6,0x00}},
  {35698,8,{0x48,0xFE,0x14,0xB6,0x3E,0xD4,0xDA,0x00}},
  {35700,8,{0xA4,0xDE,0x36,0x9E,0x2C,0xEE,0xFE,0x00}},
  {35703,8,{0x94,0xFE,0x1C,0xDE,0x14,0xC8,0xF6,0x00}},
  {35709,8,{0x2C,0x54,0x5C,0xFE,0x44,0xBA,0x38,0x00}},
  {35712,8,{0x48,0xFE,0x36,0xBE,0x1C,0xDC,0xE2,0x00}},
  {35715,8,{0x94,0xFE,0x14,0xAA,0x1C,0xDC,0xE2,0x00}},
  {35722,8,{0x54,0xB8,0x54,0x7E,0xA4,0x18,0xE6,0x00}},
  {35724,8,{0x94,0xFE,0x1C,0xD4,0x3E,0xC0,0xEA,0x00}},
  {35726,8,{0x52,0x7C,0xE6,0x7C,0x66,0x7C,0x7E,0x00}},
  {35728,8,{0x54,0x76,0xEC,0x76,0xFE,0x44,0x7C,0x00}},
  {35730,8,{0x4C,0xF6,0x1E,0xDC,0x36,0xCC,0xF6,0x00}},
  {35731,8,{0x48,0xFE,0x36,0xDC,0x3E,0xF4,0xDA,0x00}},
  {35734,8,{0xAE,0xD4,0x3E,0xD4,0x3E,0xD4,0xFA,0x00}},
  {35737,8,{0x94,0xFE,0x36,0xD4,0x1E,0xF4,0xDE,0x00}},
  {35738,8,{0xA8,0xFE,0x14,0xAA,0x1C,0xDC,0xE2,0x00}},
  {35895,8,{0x28,0x44,0x10,0x28,0xC6,0x38,0x38,0x00}},
  {35898,8,{0x5E,0x8A,0x2A,0x5E,0x86,0x7A,0x76,0x00}},
  {35903,8,{0x6A,0xD0,0x24,0x5A,0xF0,0x26,0xD6,0x00}},
  {35905,8,{0x2A,0xF0,0xB4,0x7A,0x20,0xF6,0x76,0x00}},
  {35910,8,{0xFE,0x00,0x7C,0x44,0x7C,0x28,0xFE,0x00}},
  {35912,8,{0x54,0x7C,0x00,0xFE,0x44,0x38,0xFE,0x00}},
  {35914,8,{0x28,0x7C,0x7C,0xFE,0x44,0x38,0xFE,0x00}},
  {35916,8,{0xE4,0x1E,0xF2,0xAE,0x56,0xEC,0x16,0x00}},
  {35918,8,{0xEE,0xC4,0xEA,0xFE,0x44,0x38,0xFE,0x00}},
  {35920,8,{0x54,0x7C,0x7C,0xFE,0x44,0x38,0xFE,0x00}},
  {35925,8,{0xFE,0x20,0x34,0xD8,0x2C,0xCA,0x30,0x00}},
  {35930,8,{0xFE,0xA8,0xEC,0xB6,0xEC,0xB6,0xAC,0x00}},
  {35937,8,{0x38,0xC8,0x3C,0x3C,0xDA,0x2C,0xDA,0x00}},
  {35938,8,{0x54,0x92,0x38,0x7C,0xDA,0x2C,0xDA,0x00}},
  {35946,8,{0x10,0xFE,0x44,0xFE,0xDA,0x2C,0xDA,0x00}},
  {35947,8,{0xEC,0x34,0x5C,0xFC,0x5A,0x6C,0xDA,0x00}},
  {35948,8,{0xEA,0x5C,0xA8,0x7E,0xB4,0x2E,0xCE,0x00}},
  {35960,8,{0x08,0x34,0x78,0x14,0x6C,0x14,0x68,0x00}},
  {35961,8,{0x28,0xCE,0x72,0xAA,0x66,0xA2,0x46,0x00}},
  {35962,8,{0x24,0xDE,0x64,0xA6,0x6C,0xB4,0x4C,0x00}},
  {35964,8,{0x34,0xD4,0x7E,0xB4,0x74,0xBC,0x56,0x00}},
  {35970,8,{0x2E,0xC6,0x6A,0xA0,0x6E,0xAA,0x4E,0x00}},
  {35973,8,{0x34,0xDE,0x74,0xBC,0x7E,0xB4,0x54,0x00}},
  {35977,8,{0x26,0xCA,0x64,0xAA,0x70,0xAE,0x4E,0x00}},
  {35978,8,{0x3E,0xC8,0x7E,0xB2,0x7E,0xB2,0x5E,0x00}},
  {35980,8,{0x28,0xDE,0x72,0xBE,0x72,0xAC,0x56,0x00}},
  {35981,8,{0x3E,0xD6,0x7E,0xB6,0x7E,0xA4,0x5E,0x00}},
  {35982,8,{0x28,0xD6,0x7A,0xB2,0x7E,0xAC,0x56,0x00}},
  {35988,8,{0x28,0xDE,0x76,0xBA,0x7E,0xB4,0x5E,0x00}},
  {35992,8,{0x2A,0xDE,0x6E,0xAA,0x7E,0xA4,0x5A,0x00}},
  {35997,8,{0x7C,0x44,0x7C,0x44,0x7C,0x00,0xC6,0x00}},
  {35998,8,{0x10,0x1E,0x7C,0x44,0x7C,0x7C,0xC6,0x00}},
  {36000,8,{0x38,0xC8,0x7C,0x44,0x7C,0x7C,0xC6,0x00}},
  {36001,8,{0xE4,0xBE,0xE4,0xA6,0xEC,0x14,0xAC,0x00}},
  {36002,8,{0x7C,0x10,0xFE,0x7C,0x44,0x7C,0xC6,0x00}},
  {36007,8,{0x28,0x44,0xFA,0x28,0x7C,0x7C,0xC6,0x00}},
  {36008,8,{0x28,0x4E,0xC8,0x4E,0x3C,0x3C,0xC6,0x00}},
  {36009,8,{0xEE,0xA8,0xEE,0xAA,0xEA,0x14,0xAA,0x00}},
  {36010,8,{0x10,0x28,0xFE,0x08,0x7C,0x7C,0xC6,0x00}},
  {36011,8,{0x7C,0xD6,0x7C,0x7C,0x44,0x7C,0xC6,0x00}},
  {36012,8,{0x10,0x7C,0x10,0xFE,0x44,0x7C,0xC6,0x00}},
  {36013,8,{0x06,0x78,0x7E,0x5C,0x54,0x5C,0xA2,0x00}},
  {36014,8,{0x6A,0x08,0xFE,0x68,0x64,0x64,0x92,0x00}},
  {36015,8,{0xE4,0xBE,0xF2,0xAE,0xE4,0x04,0xAC,0x00}},
  {36016,8,{0x54,0xFE,0x54,0x7E,0x44,0x7C,0xC6,0x00}},
  {36018,8,{0x24,0xB6,0xA4,0xFE,0x44,0x7C,0xC6,0x00}},
  {36019,8,{0x0A,0xFE,0x68,0x08,0x64,0x64,0x92,0x00}},
  {36020,8,{0x10,0x7C,0x54,0xFE,0x44,0x7C,0xC6,0x00}},
  {36022,8,{0xEE,0xA4,0xFE,0xA2,0xF4,0x18,0xA6,0x00}},
  {36023,8,{0xFE,0xAA,0xFE,0x7C,0x44,0x7C,0xC6,0x00}},
  {36024,8,{0x2A,0x5E,0xC4,0x42,0x3C,0x3C,0xC6,0x00}},
  {36027,8,{0x28,0xFE,0x2A,0xFE,0xC4,0x7C,0xC6,0x00}},
  {36028,8,{0xE8,0xA8,0xEE,0xA8,0xFE,0x12,0xBE,0x00}},
  {36029,8,{0xE4,0xA4,0xEA,0xBE,0xE0,0x0E,0xAE,0x00}},
  {36031,8,{0x2E,0xC6,0xEA,0x7C,0x44,0x7C,0xC6,0x00}},
  {36032,8,{0x40,0xFE,0x5A,0xBE,0x24,0x3C,0xC6,0x00}},
  {36033,8,{0x10,0xFE,0x54,0xFE,0x44,0x7C,0xC6,0x00}},
  {36034,8,{0xE6,0xAA,0xE4,0xAA,0xF0,0x0E,0xAE,0x00}},
  {36035,8,{0x24,0x58,0xFE,0x48,0x3C,0x3C,0xC6,0x00}},
  {36036,8,{0xE8,0xBE,0xE8,0xAE,0xFA,0x0E,0xAA,0x00}},
  {36039,8,{0x90,0x1E,0x2A,0x94,0x7C,0x7C,0xC6,0x00}},
  {36040,8,{0xFE,0x54,0x7C,0x7C,0x44,0x7C,0xC6,0x00}},
  {36042,8,{0xC4,0xFE,0xD4,0xFC,0xD6,0x04,0xAA,0x00}},
  {36045,8,{0xE4,0xBE,0xF4,0xBE,0xF4,0x14,0xAE,0x00}},
  {36046,8,{0xEA,0xBE,0xE8,0xBC,0xEA,0x04,0xAA,0x00}},
  {36049,8,{0xFE,0xB0,0xF6,0xB0,0xFE,0x14,0xBA,0x00}},
  {36051,8,{0x10,0xFE,0xBA,0x54,0x78,0x38,0xC6,0x00}},
  {36058,8,{0x10,0xFE,0x54,0xAA,0x7C,0x7C,0xC6,0x00}},
  {36059,8,{0x44,0xEE,0x44,0xAA,0x7C,0x7C,0xC6,0x00}},
  {36060,8,{0xFE,0xB2,0xFE,0xA8,0xEE,0x16,0xAA,0x00}},
  {36062,8,{0x54,0xFE,0xAA,0x7C,0x44,0x7C,0xC6,0x00}},
  {36064,8,{0xE4,0xBE,0xEA,0xBE,0xE0,0x0E,0xAE,0x00}},
  {36066,8,{0xEE,0xCA,0xE4,0x0A,0x7C,0x7C,0xC6,0x00}},
  {36067,8,{0x10,0xFE,0x54,0x7C,0x44,0x7C,0xC6,0x00}},
  {36068,8,{0xEA,0xBE,0xE4,0xAA,0xFE,0x04,0xAA,0x00}},
  {36070,8,{0xF6,0xC4,0xFE,0xD4,0xDC,0x34,0xBA,0x00}},
  {36074,8,{0x24,0x48,0x6E,0xBC,0x24,0x3C,0xC6,0x00}},
  {36077,8,{0xE4,0xAE,0xE4,0xBE,0xE8,0x16,0xA6,0x00}},
  {36090,8,{0xD4,0xFE,0xDC,0xCE,0xFC,0x1C,0xAA,0x00}},
  {36091,8,{0xEA,0xBE,0xFC,0xB4,0xFE,0x14,0xAC,0x00}},
  {36092,8,{0xD4,0xFE,0xD4,0xFE,0xDC,0x3E,0x94,0x00}},
  {36093,8,{0x10,0xFE,0xAA,0x7C,0xC6,0x7C,0xC6,0x00}},
  {36100,8,{0x28,0x7C,0xEC,0x76,0x3C,0x3C,0xC6,0x00}},
  {36101,8,{0x26,0x6A,0xF4,0x6A,0xBC,0x3C,0xC6,0x00}},
  {36103,8,{0x5A,0xE4,0xBE,0x54,0xBE,0x3C,0xC6,0x00}},
  {36104,8,{0xD4,0xFE,0xEA,0xFE,0xDC,0x14,0xBC,0x00}},
  {36106,8,{0x6C,0xFE,0x6C,0xB6,0x7C,0x7C,0xC6,0x00}},
  {36107,8,{0x7E,0x56,0x6C,0x6E,0x5C,0x5C,0xA2,0x00}},
  {36109,8,{0xEC,0xB4,0xFE,0xB6,0xFC,0x1E,0xAC,0x00}},
  {36111,8,{0x10,0xFE,0x40,0x7C,0x76,0x76,0xAE,0x00}},
  {36112,8,{0xE8,0xBC,0xEE,0xBC,0xEA,0x1C,0xBE,0x00}},
  {36115,8,{0xC4,0xDE,0xF4,0xFC,0xDE,0x34,0xAA,0x00}},
  {36116,8,{0x38,0x38,0x44,0x00,0x6C,0x6C,0x92,0x00}},
  {36118,8,{0xE8,0xBE,0xF6,0xBE,0xFC,0x1C,0xA2,0x00}},
  {36196,8,{0x10,0x7C,0x10,0xFE,0x28,0xAA,0x58,0x00}},
  {36198,8,{0x24,0x76,0x2A,0xFA,0x5A,0xD4,0x5A,0x00}},
  {36199,8,{0x2E,0x7E,0x28,0xFE,0xEA,0x7C,0xAA,0x00}},
  {36203,8,{0x24,0x7E,0x24,0xFE,0xEC,0x6E,0xB4,0x00}},
  {36205,8,{0x24,0x7E,0x24,0xFE,0xE8,0x76,0xA6,0x00}},
  {36208,8,{0x10,0x7C,0x10,0xFE,0x1C,0x50,0xBE,0x00}},
  {36209,8,{0x10,0x7C,0xFE,0x24,0x08,0x50,0xBE,0x00}},
  {36211,8,{0x54,0xF4,0x54,0xF6,0x5C,0xC4,0xBE,0x00}},
  {36212,8,{0x24,0xF4,0x26,0xF4,0x74,0x60,0x9E,0x00}},
  {36215,8,{0x2E,0xF2,0x2E,0xF8,0x6E,0x60,0x9E,0x00}},
  {36225,8,{0x48,0xD4,0x6A,0xD0,0x44,0xD8,0xBE,0x00}},
  {36229,8,{0x2E,0xF6,0x2A,0xF0,0x6E,0x6A,0x9E,0x00}},
  {36234,8,{0x44,0xFE,0x54,0xF6,0x54,0xDA,0xBE,0x00}},
  {36249,8,{0x54,0xEA,0x5C,0xF4,0x5C,0xD4,0xBE,0x00}},
  {36259,8,{0x58,0xEE,0x5A,0xEC,0x5A,0xC8,0xBE,0x00}},
  {36264,8,{0x48,0xEE,0x56,0xE8,0x4E,0xD6,0xBE,0x00}},
  {36275,8,{0x7C,0x44,0x7C,0x10,0x5C,0x50,0xBE,0x00}},
  {36282,8,{0xE4,0xAE,0xE4,0x5E,0xE4,0xC4,0xEA,0x00}},
  {36286,8,{0xE4,0xA4,0xF6,0x54,0xF4,0xD4,0xFE,0x00}},
  {36290,8,{0xE4,0xBE,0xE4,0x4E,0xEA,0xC4,0xFA,0x00}},
  {36299,8,{0xEA,0xBE,0xE8,0x4A,0xEA,0xD4,0xEA,0x00}},
  {36300,8,{0xEC,0xAE,0xF4,0x5E,0xE4,0xC4,0xFA,0x00}},
  {36303,8,{0xD0,0xBE,0xDA,0x5A,0xEA,0xCE,0xD8,0x00}},
  {36310,8,{0xFE,0xA8,0xE8,0x4E,0xFA,0xCA,0xEE,0x00}},
  {36314,8,{0xFE,0xBA,0xDA,0x7E,0xDA,0xFA,0xD2,0x00}},
  {36315,8,{0xE4,0xBE,0xF6,0x5E,0xFA,0xD4,0xEA,0x00}},
  {36317,8,{0xFE,0xB0,0xDE,0x72,0xDE,0xF0,0xDE,0x00}},
  {36319,8,{0xFE,0xB2,0xDE,0x72,0xDE,0xF4,0xDA,0x00}},
  {36321,8,{0xE8,0xBE,0xD4,0x76,0xF6,0xD4,0xEC,0x00}},
  {36323,8,{0xEC,0xAE,0xF4,0x5E,0xEC,0xCC,0xF6,0x00}},
  {36328,8,{0xE4,0xBE,0xEC,0x5A,0xEC,0xC2,0xE6,0x00}},
  {36330,8,{0xEC,0xB4,0xFE,0x5E,0xFA,0xD8,0xEE,0x00}},
  {36331,8,{0xEC,0x4C,0xF6,0x38,0x38,0x50,0xBE,0x00}},
  {36335,8,{0xE6,0xAA,0xE4,0x4A,0xF0,0xCE,0xEE,0x00}},
  {36339,8,{0xF4,0xB6,0xF4,0x56,0xF4,0xD4,0xE6,0x00}},
  {36341,8,{0xEA,0xBE,0xE8,0x5C,0xEA,0xE4,0xDA,0x00}},
  {36348,8,{0xFC,0xB4,0xFE,0x52,0xFA,0xDA,0xE6,0x00}},
  {36351,8,{0xE4,0xAE,0xE4,0x5E,0xE6,0xD4,0xEE,0x00}},
  {36360,8,{0xE8,0xBE,0xFA,0x7E,0xC8,0xDC,0xEA,0x00}},
  {36361,8,{0xE4,0xBE,0xF2,0x5E,0xFA,0xD4,0xFA,0x00}},
  {36362,8,{0xEE,0xA4,0xDE,0x76,0xDE,0xF6,0xD6,0x00}},
  {36367,8,{0xE8,0xBA,0xDC,0x6A,0xDC,0xF4,0xDC,0x00}},
  {36368,8,{0xEA,0xBE,0xE4,0x4A,0xFE,0xC4,0xEA,0x00}},
  {36381,8,{0xFE,0xEA,0xFE,0x48,0xFE,0xDC,0xEA,0x00}},
  {36382,8,{0xFE,0xBE,0xF4,0x5E,0xF4,0xDA,0xEE,0x00}},
  {36383,8,{0xE0,0xBE,0xD6,0x7E,0xD6,0xD6,0xE8,0x00}},
  {36394,8,{0xC8,0xBE,0xEE,0x40,0xFE,0xC8,0xEA,0x00}},
  {36400,8,{0xF8,0xB4,0xCE,0x60,0xDA,0xFC,0xDA,0x00}},
  {36404,8,{0xEE,0xA4,0xCE,0x6E,0xDE,0xEA,0xD6,0x00}},
  {36405,8,{0xE4,0xB8,0xFE,0x5C,0xDC,0xC8,0xFE,0x00}},
  {36418,8,{0xDC,0xBE,0xDA,0x68,0xFE,0xDC,0xEA,0x00}},
  {36420,8,{0xE8,0xBE,0xD4,0x7E,0xEA,0xDC,0xD4,0x00}},
  {36423,8,{0x10,0xFE,0xAA,0x7C,0xBA,0x50,0xBE,0x00}},
  {36424,8,{0xDC,0xAA,0xC0,0x56,0xE2,0xF6,0xFE,0x00}},
  {36425,8,{0xD4,0xBE,0xC8,0x7E,0xDE,0xD4,0xEE,0x00}},
  {36426,8,{0xEC,0xBA,0xC4,0x6A,0xDE,0xE4,0xDA,0x00}},
  {36428,8,{0xE4,0xAA,0xFC,0x4C,0xE8,0xD6,0xE6,0x00}},
  {36432,8,{0xFA,0xA4,0xDA,0x6E,0xDA,0xCE,0xEA,0x00}},
  {36437,8,{0xFE,0xBE,0xD4,0x7E,0xD4,0xFE,0xC8,0x00}},
  {36441,8,{0x04,0x7E,0x54,0x7C,0xBA,0x50,0xBE,0x00}},
  {36447,8,{0xE8,0xBC,0xC8,0x7E,0xDC,0xDC,0xE2,0x00}},
  {36448,8,{0xE8,0xBE,0xF4,0x7E,0xEC,0xC0,0xEA,0x00}},
  {36451,8,{0xD4,0xBE,0xD4,0x7E,0xFE,0xFE,0xEA,0x00}},
  {36452,8,{0xF4,0xAA,0xF0,0x54,0xF6,0xDC,0xF6,0x00}},
  {36466,8,{0xD4,0xA2,0xFE,0x76,0xFE,0xD4,0xCC,0x00}},
  {36468,8,{0xD6,0xBC,0xEE,0x7C,0xD4,0xFC,0xD2,0x00}},
  {36470,8,{0xFE,0xA8,0xF6,0x6E,0xF4,0xD4,0xEA,0x00}},
  {36476,8,{0xEA,0xBE,0xD4,0x7E,0xDC,0xC8,0xF6,0x00}},
  {36481,8,{0xDC,0xD4,0xFE,0x6A,0xFE,0xDC,0xEA,0x00}},
  {36484,8,{0x64,0x6E,0xCA,0x7C,0x3C,0x50,0xBE,0x00}},
  {36485,8,{0xFE,0xEA,0xDE,0x62,0xDA,0xDE,0xFA,0x00}},
  {36487,8,{0xD4,0xBE,0xDC,0x4C,0xFE,0xDC,0xEC,0x00}},
  {36490,8,{0xE8,0xBC,0xFE,0x48,0xFE,0xF4,0xCC,0x00}},
  {36491,8,{0xE8,0xBE,0xD4,0x6A,0xD4,0xDC,0xE4,0x00}},
  {36493,8,{0xEE,0xA6,0xEE,0x44,0xEE,0xDC,0xEE,0x00}},
  {36497,8,{0xD6,0xAE,0xC4,0x7E,0xFE,0xD4,0xEC,0x00}},
  {36499,8,{0xD2,0xA4,0xF6,0x5C,0xDC,0xDC,0xE2,0x00}},
  {36500,8,{0xC8,0xBE,0xEC,0x7E,0xF6,0xE8,0xDE,0x00}},
  {36505,8,{0xF6,0xB6,0xEA,0x6E,0xFE,0xEE,0xE2,0x00}},
  {36513,8,{0xFE,0xAC,0xFE,0x44,0xF6,0xFE,0xD2,0x00}},
  {36522,8,{0xD4,0xBE,0xF6,0x6A,0xFE,0xEE,0xE2,0x00}},
  {36523,8,{0x10,0x3C,0x24,0x3E,0xFC,0x14,0x6C,0x00}},
  {36524,8,{0x2E,0x72,0x5E,0x78,0xDE,0x32,0xD6,0x00}},
  {36527,8,{0x2E,0x78,0x5A,0x7C,0xDA,0x38,0xDE,0x00}},
  {36528,8,{0x44,0xFE,0xA4,0xEC,0xB6,0x6C,0xA4,0x00}},
  {36529,8,{0x5C,0xEA,0xB6,0xE8,0xBE,0x7C,0xAA,0x00}},
  {36542,8,{0x4A,0xFE,0xAE,0xE4,0xBE,0x64,0xAA,0x00}},
  {36549,8,{0x5E,0xF4,0xB6,0xFC,0xBE,0x7C,0xAE,0x00}},
  {36550,8,{0x2A,0x7E,0x5E,0x7E,0xDA,0x34,0xDE,0x00}},
  {36552,8,{0x44,0xFE,0xBC,0xFE,0xB0,0x7A,0xB6,0x00}},
  {36554,8,{0x10,0xFE,0x54,0x7C,0x54,0xFE,0x10,0x00}},
  {36555,8,{0xE8,0x48,0xE8,0xE8,0x48,0xEA,0x4E,0x00}},
  {36556,8,{0xD0,0x7C,0xD4,0xD4,0x54,0xD4,0x66,0x00}},
  {36557,8,{0xFE,0x92,0xFE,0x7C,0x54,0xFE,0x10,0x00}},
  {36562,8,{0xEE,0x44,0xE4,0xFE,0x44,0xE4,0x44,0x00}},
  {36571,8,{0xFE,0x50,0xFE,0xFA,0x5A,0xE8,0x4E,0x00}},
  {36575,8,{0xE8,0x4E,0xF6,0xE4,0x44,0xE4,0x5A,0x00}},
  {36578,8,{0xEE,0x40,0xFE,0xE4,0x44,0xEA,0x5E,0x00}},
  {36579,8,{0x10,0xFE,0x54,0xFE,0x44,0x28,0xC6,0x00}},
  {36587,8,{0xE8,0x54,0xEA,0xE4,0x4A,0xE4,0x58,0x00}},
  {36600,8,{0xE4,0x5E,0xF6,0xFE,0x56,0xF6,0x5E,0x00}},
  {36603,8,{0xFE,0x42,0xFE,0xF6,0x5E,0xE2,0x46,0x00}},
  {36604,8,{0xD8,0x5C,0xE8,0xFE,0x48,0xD4,0x62,0x00}},
  {36605,8,{0xFC,0x54,0xC8,0xF6,0x5C,0xC8,0x7E,0x00}},
  {36606,8,{0xE6,0x44,0xFE,0xE4,0x5C,0xEC,0x5A,0x00}},
  {36611,8,{0xC8,0x7E,0xD4,0xE2,0x54,0xC8,0x76,0x00}},
  {36613,8,{0xCC,0x54,0xC8,0xD4,0x62,0xDC,0x5C,0x00}},
  {36617,8,{0x28,0x7A,0x28,0xFE,0x66,0xF4,0x2A,0x00}},
  {36618,8,{0xFE,0x54,0xFA,0xC8,0x5C,0xC8,0x7E,0x00}},
  {36620,8,{0xFE,0x48,0xFE,0xEA,0x7E,0xFE,0x62,0x00}},
  {36626,8,{0xFE,0x54,0xDC,0xDC,0x54,0xFC,0x4E,0x00}},
  {36627,8,{0xCC,0x54,0xFE,0xEA,0x7E,0xD4,0x66,0x00}},
  {36628,8,{0xCA,0x7E,0xC8,0xFE,0x6A,0xFE,0x6A,0x00}},
  {36629,8,{0xFE,0x4A,0xF4,0xEA,0x5E,0xE4,0x5E,0x00}},
  {36633,8,{0xF8,0x5E,0xDA,0xDA,0x5C,0xFA,0x48,0x00}},
  {36635,8,{0xFE,0x48,0xFE,0xEA,0x7E,0xFE,0x6A,0x00}},
  {36636,8,{0xEA,0x54,0xEA,0xFE,0x5E,0xF6,0x5E,0x00}},
  {36637,8,{0x3E,0xB6,0x3E,0xEC,0x6C,0x7E,0x84,0x00}},
  {36639,8,{0xFE,0x54,0xEA,0xFE,0x6A,0xD4,0x6A,0x00}},
  {36646,8,{0x44,0xEE,0x44,0xAA,0x7C,0xFE,0x10,0x00}},
  {36649,8,{0x28,0xEE,0x28,0xFE,0x54,0xFE,0x10,0x00}},
  {36650,8,{0xE8,0x54,0xEE,0xE0,0x5E,0xFE,0x56,0x00}},
  {36655,8,{0xDC,0x54,0xFE,0xDC,0x54,0xFE,0x44,0x00}},
  {36659,8,{0xC8,0x7E,0xDC,0xFE,0x6A,0xC8,0x54,0x00}},
  {36664,8,{0xE8,0x54,0xEE,0xE0,0x5A,0xFA,0x5A,0x00}},
  {36665,8,{0xF0,0x5E,0xEC,0xEC,0x54,0xC8,0x76,0x00}},
  {36667,8,{0xFE,0x4C,0xEC,0xE0,0x5E,0xF6,0x5E,0x00}},
  {36670,8,{0xFE,0x62,0xFE,0xEC,0x7E,0xF4,0x5A,0x00}},
  {36671,8,{0x56,0xBA,0xD6,0xBA,0xFE,0x00,0xC6,0x00}},
  {36674,8,{0x2E,0xFA,0x70,0xFE,0x6A,0xF4,0x2A,0x00}},
  {36676,8,{0xC8,0x7E,0xEA,0xDC,0x48,0xFE,0x5C,0x00}},
  {36677,8,{0xE8,0x5C,0xFE,0xF2,0x5E,0xF4,0x5A,0x00}},
  {36678,8,{0xC8,0x7E,0xEC,0xFE,0x7E,0xE4,0x76,0x00}},
  {36681,8,{0xC8,0x7E,0xDC,0xDA,0x7E,0xD4,0x4C,0x00}},
  {36684,8,{0xEC,0x5E,0xF6,0xE0,0x4C,0xE6,0x4C,0x00}},
  {36685,8,{0xD4,0x7E,0xD6,0xE6,0x5E,0xDC,0x5A,0x00}},
  {36686,8,{0xDC,0x7E,0xD4,0xEA,0x7E,0xE2,0x6A,0x00}},
  {36695,8,{0xC4,0x7E,0xF4,0xF2,0x40,0xF2,0x6E,0x00}},
  {36700,8,{0xDC,0x7E,0xEA,0xDC,0x48,0xFE,0x6A,0x00}},
  {36703,8,{0x10,0x7C,0x38,0xFE,0x6C,0xFE,0x24,0x00}},
  {36705,8,{0x54,0xB8,0x54,0xEE,0x54,0x7C,0x7C,0x00}},
  {36706,8,{0xDA,0x6C,0xDA,0xEC,0x7E,0xDC,0x6A,0x00}},
  {36707,8,{0xFE,0x74,0xFE,0xF4,0x60,0xD4,0x7E,0x00}},
  {36708,8,{0xE4,0x46,0xFC,0xF6,0x50,0xEC,0x5E,0x00}},
  {36763,8,{0x10,0x7C,0x28,0xFE,0x10,0x7C,0x10,0x00}},
  {36764,8,{0x10,0xFE,0x38,0x6C,0xFE,0x7C,0x10,0x00}},
  {36766,8,{0x24,0xDE,0xEA,0x5E,0xE4,0xBE,0xE4,0x00}},
  {36767,8,{0x64,0x7E,0x6A,0x5E,0xE4,0x7E,0x64,0x00}},
  {36771,8,{0x48,0xFE,0xBA,0x7E,0xE8,0x5C,0xAA,0x00}},
  {36775,8,{0x44,0xFE,0xBA,0x5C,0xFE,0x5C,0xAC,0x00}},
  {36776,8,{0x54,0xFE,0xBA,0x54,0xFE,0x54,0xA4,0x00}},
  {36781,8,{0x74,0xAE,0x7A,0x1E,0xF4,0xBE,0xD4,0x00}},
  {36782,8,{0x54,0xEE,0xBA,0x6C,0xD6,0x7C,0x94,0x00}},
  {36783,8,{0x54,0xFE,0xCA,0x7E,0xC4,0x7E,0xB4,0x00}},
  {36784,8,{0x7E,0x40,0x5C,0x40,0x7E,0x68,0xB6,0x00}},
  {36785,8,{0x7E,0x5C,0x7E,0xA8,0xFE,0x28,0x18,0x00}},
  {36786,8,{0x28,0x7C,0x7C,0x00,0x7E,0x68,0xB6,0x00}},
  {36791,8,{0x80,0x00,0xBE,0x00,0xC0,0x40,0xBE,0x00}},
  {36794,8,{0xBE,0x4A,0x0A,0xD2,0x66,0x40,0xBE,0x00}},
  {36795,8,{0x88,0x08,0x3E,0xC8,0x48,0x48,0xBE,0x00}},
  {36796,8,{0x98,0x48,0x08,0xD4,0x62,0x40,0xBE,0x00}},
  {36799,8,{0x88,0x2A,0x2A,0xEA,0x7E,0x40,0xBE,0x00}},
  {36802,8,{0x9C,0x08,0x3E,0xC8,0x48,0x58,0xBE,0x00}},
  {36804,8,{0x90,0x1E,0x2C,0xC8,0x52,0x4E,0xBE,0x00}},
  {36805,8,{0xBC,0x14,0x3C,0xD4,0x52,0x40,0xBE,0x00}},
  {36814,8,{0x90,0x2E,0x2A,0xEA,0x7A,0x48,0xBE,0x00}},
  {36817,8,{0x84,0x58,0x10,0xDE,0x54,0x64,0xBE,0x00}},
  {36820,8,{0x9E,0x50,0x1E,0xDA,0x54,0x6A,0xBE,0x00}},
  {36826,8,{0x88,0x3E,0xAA,0x3E,0xC8,0x48,0xBE,0x00}},
  {36834,8,{0xBE,0x0A,0xB2,0x1E,0xD2,0x5E,0xBE,0x00}},
  {36837,8,{0xBE,0x22,0xBA,0x3A,0xE2,0x66,0xBE,0x00}},
  {36838,8,{0x90,0x3E,0x1A,0xDA,0x6E,0x40,0xBE,0x00}},
  {36841,8,{0x90,0x1E,0x24,0xD4,0x66,0x4C,0xBE,0x00}},
  {36842,8,{0x88,0x3E,0xAA,0x3E,0xEA,0x7E,0xBE,0x00}},
  {36843,8,{0x88,0x5E,0x12,0xDE,0x52,0x5E,0xBE,0x00}},
  {36845,8,{0x8C,0x4E,0x14,0xDE,0x44,0x5A,0xBE,0x00}},
  {36847,8,{0x94,0x1C,0xAE,0x1C,0xD4,0x64,0xBE,0x00}},
  {36848,8,{0x8A,0x3E,0x08,0xEA,0x6A,0x48,0xBE,0x00}},
  {36852,8,{0xBE,0x22,0xBE,0x36,0xFE,0x62,0xBE,0x00}},
  {36855,8,{0xAA,0x08,0x3E,0xDC,0x6A,0x48,0xBE,0x00}},
  {36856,8,{0x94,0x00,0xBE,0x14,0xFE,0x54,0xBE,0x00}},
  {36857,8,{0x88,0x3E,0x94,0x36,0xD4,0x6C,0xBE,0x00}},
  {36858,8,{0xBE,0x14,0xBE,0x36,0xE2,0x7E,0xBE,0x00}},
  {36861,8,{0x88,0x5E,0x1E,0xD0,0x5E,0x52,0xBE,0x00}},
  {36864,8,{0x9E,0x52,0x1E,0xD2,0x5C,0x56,0xBE,0x00}},
  {36865,8,{0x94,0x3E,0x08,0xDC,0x48,0x54,0xBE,0x00}},
  {36867,8,{0x94,0x36,0x14,0xF6,0x54,0x66,0xBE,0x00}},
  {36869,8,{0x82,0x1C,0x90,0x1E,0xD0,0x66,0xBE,0x00}},
  {36870,8,{0x94,0x3E,0x08,0xEA,0x7E,0x50,0xBE,0x00}},
  {36875,8,{0x8A,0x3E,0x88,0x1E,0xDE,0x5A,0xBE,0x00}},
  {36877,8,{0x94,0x2A,0x9C,0x14,0xDC,0x54,0xBE,0x00}},
  {36878,8,{0xBE,0x14,0xBE,0x36,0xE2,0x7E,0xBE,0x00}},
  {36879,8,{0x9C,0x3E,0x1C,0xEA,0x4C,0x54,0xBE,0x00}},
  {36880,8,{0xBE,0x50,0x1A,0xEC,0x5A,0x68,0xBE,0x00}},
  {36881,8,{0x8A,0x3E,0x88,0x2A,0xDC,0x6A,0xBE,0x00}},
  {36883,8,{0x82,0x5C,0x14,0xDE,0x56,0x64,0xBE,0x00}},
  {36884,8,{0x88,0x14,0x3E,0xC8,0x6A,0x58,0xBE,0x00}},
  {36885,8,{0x9E,0x0A,0x94,0x1E,0xC4,0x5E,0xBE,0x00}},
  {36886,8,{0xAC,0x34,0x9E,0x34,0xD4,0x6A,0xBE,0x00}},
  {36887,8,{0x9E,0x40,0x1E,0xD2,0x4C,0x5E,0xBE,0x00}},
  {36889,8,{0x8C,0x5E,0x00,0xCC,0x40,0x5E,0xBE,0x00}},
  {36890,8,{0xBE,0x04,0x3E,0xEA,0x7E,0x6A,0xBE,0x00}},
  {36893,8,{0x92,0x3C,0x16,0xD6,0x7A,0x52,0xBE,0x00}},
  {36894,8,{0x9C,0x14,0xBE,0x1C,0xC8,0x5C,0xBE,0x00}},
  {36895,8,{0x88,0x7E,0x2A,0xFE,0x5C,0x6A,0xBE,0x00}},
  {36896,8,{0x98,0x1C,0x28,0xFE,0x54,0x5C,0xBE,0x00}},
  {36897,8,{0x92,0x3E,0x94,0x26,0xCC,0x5A,0xBE,0x00}},
  {36898,8,{0x8C,0x34,0x1A,0xC8,0x7E,0x48,0xBE,0x00}},
  {36899,8,{0x88,0x3E,0x1C,0xDC,0x7E,0x48,0xBE,0x00}},
  {36903,8,{0x94,0x22,0x88,0x14,0xEE,0x4C,0xBE,0x00}},
  {36910,8,{0x88,0x3C,0x1C,0xEA,0x5C,0x6A,0xBE,0x00}},
  {36913,8,{0xBE,0x2A,0x3E,0xEA,0x76,0x5E,0xBE,0x00}},
  {36914,8,{0x94,0x1E,0x34,0xDE,0x54,0x5E,0xBE,0x00}},
  {36917,8,{0x88,0x1C,0xBE,0x16,0xE8,0x5E,0xBE,0x00}},
  {36918,8,{0x9C,0x3E,0x9C,0x2A,0xDC,0x7A,0xBE,0x00}},
  {36920,8,{0x8C,0x34,0x1E,0xDA,0x4C,0x56,0xBE,0x00}},
  {36921,8,{0x88,0x1C,0xBE,0x14,0xFE,0x48,0xBE,0x00}},
  {36924,8,{0xBE,0x54,0x1C,0xC0,0x7E,0x6A,0xBE,0x00}},
  {36926,8,{0xB8,0x14,0xAE,0x00,0xDA,0x5C,0xBE,0x00}},
  {36929,8,{0x82,0x5C,0x1E,0xD4,0x6E,0x4E,0xBE,0x00}},
  {36930,8,{0x94,0x3E,0x08,0xDA,0x6C,0x5A,0xBE,0x00}},
  {36933,8,{0x9E,0x5E,0x10,0xDA,0x5E,0x64,0xBE,0x00}},
  {36935,8,{0x9C,0x5C,0x08,0xFE,0x6E,0x7A,0xBE,0x00}},
  {36937,8,{0x88,0x0E,0x9C,0x1C,0xDC,0x62,0xBE,0x00}},
  {36938,8,{0x94,0x3E,0x16,0xDA,0x6E,0x54,0xBE,0x00}},
  {36939,8,{0xBE,0x2A,0x1C,0xDC,0x7E,0x48,0xBE,0x00}},
  {36941,8,{0xBE,0x5C,0x10,0xDE,0x6E,0x4A,0xBE,0x00}},
  {36942,8,{0x8E,0x4A,0x0A,0xDE,0x52,0x5A,0xBE,0x00}},
  {36943,8,{0x9C,0x14,0x9E,0x32,0xDA,0x46,0xBE,0x00}},
  {36944,8,{0xB6,0x32,0xAE,0x3A,0xE4,0x6A,0xBE,0x00}},
  {36945,8,{0x88,0x1C,0x94,0x3E,0xC8,0x5C,0xBE,0x00}},
  {36946,8,{0x94,0x22,0x9C,0x3E,0xF6,0x62,0xBE,0x00}},
  {36947,8,{0x94,0x3E,0x08,0xD4,0x5C,0x54,0xBE,0x00}},
  {36948,8,{0x88,0x1C,0x3E,0xD4,0x7E,0x48,0xBE,0x00}},
  {36949,8,{0x9E,0x0A,0x3E,0xD4,0x7E,0x44,0xBE,0x00}},
  {36950,8,{0x88,0x3E,0x88,0x3E,0xF6,0x6A,0xBE,0x00}},
  {36952,8,{0x94,0x3E,0x94,0x3E,0xDC,0x7E,0xBE,0x00}},
  {36953,8,{0x8C,0x34,0x88,0x1E,0xE4,0x56,0xBE,0x00}},
  {36956,8,{0xBE,0x14,0x28,0xE4,0x5E,0x74,0xBE,0x00}},
  {36958,8,{0xBE,0x26,0xBC,0x36,0xEC,0x56,0xBE,0x00}},
  {36960,8,{0x88,0x1C,0x3E,0xD4,0x5C,0x6A,0xBE,0x00}},
  {36961,8,{0xAE,0x7A,0x3E,0xDA,0x6A,0x40,0xBE,0x00}},
  {36963,8,{0x88,0x3E,0x2A,0xFE,0x5C,0x5E,0xBE,0x00}},
  {36965,8,{0x86,0x3A,0x08,0xFE,0x48,0x6A,0xBE,0x00}},
  {36968,8,{0x94,0x36,0xBA,0x1A,0xEC,0x5A,0xBE,0x00}},
  {36969,8,{0x88,0x3E,0x14,0xFE,0x6A,0x76,0xBE,0x00}},
  {36973,8,{0x94,0x3E,0x14,0xFE,0x7E,0x54,0xBE,0x00}},
  {36974,8,{0x88,0x3E,0x2C,0xFE,0x40,0x6A,0xBE,0x00}},
  {36975,8,{0xBE,0x2C,0xBA,0x2C,0xFE,0x6C,0xBE,0x00}},
  {36978,8,{0xBE,0x3E,0xB6,0x2C,0xFE,0x64,0xBE,0x00}},
  {36981,8,{0x94,0x7E,0x36,0xE2,0x7E,0x4C,0xBE,0x00}},
  {36982,8,{0x88,0x1C,0xBE,0x3E,0xD4,0x66,0xBE,0x00}},
  {36983,8,{0xBE,0x5C,0x1C,0xEA,0x50,0x5C,0xBE,0x00}},
  {36984,8,{0xB6,0x12,0x24,0xF6,0x5C,0x62,0xBE,0x00}},
  {36986,8,{0x88,0x3E,0x2A,0xFE,0x5C,0x62,0xBE,0x00}},
  {36988,8,{0x88,0x3E,0x14,0xFE,0x54,0x6A,0xBE,0x00}},
  {36989,8,{0x88,0x0E,0xB8,0x3E,0xEC,0x5A,0xBE,0x00}},
  {36991,8,{0xB4,0x3E,0x2A,0xF4,0x7E,0x44,0xBE,0x00}},
  {36992,8,{0x94,0x36,0xBA,0x1A,0xEC,0x5A,0xBE,0x00}},
  {36993,8,{0x94,0x3E,0x94,0x3E,0xEE,0x7A,0xBE,0x00}},
  {36994,8,{0x9E,0x2A,0x98,0x1A,0xDE,0x6A,0xBE,0x00}},
  {36995,8,{0x88,0x3E,0xB6,0x08,0xD6,0x6C,0xBE,0x00}},
  {36996,8,{0xBE,0x3E,0x14,0xDC,0x6A,0x48,0xBE,0x00}},
  {36999,8,{0xBE,0x1A,0xBE,0x16,0xDA,0x56,0xBE,0x00}},
  {37001,8,{0x88,0x14,0x9C,0x3E,0xEA,0x54,0xBE,0x00}},
  {37002,8,{0x88,0x14,0x9C,0x3E,0xEE,0x54,0xBE,0x00}},
  {37007,8,{0xBE,0x3E,0xA4,0x16,0xFC,0x56,0xBE,0x00}},
  {37009,8,{0x78,0x48,0xFC,0x94,0xFC,0x82,0x7E,0x00}},
  {37027,8,{0xF6,0x56,0xF4,0x56,0xF6,0x54,0xB4,0x00}},
  {37030,8,{0x2E,0xFA,0x2C,0xFA,0x2A,0xFC,0x48,0x00}},
  {37032,8,{0x4E,0xFA,0x4C,0xDA,0xFA,0x4C,0x68,0x00}},
  {37034,8,{0xFE,0xAA,0xAC,0xFA,0x6A,0xAC,0x68,0x00}},
  {37039,8,{0x56,0xFE,0x54,0x76,0x56,0x54,0x74,0x00}},
  {37041,8,{0x16,0x66,0x44,0x7E,0x56,0x5C,0xE4,0x00}},
  {37045,8,{0xF6,0x56,0x94,0x36,0xF6,0x94,0xF4,0x00}},
  {37048,8,{0x16,0xE6,0xA4,0xF6,0xA6,0x94,0xEC,0x00}},
  {37057,8,{0x4E,0xFA,0x4C,0x7A,0xDA,0x7C,0x58,0x00}},
  {37066,8,{0x2E,0xFA,0x5C,0x8A,0x5A,0x2C,0xD8,0x00}},
  {37070,8,{0x4E,0xEA,0xAC,0xEA,0x8A,0xAC,0xE8,0x00}},
  {37083,8,{0x76,0xAE,0x04,0x76,0x16,0xFC,0x24,0x00}},
  {37089,8,{0xF6,0x56,0xFC,0x56,0x66,0xF4,0x74,0x00}},
  {37090,8,{0x76,0x56,0xFC,0x26,0x76,0x3C,0xE4,0x00}},
  {37092,8,{0x5E,0x8A,0x2C,0x5A,0x8A,0x6C,0x68,0x00}},
  {37096,8,{0x2E,0xFA,0x5C,0xFA,0x0A,0x6C,0x68,0x00}},
  {37101,8,{0x2E,0xFA,0x5C,0x7A,0x3A,0xEC,0x28,0x00}},
  {37109,8,{0x7E,0x2A,0xFC,0x6A,0xFA,0x2C,0xF8,0x00}},
  {37111,8,{0x46,0xBE,0x6C,0xBE,0xE6,0x6C,0xB4,0x00}},
  {37117,8,{0x2E,0x7A,0x2C,0xFA,0x4A,0xBC,0x38,0x00}},
  {37122,8,{0xDE,0xDA,0x6C,0xFA,0x4A,0x2C,0x68,0x00}},
  {37138,8,{0x4E,0x7A,0xBC,0x4A,0x7A,0xBC,0x48,0x00}},
  {37145,8,{0x76,0x56,0x24,0xFE,0x76,0x74,0x74,0x00}},
  {37165,8,{0x56,0xFE,0xDC,0x8E,0xFE,0x24,0xDC,0x00}},
  {37168,8,{0xAE,0x76,0xAC,0x06,0xD6,0x7C,0x94,0x00}},
  {37170,8,{0xDE,0xDA,0x6C,0x6A,0x6A,0xFC,0x28,0x00}},
  {37193,8,{0xFE,0x28,0xFE,0xAA,0xCE,0xFE,0xFE,0x00}},
  {37194,8,{0xFE,0x44,0xE4,0xE4,0xA4,0xE4,0xEC,0x00}},
  {37195,8,{0x44,0xFE,0x28,0x7C,0x6C,0x44,0x7C,0x00}},
  {37196,8,{0xE8,0x4E,0xF2,0xEA,0xA6,0xE2,0xE6,0x00}},
  {37197,8,{0xEE,0x42,0xE2,0xEE,0xA8,0xEA,0xEE,0x00}},
  {37198,8,{0xE4,0x5E,0xE4,0xF4,0xAC,0xE4,0xEC,0x00}},
  {37202,8,{0xBE,0x14,0xBE,0x36,0xA2,0xBE,0xBE,0x00}},
  {37204,8,{0xE8,0x5C,0xEC,0xF6,0xA8,0xFE,0xE8,0x00}},
  {37206,8,{0xE8,0x5E,0xFA,0xE8,0xAC,0xEC,0xF6,0x00}},
  {37208,8,{0xEE,0x4A,0xE0,0xEE,0xAA,0xE4,0xFA,0x00}},
  {37218,8,{0xE8,0x4E,0xF8,0xEE,0xA8,0xEE,0xE8,0x00}},
  {37219,8,{0xEA,0x5E,0xEA,0xEE,0xAA,0xEA,0xEE,0x00}},
  {37221,8,{0xEE,0x44,0xFE,0xE4,0xAC,0xF6,0xE4,0x00}},
  {37225,8,{0xEE,0x4A,0xF4,0xE8,0xBE,0xEA,0xEE,0x00}},
  {37226,8,{0xE6,0x4A,0xE4,0xEA,0xB0,0xEE,0xEE,0x00}},
  {37228,8,{0xEA,0x4A,0xFE,0xFE,0xAA,0xEA,0xEA,0x00}},
  {37234,8,{0xEE,0x4A,0xE6,0xFC,0xAE,0xE4,0xEE,0x00}},
  {37235,8,{0xE4,0x48,0xE4,0xFE,0xAA,0xEE,0xEA,0x00}},
  {37237,8,{0xEA,0x5C,0xC8,0xFE,0xD4,0xEE,0xC4,0x00}},
  {37239,8,{0xEC,0x4E,0xF4,0xFE,0xA0,0xEE,0xEE,0x00}},
  {37240,8,{0xEA,0x5E,0xEA,0xF2,0xAC,0xF4,0xEA,0x00}},
  {37250,8,{0xEA,0x5E,0xEA,0xFE,0xBE,0xEA,0xEA,0x00}},
  {37255,8,{0xE4,0x5E,0xEA,0xEE,0xA2,0xFE,0xE4,0x00}},
  {37257,8,{0xE8,0x5E,0xF4,0xF4,0xAA,0xFE,0xE8,0x00}},
  {37259,8,{0xEA,0x5E,0xEA,0xFE,0xAE,0xEA,0xEE,0x00}},
  {37261,8,{0xEC,0x4C,0xFE,0xE4,0xB6,0xF4,0xEE,0x00}},
  {37264,8,{0xD6,0x7E,0xD6,0xFE,0xEE,0xFE,0xCA,0x00}},
  {37266,8,{0xEE,0x4A,0xEE,0xF4,0xAE,0xE4,0xFE,0x00}},
  {37271,8,{0xFA,0x54,0xE2,0xDC,0xFE,0xD4,0xE6,0x00}},
  {37276,8,{0xE8,0x5E,0xFA,0xFE,0xBE,0xEC,0xF6,0x00}},
  {37282,8,{0xE8,0x5E,0xE8,0xF6,0xA6,0xEC,0xFE,0x00}},
  {37284,8,{0x7E,0xD4,0x4C,0xFE,0x6C,0x44,0x7C,0x00}},
  {37290,8,{0xFE,0x4A,0xE4,0xEA,0xB4,0xE2,0xEC,0x00}},
  {37291,8,{0xFE,0xCA,0xF4,0xAA,0xFE,0x6C,0x7C,0x00}},
  {37295,8,{0xE4,0x5E,0xE8,0xEE,0xB6,0xEC,0xFE,0x00}},
  {37300,8,{0xEA,0x5E,0xFE,0xFE,0xB2,0xEC,0xFE,0x00}},
  {37301,8,{0xE8,0x4E,0xF8,0xF6,0xAC,0xF6,0xEC,0x00}},
  {37304,8,{0xC8,0x7E,0xD4,0xF6,0xFE,0xD4,0xDA,0x00}},
  {37306,8,{0xEC,0x5E,0xEC,0xEC,0xBE,0xE0,0xF6,0x00}},
  {37312,8,{0xC8,0x7E,0xF6,0xDC,0xFE,0xF4,0xDA,0x00}},
  {37313,8,{0x2C,0x54,0xFE,0x44,0x7C,0x5C,0xAA,0x00}},
  {37318,8,{0x0E,0xF0,0x54,0xFE,0x10,0x38,0xD6,0x00}},
  {37319,8,{0x0E,0xF0,0x54,0x08,0xFE,0x38,0xD6,0x00}},
  {37320,8,{0xFE,0x2A,0xBA,0x2C,0xFC,0x6A,0xB2,0x00}},
  {37321,8,{0xF4,0x24,0xBE,0x2E,0xFE,0x7E,0xAE,0x00}},
  {37323,8,{0xFE,0x3E,0xA4,0x3E,0xEA,0x7E,0xA4,0x00}},
  {37324,8,{0x7C,0x54,0x7C,0x54,0x7C,0x10,0xFE,0x00}},
  {37325,8,{0x38,0xFE,0x54,0x7C,0x54,0x38,0xFE,0x00}},
  {37326,8,{0xFE,0xB2,0xF4,0xBE,0xF6,0x24,0xFC,0x00}},
  {37327,8,{0x7C,0x44,0xFE,0x54,0x7C,0x10,0xFE,0x00}},
  {37328,8,{0x26,0x7A,0xF4,0x7A,0x7E,0x5C,0xBE,0x00}},
  {37329,8,{0x10,0x28,0xFE,0x10,0xFE,0x54,0xFE,0x00}},
  {37334,8,{0x5E,0xAA,0xEA,0x4A,0xEA,0x6A,0xD6,0x00}},
  {37336,8,{0x5E,0xA4,0xE4,0x44,0xE4,0x64,0xCC,0x00}},
  {37339,8,{0x48,0xBE,0xEA,0x4A,0xEA,0x6A,0xD6,0x00}},
  {37340,8,{0x28,0xC6,0x38,0xD6,0x38,0x54,0xFE,0x00}},
  {37341,8,{0x44,0xA4,0xFE,0x44,0xE4,0x64,0xC4,0x00}},
  {37343,8,{0x54,0xB4,0xF4,0x54,0xF4,0x54,0xE2,0x00}},
  {37345,8,{0x28,0x44,0x10,0xEE,0x38,0x54,0xFE,0x00}},
  {37347,8,{0x48,0xAE,0xF2,0x4A,0xE6,0x62,0xC6,0x00}},
  {37350,8,{0x20,0x5E,0xFA,0x2A,0xFA,0x7A,0xEE,0x00}},
  {37351,8,{0x52,0xBA,0xFA,0x5A,0xFA,0x52,0xE2,0x00}},
  {37365,8,{0x7E,0xAA,0xE2,0x54,0xE8,0x54,0xE2,0x00}},
  {37366,8,{0x44,0xB4,0xFE,0x56,0xF4,0x72,0xDE,0x00}},
  {37372,8,{0x5E,0xAA,0xFA,0x4A,0xEE,0x6A,0xD6,0x00}},
  {37375,8,{0x42,0xAC,0xE8,0x4E,0xEA,0x6A,0xD2,0x00}},
  {37389,8,{0x48,0xBE,0xC8,0x6A,0xFE,0x48,0xCE,0x00}},
  {37390,8,{0x48,0xAE,0xF2,0x4A,0xF2,0x7E,0xC2,0x00}},
  {37393,8,{0x5E,0xB0,0xFE,0x5A,0xFA,0x64,0xDA,0x00}},
  {37396,8,{0x48,0xBC,0xDA,0x68,0xCA,0x64,0xD8,0x00}},
  {37397,8,{0x7C,0xB4,0xD4,0x7E,0xD4,0x54,0xFE,0x00}},
  {37406,8,{0x48,0xAE,0xF2,0x4A,0xE6,0x6A,0xC6,0x00}},
  {37417,8,{0x5E,0xA0,0xEE,0x4A,0xEE,0x68,0xD0,0x00}},
  {37420,8,{0x5E,0xB2,0xFE,0x54,0xF4,0x52,0xE2,0x00}},
  {37428,8,{0x48,0xB4,0xEE,0x40,0xFE,0x6A,0xC8,0x00}},
  {37431,8,{0x44,0xA4,0xFE,0x44,0xEE,0x6A,0xCE,0x00}},
  {37439,8,{0x5E,0xB6,0xF6,0x5E,0xF6,0x76,0xDE,0x00}},
  {37444,8,{0x4C,0xAE,0xF4,0x5E,0xE4,0x64,0xDA,0x00}},
  {37445,8,{0x5E,0xB0,0xFE,0x52,0xFE,0x70,0xDE,0x00}},
  {37448,8,{0x44,0xBE,0xF2,0x48,0xEE,0x68,0xCE,0x00}},
  {37449,8,{0x44,0xBE,0xE8,0x5A,0xE4,0x6A,0xDE,0x00}},
  {37451,8,{0x48,0xAE,0xF2,0x4E,0xEE,0x68,0xCE,0x00}},
  {37456,8,{0x5E,0xA8,0xE8,0x4E,0xFA,0x6A,0xCE,0x00}},
  {37463,8,{0x4A,0xBE,0xEA,0x4E,0xEA,0x6A,0xCE,0x00}},
  {37466,8,{0x56,0xA6,0xF6,0x76,0xF6,0x54,0xE4,0x00}},
  {37467,8,{0x4A,0xAA,0xEA,0x50,0xEE,0x6A,0xCE,0x00}},
  {37470,8,{0x44,0xBE,0xF4,0x54,0xF6,0x74,0xDA,0x00}},
  {37474,8,{0x48,0xBE,0xC8,0x5C,0xEA,0x5C,0xC8,0x00}},
  {37476,8,{0x48,0xAE,0xF2,0x4E,0xEE,0x62,0xC6,0x00}},
  {37478,8,{0x5E,0xA4,0xE4,0x56,0xF4,0x74,0xDE,0x00}},
  {37489,8,{0x44,0xBE,0xF0,0x54,0xF4,0x6A,0xCE,0x00}},
  {37502,8,{0x48,0xB2,0xFE,0x5C,0xE8,0x7E,0xC8,0x00}},
  {37504,8,{0x5E,0xB2,0xFE,0x52,0xFE,0x74,0xDA,0x00}},
  {37507,8,{0x48,0xBE,0xD4,0x7A,0xD4,0x54,0xE6,0x00}},
  {37509,8,{0x5E,0xB2,0xFE,0x52,0xFE,0x7E,0xD2,0x00}},
  {37521,8,{0x58,0xBC,0xE8,0x7E,0xD4,0x54,0xE6,0x00}},
  {37523,8,{0x5C,0xAA,0xFE,0x44,0xEE,0x64,0xDE,0x00}},
  {37525,8,{0x48,0xBE,0xFC,0x58,0xFE,0x6A,0xD6,0x00}},
  {37526,8,{0x58,0xBC,0xE8,0x7E,0xC8,0x5C,0xEA,0x00}},
  {37528,8,{0x4E,0xAA,0xF4,0x48,0xFE,0x6A,0xCE,0x00}},
  {37530,8,{0x54,0xB6,0xF4,0x56,0xF4,0x74,0xE6,0x00}},
  {37531,8,{0x42,0xAC,0xFE,0x44,0xEE,0x6A,0xCE,0x00}},
  {37532,8,{0x56,0xA8,0x7E,0xD2,0x7A,0x5A,0x76,0x00}},
  {37549,8,{0x4A,0xBE,0xE8,0x5C,0xEA,0x64,0xDA,0x00}},
  {37559,8,{0x54,0xAA,0xD4,0x5C,0xD4,0x5C,0xD4,0x00}},
  {37561,8,{0x5C,0xBE,0xDC,0x6A,0xFC,0x56,0xE2,0x00}},
  {37583,8,{0x48,0xBE,0xFC,0x5C,0xEA,0x48,0xF6,0x00}},
  {37586,8,{0x4C,0xB4,0xC8,0x76,0xC8,0x7E,0xC8,0x00}},
  {37604,8,{0x44,0xBC,0xEE,0x7E,0xEE,0x7A,0xEA,0x00}},
  {37609,8,{0x4A,0xBE,0xE4,0x5E,0xE8,0x68,0xCE,0x00}},
  {37610,8,{0x4A,0xBE,0xC8,0x7E,0xEA,0x7E,0xEA,0x00}},
  {37613,8,{0x54,0xBE,0xE2,0x7E,0xD4,0x54,0xE6,0x00}},
  {37618,8,{0x44,0xB8,0xDE,0x54,0xFE,0x40,0xE2,0x00}},
  {37619,8,{0x48,0xBC,0xFE,0x54,0xFE,0x64,0xD4,0x00}},
  {37624,8,{0x5E,0xBE,0xF4,0x5E,0xF4,0x6A,0xCE,0x00}},
  {37626,8,{0x48,0xBE,0xE2,0x5E,0xEA,0x58,0xEE,0x00}},
  {37628,8,{0x7E,0xA2,0xF6,0x6A,0xF6,0x7E,0xE2,0x00}},
  {37638,8,{0x44,0xAE,0xE4,0x5E,0xEA,0x6E,0xCA,0x00}},
  {37647,8,{0x7E,0xB4,0xF6,0x62,0xF6,0x54,0xFE,0x00}},
  {37648,8,{0x54,0xBE,0xF4,0x5E,0xF4,0x74,0xDE,0x00}},
  {37656,8,{0x5C,0xA8,0xFE,0x54,0xFE,0x48,0xFE,0x00}},
  {37657,8,{0x4A,0xB4,0xEA,0x5E,0xFE,0x76,0xDE,0x00}},
  {37658,8,{0x5C,0xAA,0xDC,0x4C,0xFE,0x4C,0xD8,0x00}},
  {37664,8,{0x44,0xBE,0xEE,0x44,0xD6,0x54,0xEE,0x00}},
  {37666,8,{0x4A,0xBE,0xE4,0x4A,0xFE,0x64,0xDA,0x00}},
  {37667,8,{0x7E,0xB4,0xEA,0x7E,0xEA,0x54,0xEA,0x00}},
  {37670,8,{0x48,0xBC,0xD4,0x5C,0xFE,0x6A,0xC8,0x00}},
  {37672,8,{0x54,0xBE,0xD4,0x7E,0xFE,0x6A,0xFE,0x00}},
  {37675,8,{0x5E,0xB2,0xFE,0x48,0xEE,0x76,0xCA,0x00}},
  {37676,8,{0x48,0xBE,0xDC,0x5C,0xC8,0x5C,0xEA,0x00}},
  {37678,8,{0x7E,0xAA,0xFE,0x6A,0xF6,0x7E,0xFE,0x00}},
  {37679,8,{0x54,0xBE,0xD4,0x7E,0xDC,0x54,0xDC,0x00}},
  {37682,8,{0x5C,0xA4,0xFE,0x48,0xEA,0x5C,0xEA,0x00}},
  {37685,8,{0x54,0xBE,0xE4,0x54,0xF6,0x74,0xD6,0x00}},
  {37690,8,{0x4A,0xBE,0xE4,0x5E,0xE8,0x6E,0xD2,0x00}},
  {37691,8,{0x5A,0xA4,0xFE,0x44,0xF4,0x7C,0xDA,0x00}},
  {37700,8,{0x48,0xBE,0xD4,0x5C,0xC8,0x6A,0xD8,0x00}},
  {37707,8,{0x4E,0xAA,0xEA,0x5E,0xF2,0x7A,0xDA,0x00}},
  {37709,8,{0x48,0xBE,0xEC,0x7E,0xEA,0x64,0xDA,0x00}},
  {37716,8,{0x5A,0xBA,0xEC,0x5E,0xEC,0x62,0xC6,0x00}},
  {37718,8,{0x54,0xBE,0xD4,0x54,0xFE,0x68,0xFE,0x00}},
  {37723,8,{0x4E,0xB6,0xF8,0x56,0xFA,0x74,0xDA,0x00}},
  {37724,8,{0x76,0xB2,0xE6,0x7E,0xEA,0x74,0xEA,0x00}},
  {37728,8,{0x44,0xAE,0xEA,0x4E,0xFE,0x64,0xDE,0x00}},
  {37740,8,{0x54,0xB4,0xFE,0x5C,0xF4,0x74,0xDA,0x00}},
  {37742,8,{0x58,0xB4,0xEE,0x40,0xFA,0x7C,0xDA,0x00}},
  {37749,8,{0x5A,0xAE,0xEA,0x56,0xEA,0x68,0xD6,0x00}},
  {37756,8,{0x44,0xBE,0xE4,0x7C,0xE6,0x7C,0xDA,0x00}},
  {37758,8,{0x42,0xAC,0xFE,0x4E,0xEE,0x64,0xDE,0x00}},
  {37772,8,{0x54,0xBE,0xDC,0x4E,0xFC,0x5C,0xEA,0x00}},
  {37780,8,{0x48,0xBE,0xF6,0x48,0xD4,0x6E,0xCC,0x00}},
  {37782,8,{0x56,0xA4,0xFE,0x52,0xFE,0x60,0xD2,0x00}},
  {37783,8,{0x44,0xAA,0xFC,0x4C,0xE8,0x6E,0xD6,0x00}},
  {37786,8,{0x52,0xA6,0xE6,0x54,0xF6,0x76,0xDE,0x00}},
  {37799,8,{0x56,0xBE,0xE0,0x5E,0xF2,0x6C,0xDE,0x00}},
  {37804,8,{0x48,0xBE,0xD4,0x5C,0xFE,0x62,0xEA,0x00}},
  {37805,8,{0x48,0xAE,0xEC,0x5C,0xFE,0x60,0xD2,0x00}},
  {37806,8,{0x44,0xBE,0xEC,0x4C,0xFE,0x60,0xD2,0x00}},
  {37808,8,{0x54,0xA2,0xDC,0x54,0xE2,0x5C,0xFE,0x00}},
  {37817,8,{0x54,0xAA,0xF0,0x4E,0xF4,0x7A,0xDE,0x00}},
  {37827,8,{0x54,0xBE,0xD6,0x5C,0xEE,0x4C,0xDA,0x00}},
  {37832,8,{0x54,0xAE,0xDC,0x4C,0xEE,0x74,0xDE,0x00}},
  {37840,8,{0x5E,0xAA,0xE4,0x4A,0xF4,0x62,0xCC,0x00}},
  {37841,8,{0x48,0xBE,0xD4,0x7E,0xEA,0x76,0xFE,0x00}},
  {37846,8,{0x08,0x7E,0x5C,0x7E,0x9C,0x2A,0x7E,0x00}},
  {37847,8,{0x7E,0xBA,0xF4,0x4A,0xDC,0x48,0xFE,0x00}},
  {37848,8,{0x56,0xBA,0xF4,0x5E,0xF2,0x7A,0xD6,0x00}},
  {37853,8,{0x4E,0xAA,0xFE,0x5E,0xEA,0x64,0xDA,0x00}},
  {37857,8,{0x48,0xBE,0xD4,0x7E,0xDC,0x5C,0xE6,0x00}},
  {37860,8,{0x48,0xBC,0xF6,0x5C,0xFE,0x54,0xFA,0x00}},
  {37861,8,{0x48,0xBE,0xF2,0x4E,0xF4,0x76,0xD6,0x00}},
  {37864,8,{0x2E,0xF8,0x6E,0xF4,0xFE,0x54,0xFE,0x00}},
  {37891,8,{0x48,0xBC,0xFE,0x76,0xFE,0x54,0xE6,0x00}},
  {37895,8,{0x5E,0xAC,0xFE,0x4C,0xF6,0x6C,0xCC,0x00}},
  {37904,8,{0x48,0xBE,0xD4,0x7E,0xD4,0x48,0xEA,0x00}},
  {37907,8,{0x54,0xBE,0xEE,0x76,0xDE,0x74,0xDA,0x00}},
  {37908,8,{0x5E,0xAC,0xE0,0x4C,0xEC,0x7E,0xC4,0x00}},
  {37912,8,{0x48,0xBE,0xD4,0x7E,0xDC,0x48,0xFE,0x00}},
  {37913,8,{0x5A,0xB4,0xE2,0x5C,0xD4,0x48,0xFE,0x00}},
  {37914,8,{0x5E,0xAC,0xFE,0x5E,0xE0,0x7A,0xD6,0x00}},
  {37921,8,{0x56,0xBC,0xFE,0x7C,0xEE,0x54,0xFA,0x00}},
  {37931,8,{0x54,0xBE,0xF4,0x5E,0xF6,0x6A,0xE2,0x00}},
  {37941,8,{0x56,0xBC,0xFE,0x6C,0xFE,0x54,0xFA,0x00}},
  {37942,8,{0x5E,0xB6,0xFE,0x52,0xFE,0x74,0xDA,0x00}},
  {37944,8,{0x7E,0xBE,0xC8,0x7E,0xD4,0x7E,0xC8,0x00}},
  {37946,8,{0x6A,0xBC,0xF6,0x5C,0xFE,0x6A,0xFE,0x00}},
  {37953,8,{0x76,0xAA,0xF6,0x7E,0xD4,0x68,0xD6,0x00}},
  {37956,8,{0x48,0xBC,0xFE,0x48,0xFE,0x74,0xCC,0x00}},
  {37969,8,{0x54,0xB6,0xF0,0x56,0xE0,0x6C,0xDE,0x00}},
  {37970,8,{0xE8,0xCE,0xEE,0x38,0xFE,0x54,0xFE,0x00}},
  {37971,8,{0x54,0xAE,0xEE,0x54,0xF6,0x76,0xDE,0x00}},
  {37978,8,{0x54,0xBE,0xD4,0x6A,0xDC,0x5C,0xE2,0x00}},
  {37979,8,{0x48,0xBE,0xEC,0x7E,0xEC,0x6C,0xD2,0x00}},
  {37982,8,{0x4A,0xB4,0xFE,0x56,0xFA,0x5E,0xEA,0x00}},
  {37984,8,{0x5A,0xAC,0xDA,0x6C,0xFE,0x5C,0xEA,0x00}},
  {37986,8,{0x48,0xAE,0xF8,0x6E,0xEC,0x7A,0xD6,0x00}},
  {37994,8,{0x44,0xA6,0xFC,0x56,0xF0,0x6C,0xDE,0x00}},
  {38000,8,{0x48,0xB4,0xFE,0x5C,0xFE,0x7E,0xEA,0x00}},
  {38005,8,{0x54,0xBE,0xF6,0x54,0xDE,0x74,0xDE,0x00}},
  {38007,8,{0x5E,0xAC,0xFE,0x44,0xF6,0x7E,0xD2,0x00}},
  {38012,8,{0x7E,0xAA,0xFE,0x64,0xD6,0x7C,0xD6,0x00}},
  {38013,8,{0x68,0xBE,0xD4,0x6A,0xDC,0x5C,0xE2,0x00}},
  {38014,8,{0x54,0xB8,0x54,0xEE,0x38,0x54,0xFE,0x00}},
  {38015,8,{0xAE,0x7A,0xF4,0x7A,0xFE,0x54,0xFE,0x00}},
  {38017,8,{0x76,0xB6,0xDC,0x5E,0xD4,0x48,0xF6,0x00}},
  {38263,8,{0x3C,0x20,0x38,0x20,0xFE,0x28,0x76,0x00}},
  {38272,8,{0xEE,0xAA,0xEE,0x82,0x82,0x82,0x86,0x00}},
  {38274,8,{0xEE,0xAA,0xEE,0x82,0xBA,0x82,0x86,0x00}},
  {38275,8,{0xEE,0xAA,0xEE,0x92,0x92,0xAA,0xC6,0x00}},
  {38279,8,{0xEE,0xAA,0xEE,0xBA,0x92,0x9A,0x92,0x00}},
  {38281,8,{0xEE,0xAA,0xEE,0x92,0xFA,0xB2,0xD6,0x00}},
  {38282,8,{0xEE,0xAA,0xEE,0x92,0xD6,0xFE,0x82,0x00}},
  {38283,8,{0xEE,0xEE,0x82,0xFE,0xAA,0xFE,0xAA,0x00}},
  {38287,8,{0xEE,0xAA,0xFE,0x92,0xBA,0x92,0xBA,0x00}},
  {38289,8,{0xEE,0xEE,0x92,0xFE,0xBA,0xD6,0x92,0x00}},
  {38291,8,{0xEE,0xAA,0xFE,0xAA,0xBA,0xAA,0xBA,0x00}},
  {38292,8,{0xEE,0xEE,0x92,0xFE,0xAA,0x92,0xEE,0x00}},
  {38294,8,{0xEE,0xAA,0xEE,0x92,0xF6,0xBA,0xD6,0x00}},
  {38296,8,{0xEE,0xAA,0xEE,0x82,0xBA,0xBA,0x92,0x00}},
  {38297,8,{0xEE,0xEE,0x92,0xFE,0xBE,0xB6,0x92,0x00}},
  {38304,8,{0xEE,0xAA,0xFE,0x92,0xBA,0x96,0xBA,0x00}},
  {38306,8,{0xEE,0xEE,0xAA,0x92,0xFE,0x92,0xAA,0x00}},
  {38307,8,{0xEE,0xEE,0x9A,0xAA,0x92,0xEE,0xBA,0x00}},
  {38308,8,{0xEE,0xEE,0x92,0xAA,0xFE,0xAA,0xBA,0x00}},
  {38309,8,{0xEE,0xEE,0x82,0xAE,0xFA,0xAA,0xB6,0x00}},
  {38311,8,{0xEE,0xEE,0xAA,0xFE,0xAA,0xFE,0xC6,0x00}},
  {38312,8,{0xEE,0xEE,0x92,0xBA,0xFE,0xBA,0xFE,0x00}},
  {38317,8,{0xEE,0xEE,0xBA,0xAA,0xFA,0xCA,0xFA,0x00}},
  {38322,8,{0xEE,0xEE,0xAA,0xBA,0xAA,0x9A,0xEE,0x00}},
  {38329,8,{0xEE,0xEE,0x92,0xFE,0xBE,0xDA,0x8E,0x00}},
  {38331,8,{0xEE,0xEE,0x9A,0xAA,0x9E,0xA6,0xBE,0x00}},
  {38332,8,{0xEE,0xEE,0xAA,0xF6,0xAA,0xB6,0xDA,0x00}},
  {38334,8,{0xEE,0xEE,0x8A,0xFE,0xEA,0x8A,0xE6,0x00}},
  {38339,8,{0xEE,0xEE,0xBA,0xAA,0xFE,0x92,0xEE,0x00}},
  {38343,8,{0xEE,0xEE,0x92,0xFE,0xAA,0xFE,0xBA,0x00}},
  {38346,8,{0xEE,0xEE,0xDA,0xBE,0xCA,0x96,0xDE,0x00}},
  {38348,8,{0xEE,0xEE,0x92,0xFE,0xBA,0xBA,0xD6,0x00}},
  {38349,8,{0xEE,0xEE,0x96,0xBA,0xFE,0xBA,0xDA,0x00}},
  {38356,8,{0xEE,0xEE,0x9A,0xBE,0xB6,0x9A,0xBE,0x00}},
  {38357,8,{0xEE,0xEE,0xD2,0xBE,0xEE,0xAA,0xD6,0x00}},
  {38358,8,{0xEE,0xEE,0xBA,0xB2,0xBE,0x86,0xD6,0x00}},
  {38360,8,{0xEE,0xEE,0x82,0xF6,0xDE,0xA6,0xF6,0x00}},
  {38364,8,{0xEE,0xEE,0xA6,0xCA,0xFE,0xAE,0xCA,0x00}},
  {38369,8,{0xEE,0xEE,0xEE,0xBA,0xBA,0xFE,0x92,0x00}},
  {38370,8,{0xEE,0xEE,0xEA,0xFE,0xD6,0xFE,0xEA,0x00}},
  {38373,8,{0xEE,0xEE,0xCA,0x9E,0xFE,0xAA,0xDE,0x00}},
  {38428,8,{0x10,0x78,0x48,0x7C,0x44,0xFE,0x10,0x00}},
  {38433,8,{0xE2,0xAC,0xC4,0xBE,0xA4,0xC4,0x84,0x00}},
  {38440,8,{0xDE,0xD0,0x9E,0xDA,0xDA,0x98,0xAE,0x00}},
  {38442,8,{0xDE,0xD0,0x9E,0xDA,0xDA,0xA4,0x9A,0x00}},
  {38446,8,{0xDC,0xC0,0xBE,0xD4,0xD4,0x94,0xA6,0x00}},
  {38447,8,{0xC4,0xC4,0x96,0xD4,0xD4,0x94,0xBE,0x00}},
  {38450,8,{0xE4,0xBE,0xC8,0xAE,0xAA,0xCA,0x96,0x00}},
  {38459,8,{0xDC,0xD4,0x9C,0xD4,0xDC,0x94,0xBE,0x00}},
  {38463,8,{0xFE,0xA2,0xDE,0xB6,0xBE,0xC2,0x86,0x00}},
  {38464,8,{0xE4,0xBE,0xD2,0xA8,0xAE,0xC8,0x8E,0x00}},
  {38466,8,{0xC4,0xDE,0x96,0xDE,0xDA,0x94,0xAA,0x00}},
  {38468,8,{0xEA,0xB6,0xD2,0xBA,0xB2,0xD2,0x96,0x00}},
  {38475,8,{0xEE,0xA4,0xDE,0xB6,0xBA,0xD0,0x9E,0x00}},
  {38476,8,{0xDE,0xC8,0x9E,0xD2,0xDE,0x92,0x9E,0x00}},
  {38477,8,{0xCC,0xD4,0x88,0xF6,0xDC,0xBE,0x84,0x00}},
  {38479,8,{0xE8,0xBE,0xC8,0xAE,0xBA,0xCE,0x8A,0x00}},
  {38480,8,{0xFE,0xB2,0xDE,0xB2,0xBE,0xD4,0x9A,0x00}},
  {38491,8,{0xE4,0xF6,0xA4,0xF6,0xDC,0x88,0xBE,0x00}},
  {38492,8,{0xC8,0xFE,0x9C,0xDC,0xEA,0x88,0xB6,0x00}},
  {38493,8,{0xC8,0xFE,0x9C,0xDC,0xEA,0x88,0xB6,0x00}},
  {38494,8,{0xCC,0xF4,0xBE,0xD4,0xE4,0x88,0xBE,0x00}},
  {38495,8,{0xE4,0xB6,0xD4,0xBE,0xAA,0xC4,0x98,0x00}},
  {38498,8,{0xC8,0xFE,0xAE,0xC0,0xFE,0x94,0xA6,0x00}},
  {38499,8,{0xC8,0xFE,0x9C,0xDC,0xDC,0xBE,0x88,0x00}},
  {38500,8,{0xC8,0xD4,0xBE,0xC8,0xFE,0x88,0xAA,0x00}},
  {38501,8,{0xEE,0xB2,0xC4,0xB6,0xB6,0xD6,0x96,0x00}},
  {38502,8,{0xC8,0xDC,0xBE,0xD4,0xFE,0xA4,0x94,0x00}},
  {38506,8,{0xC8,0xFE,0x94,0xFE,0xC0,0x9C,0x9C,0x00}},
  {38508,8,{0xF8,0xDE,0x9A,0xDA,0xDC,0xBA,0x88,0x00}},
  {38512,8,{0xC8,0xD4,0xBA,0xC8,0xFE,0x94,0xBA,0x00}},
  {38514,8,{0xDC,0xC8,0xBE,0xD4,0xFE,0x88,0xBE,0x00}},
  {38515,8,{0xC8,0xFE,0x9C,0xDC,0xC8,0x9C,0xAA,0x00}},
  {38517,8,{0xC8,0xDC,0x88,0xFE,0xD4,0xA8,0x96,0x00}},
  {38518,8,{0xD0,0xDE,0xAA,0xDE,0xCA,0xAE,0xBE,0x00}},
  {38519,8,{0xEE,0xB2,0xC4,0xB6,0xB2,0xD6,0x9E,0x00}},
  {38520,8,{0xC8,0xDC,0xBE,0xD4,0xE6,0x88,0xBE,0x00}},
  {38522,8,{0xC8,0xD4,0xBE,0xEA,0xFE,0x88,0xB6,0x00}},
  {38525,8,{0xDC,0xD4,0xBE,0xD0,0xDE,0xAA,0x96,0x00}},
  {38533,8,{0xDC,0xDC,0x88,0xFE,0xEA,0xAE,0xBA,0x00}},
  {38534,8,{0xCC,0xD4,0x88,0xF6,0xDC,0x88,0xBE,0x00}},
  {38536,8,{0xFE,0xB6,0xDE,0xA0,0xBE,0xD4,0x9A,0x00}},
  {38538,8,{0xD4,0xFE,0x90,0xEA,0xDC,0xAA,0x98,0x00}},
  {38539,8,{0xE8,0xBE,0xD4,0xAE,0xBC,0xDC,0x94,0x00}},
  {38541,8,{0xC8,0xDC,0x94,0xDC,0xFE,0x88,0xBE,0x00}},
  {38542,8,{0xE4,0xB6,0xE4,0xB6,0xA8,0xDC,0x9C,0x00}},
  {38543,8,{0xF4,0xAE,0xC4,0xB8,0xB6,0xD6,0xAE,0x00}},
  {38548,8,{0xFE,0xAC,0xCC,0xBE,0xB2,0xDE,0x96,0x00}},
  {38549,8,{0xEC,0xAC,0xDE,0xB2,0xBE,0xC0,0x92,0x00}},
  {38551,8,{0xC8,0xFE,0xAA,0xFE,0xEA,0x9C,0xAE,0x00}},
  {38552,8,{0xD4,0xE2,0x9C,0xD4,0xE2,0x9C,0xBE,0x00}},
  {38553,8,{0xE4,0xB6,0xCC,0xAC,0xA4,0xD6,0x8C,0x00}},
  {38555,8,{0xDE,0xEA,0x94,0xE2,0xDC,0x88,0xAA,0x00}},
  {38556,8,{0xC8,0xFE,0x94,0xFE,0xDC,0xBE,0x88,0x00}},
  {38560,8,{0xC6,0xF8,0xAA,0xDC,0xDC,0xB2,0xAE,0x00}},
  {38563,8,{0xEA,0xBC,0xCA,0xA0,0xB4,0xDE,0xA4,0x00}},
  {38567,8,{0xEC,0xD2,0xAE,0xCC,0xF6,0xAC,0xBE,0x00}},
  {38568,8,{0xF4,0xAE,0xD4,0xAE,0xA6,0xD6,0x9E,0x00}},
  {38570,8,{0xC8,0xD4,0xBE,0xEA,0xFE,0x94,0xAA,0x00}},
  {38576,8,{0xDC,0xDC,0x92,0xE4,0xF6,0x80,0xAA,0x00}},
  {38577,8,{0xDC,0xEA,0x9C,0xCE,0xDC,0xB2,0xAE,0x00}},
  {38578,8,{0xF6,0xA4,0xD8,0xAE,0xAC,0xC2,0x96,0x00}},
  {38580,8,{0xD6,0xFC,0xAE,0xFA,0xEE,0xBC,0xAE,0x00}},
  {38582,8,{0x10,0x7C,0x16,0xFC,0x54,0x38,0xD6,0x00}},
  {38583,8,{0x48,0xFC,0x4E,0xFC,0x1A,0xEC,0x5A,0x00}},
  {38584,8,{0x28,0xFC,0x6E,0xBC,0x6A,0x3C,0xAA,0x00}},
  {38585,8,{0x28,0x3E,0x68,0xBC,0x28,0x28,0x3E,0x00}},
  {38587,8,{0x28,0x3E,0x68,0xBE,0x28,0x10,0xEE,0x00}},
  {38588,8,{0x28,0x3E,0x68,0xBE,0x10,0xFE,0x10,0x00}},
  {38592,8,{0x10,0x54,0x9A,0x30,0xFE,0x28,0x3E,0x00}},
  {38593,8,{0x7E,0x54,0x6E,0x7C,0x6E,0x6C,0xAE,0x00}},
  {38596,8,{0x2A,0xFE,0x2C,0x4E,0x5C,0xAC,0x7E,0x00}},
  {38597,8,{0xEA,0xAE,0xBC,0xEE,0x6C,0xAC,0x6E,0x00}},
  {38598,8,{0x28,0x7C,0xA8,0x3C,0xFE,0x38,0xD6,0x00}},
  {38599,8,{0xFE,0x44,0x7C,0x54,0x5E,0x74,0x9E,0x00}},
  {38601,8,{0x4A,0x7E,0xAC,0x7E,0x2C,0x5C,0x8E,0x00}},
  {38603,8,{0x28,0x7E,0xA8,0x3E,0xEE,0xBA,0x86,0x00}},
  {38604,8,{0x54,0x5E,0xF4,0xDE,0xD4,0xF4,0xDE,0x00}},
  {38605,8,{0x10,0xFE,0x54,0x9E,0xF4,0x54,0x9E,0x00}},
  {38606,8,{0x7A,0x5E,0x7C,0x5E,0x7C,0x5C,0xEE,0x00}},
  {38609,8,{0x4A,0xEE,0x6C,0xBE,0xEC,0x7C,0xAE,0x00}},
  {38613,8,{0xFA,0xAE,0xFC,0xAE,0xDC,0xFC,0x8E,0x00}},
  {38614,8,{0xEA,0xBE,0x54,0xFE,0xF4,0x54,0xFE,0x00}},
  {38617,8,{0x54,0x7E,0xEC,0x7E,0x28,0x10,0xEE,0x00}},
  {38619,8,{0x4A,0x7E,0xBC,0x4E,0x7C,0xBC,0x4E,0x00}},
  {38620,8,{0x2A,0xFE,0x5C,0xAE,0xFC,0x7C,0xAE,0x00}},
  {38626,8,{0x2A,0xFE,0x5C,0x6E,0xFC,0xBC,0xEE,0x00}},
  {38627,8,{0x5A,0xFE,0x5C,0xFE,0xFC,0x2C,0xDE,0x00}},
  {38632,8,{0xFE,0x10,0xFE,0x92,0xB6,0x92,0xB6,0x00}},
  {38634,8,{0x38,0xFE,0xB6,0x00,0x7C,0x04,0x7C,0x00}},
  {38635,8,{0x38,0xFE,0xB6,0x00,0xFE,0x18,0x14,0x00}},
  {38640,8,{0x38,0xFE,0xB6,0x44,0xBE,0x14,0x6C,0x00}},
  {38642,8,{0x38,0xFE,0xB6,0x00,0xFE,0x24,0xFA,0x00}},
  {38646,8,{0x38,0xFE,0xB6,0x28,0xFE,0x12,0x10,0x00}},
  {38647,8,{0x38,0xFE,0xB6,0x00,0x7C,0x54,0x7C,0x00}},
  {38649,8,{0x38,0xFE,0xB6,0x3E,0xC2,0x38,0x3E,0x00}},
  {38651,8,{0x38,0xFE,0xB6,0x7C,0x54,0x7C,0x0E,0x00}},
  {38656,8,{0x38,0xFE,0xB6,0x7C,0x10,0xFE,0xAA,0x00}},
  {38660,8,{0x38,0xFE,0xB6,0x7C,0xAA,0x38,0x28,0x00}},
  {38662,8,{0x38,0xFE,0xB6,0x4C,0x9E,0x44,0xBE,0x00}},
  {38663,8,{0x38,0xFE,0xB6,0x7C,0x7E,0x68,0xB6,0x00}},
  {38664,8,{0x38,0xFE,0xB6,0x7E,0x88,0x3E,0xAA,0x00}},
  {38666,8,{0x38,0xFE,0xB6,0x00,0xBA,0x54,0xFE,0x00}},
  {38669,8,{0x38,0xFE,0xB6,0x28,0x7E,0xA8,0x3E,0x00}},
  {38670,8,{0x38,0xFE,0xB6,0x28,0xFE,0x28,0xF6,0x00}},
  {38671,8,{0x38,0xFE,0xB6,0x28,0xEE,0xEE,0x48,0x00}},
  {38673,8,{0x38,0xFE,0xB6,0x08,0x8E,0x3C,0xBC,0x00}},
  {38675,8,{0x38,0xFE,0xB6,0x4C,0x7C,0x28,0xCE,0x00}},
  {38678,8,{0x38,0xFE,0xB6,0x24,0xFE,0x6C,0xB6,0x00}},
  {38681,8,{0x38,0xFE,0xB6,0x7C,0xFE,0x10,0xEE,0x00}},
  {38684,8,{0x38,0xFE,0xB6,0x2E,0xFA,0x7A,0xAE,0x00}},
  {38686,8,{0x38,0xFE,0xB6,0xEE,0x8A,0xE4,0x8A,0x00}},
  {38692,8,{0x38,0xFE,0xAE,0x4C,0x74,0x38,0x38,0x00}},
  {38695,8,{0x38,0xFE,0xB6,0x6C,0xFA,0x66,0xAA,0x00}},
  {38698,8,{0x38,0xFE,0xB6,0x38,0xBE,0x08,0xBE,0x00}},
  {38704,8,{0x38,0xFE,0xB6,0x56,0xFA,0x74,0x5A,0x00}},
  {38706,8,{0x38,0xFE,0xB6,0xEA,0xA4,0x5A,0xEE,0x00}},
  {38712,8,{0x38,0xFE,0xB6,0x50,0x76,0xF6,0x2A,0x00}},
  {38713,8,{0x38,0xFE,0xB6,0x7E,0x6A,0xFE,0x64,0x00}},
  {38717,8,{0x38,0xFE,0xB6,0xFE,0x6C,0xBA,0x48,0x00}},
  {38718,8,{0x38,0xFE,0xB6,0x4E,0xAE,0x64,0xCE,0x00}},
  {38722,8,{0x38,0xFE,0xB6,0x7E,0x76,0x58,0xBE,0x00}},
  {38724,8,{0x38,0xFE,0xB6,0xCC,0x0E,0xD2,0xDA,0x00}},
  {38726,8,{0x74,0xEE,0xB6,0x04,0xEE,0x54,0xFE,0x00}},
  {38728,8,{0x38,0xFE,0xB6,0xFE,0xFE,0x54,0xFE,0x00}},
  {38729,8,{0x7E,0xF4,0xBE,0x12,0xEC,0x54,0xEA,0x00}},
  {38738,8,{0x10,0x7C,0x10,0xFE,0x44,0x7C,0x44,0x00}},
  {38742,8,{0x44,0xEE,0xA4,0xBE,0x4A,0xEE,0x0A,0x00}},
  {38745,8,{0x26,0x7A,0x24,0xFE,0x56,0x7E,0x54,0x00}},
  {38748,8,{0x5C,0xEA,0x5C,0xEC,0xFE,0xEC,0xA8,0x00}},
  {38750,8,{0x28,0xEE,0x28,0xEE,0x28,0xEE,0x48,0x00}},
  {38752,8,{0x50,0x7C,0xFE,0x44,0x7C,0xEE,0x48,0x00}},
  {38753,8,{0x08,0x7E,0x54,0x7E,0x54,0x76,0xA4,0x00}},
  {38754,8,{0xFE,0x10,0xFE,0xAA,0xBA,0xAA,0xFE,0x00}},
  {38756,8,{0xF4,0x26,0xFA,0xD6,0xF6,0xD4,0xF6,0x00}},
  {38758,8,{0xFE,0x2A,0xFE,0xDA,0xFE,0xD4,0xFA,0x00}},
  {38760,8,{0x7E,0x6E,0x74,0xBA,0xFE,0x6C,0x7C,0x00}},
  {38761,8,{0x28,0xFE,0x28,0x7C,0x54,0xFE,0x10,0x00}},
  {38763,8,{0xBE,0xEA,0xE2,0x54,0xE8,0xD4,0x62,0x00}},
  {38765,8,{0xBE,0xEA,0xEA,0x5A,0xEE,0xEA,0x56,0x00}},
  {38769,8,{0xBE,0xEA,0xFA,0x4A,0xEE,0xEA,0x56,0x00}},
  {38772,8,{0xAC,0xF4,0xF6,0x54,0xF4,0xF4,0x56,0x00}},
  {38777,8,{0xAC,0xE4,0xFE,0x56,0xFA,0xF2,0x56,0x00}},
  {38778,8,{0xA8,0xFE,0xE8,0x5C,0xC8,0xDC,0x6A,0x00}},
  {38780,8,{0xAE,0xEA,0xEE,0x4A,0xEE,0xE0,0x5E,0x00}},
  {38785,8,{0xA4,0xFE,0xF6,0x5E,0xFA,0xF4,0x4A,0x00}},
  {38788,8,{0xA8,0xEE,0xF6,0x42,0xEE,0xE8,0x4E,0x00}},
  {38789,8,{0xA4,0xEE,0xEA,0x5E,0xE4,0xE4,0x5A,0x00}},
  {38790,8,{0xBE,0xE4,0xFE,0x56,0xFA,0xF2,0x56,0x00}},
  {38795,8,{0xA4,0xEE,0xE4,0x5E,0xEE,0xE4,0x5E,0x00}},
  {38797,8,{0xA8,0xFE,0xEA,0x7E,0xD4,0xCC,0x72,0x00}},
  {38799,8,{0xEC,0x4C,0xF6,0x7C,0x38,0xFE,0x10,0x00}},
  {38800,8,{0xA8,0xEE,0xE8,0x5E,0xEC,0xEA,0x48,0x00}},
  {38808,8,{0xB6,0xE4,0xFE,0x52,0xFE,0xF2,0x56,0x00}},
  {38812,8,{0xA8,0xFA,0xDC,0x6A,0xFC,0xF4,0x5C,0x00}},
  {38816,8,{0xB0,0xFE,0xF6,0x4A,0xFE,0xEA,0x56,0x00}},
  {38819,8,{0xBC,0xFE,0xDA,0x68,0xFE,0xDC,0x6A,0x00}},
  {38822,8,{0xB4,0xF4,0xFE,0x5C,0xF4,0xF4,0x5A,0x00}},
  {38824,8,{0xBC,0xF4,0xFC,0x5E,0xF2,0xFA,0x46,0x00}},
  {38827,8,{0xA8,0xEE,0xF2,0x5A,0xE2,0xFA,0x5A,0x00}},
  {38829,8,{0xAE,0xF4,0xFE,0x5E,0xFC,0xF4,0x5A,0x00}},
  {38835,8,{0xAA,0xFE,0xE4,0x4A,0xFE,0xEA,0x4E,0x00}},
  {38836,8,{0xAA,0xFE,0xEA,0x5E,0xF0,0xEE,0x4A,0x00}},
  {38851,8,{0xA4,0xEE,0xDE,0x6A,0xDE,0xE4,0x7E,0x00}},
  {38854,8,{0xBE,0xEC,0xEC,0x56,0xE8,0xEC,0x7E,0x00}},
  {38856,8,{0xAA,0xFE,0xEC,0x5E,0xF6,0xF4,0x5A,0x00}},
  {38859,8,{0x10,0x7C,0x24,0xFE,0x48,0xFE,0x08,0x00}},
  {38867,8,{0xE8,0x5E,0xEA,0xBE,0x54,0xFE,0x44,0x00}},
  {38876,8,{0x5C,0xEA,0x60,0xB6,0x52,0xF6,0x5E,0x00}},
  {38893,8,{0x28,0x28,0xEE,0x28,0xEE,0x28,0xFE,0x00}},
  {38894,8,{0x28,0xFE,0x6C,0x28,0x6C,0x28,0xFE,0x00}},
  {38898,8,{0x10,0xFE,0x6C,0xBA,0x6C,0x28,0xFE,0x00}},
  {38899,8,{0x10,0x7C,0x28,0xFE,0x7C,0x44,0x7C,0x00}},
  {38901,8,{0x28,0xFE,0x52,0xFA,0x06,0x6A,0x66,0x00}},
  {38902,8,{0x2E,0xF6,0x5A,0xF0,0x0E,0x6A,0x6E,0x00}},
  {38907,8,{0x2C,0xFC,0x5E,0xF2,0x1E,0x60,0x72,0x00}},
  {38911,8,{0x76,0xB6,0x66,0xBC,0x28,0xFE,0x38,0x00}},
  {38913,8,{0xFE,0x10,0x7C,0x7C,0x44,0x7C,0xC6,0x00}},
  {38914,8,{0xFE,0x48,0x5E,0x52,0x5E,0xC0,0x12,0x00}},
  {38915,8,{0x9E,0xA8,0xDE,0x92,0xBE,0xE0,0x12,0x00}},
  {38917,8,{0x1E,0xE8,0x5E,0x52,0x7E,0xC0,0x12,0x00}},
  {38918,8,{0x5E,0x74,0x7E,0x7A,0x7E,0x50,0x9A,0x00}},
  {38920,8,{0x5E,0x88,0x5E,0x92,0x1E,0x40,0x92,0x00}},
  {38924,8,{0x5E,0x54,0x8E,0x2A,0x2E,0x50,0xEA,0x00}},
  {38927,8,{0x2E,0xF4,0x0E,0x7A,0x5E,0x50,0x9A,0x00}},
  {38928,8,{0xEE,0x24,0x4E,0xEA,0x6E,0x40,0xD2,0x00}},
  {38929,8,{0x6E,0x04,0xFE,0x6A,0x6E,0xB0,0x0A,0x00}},
  {38930,8,{0x5E,0x54,0x8E,0x7A,0x5E,0x50,0xBA,0x00}},
  {38931,8,{0x2E,0xF4,0x2E,0xAA,0xFE,0x20,0x3A,0x00}},
  {38935,8,{0x2E,0xF4,0xAE,0xFA,0xDE,0xA0,0xDA,0x00}},
  {38936,8,{0x5E,0xA4,0xEE,0x0A,0xEE,0x60,0x52,0x00}},
  {38938,8,{0xFE,0x54,0x2E,0xDA,0x6E,0x30,0xCA,0x00}},
  {38945,8,{0x2E,0xF4,0x2E,0x7A,0x0E,0x60,0x6A,0x00}},
  {38948,8,{0xFE,0xA4,0xF6,0xD6,0xF6,0xA0,0xFA,0x00}},
  {38956,8,{0x2E,0xF4,0x2E,0xBA,0xFE,0x20,0xDA,0x00}},
  {38957,8,{0xEE,0x04,0xEE,0xAA,0x4E,0xE0,0x12,0x00}},
  {38964,8,{0x8E,0xE4,0x8E,0x6A,0xFE,0x20,0xAA,0x00}},
  {38967,8,{0x2E,0x54,0xEE,0x2A,0x7E,0x50,0x7A,0x00}},
  {38968,8,{0xFE,0x54,0xAE,0x5A,0xFE,0x20,0xFA,0x00}},
  {38971,8,{0x2E,0xB4,0xAE,0xFA,0xBE,0x20,0xCA,0x00}},
  {38972,8,{0x2E,0xF4,0x7E,0x7A,0x2E,0x70,0xAA,0x00}},
  {38973,8,{0x6E,0xF4,0x7E,0xAA,0x7E,0x50,0x9A,0x00}},
  {38982,8,{0xFE,0xB4,0xFE,0x2A,0xFE,0x70,0xAA,0x00}},
  {38987,8,{0xFE,0xB4,0xFE,0xFA,0x0E,0xD0,0xBA,0x00}},
  {38988,8,{0x6E,0x64,0xFE,0x2E,0x70,0x6A,0x9E,0x00}},
  {38989,8,{0x2E,0xF4,0xBE,0x5A,0x2E,0xD0,0x7A,0x00}},
  {38990,8,{0xDE,0xD4,0x6E,0xFA,0x4E,0x20,0x6A,0x00}},
  {38991,8,{0x2E,0xF4,0x6E,0xFA,0xAE,0x90,0xAA,0x00}},
  {38996,8,{0x2E,0xF4,0x5E,0xFA,0xAE,0x90,0xAA,0x00}},
  {38997,8,{0xFE,0x94,0x6E,0xFA,0x6E,0x70,0xCA,0x00}},
  {39000,8,{0xFE,0xA4,0xFE,0xFA,0xAE,0xF0,0xAA,0x00}},
  {39003,8,{0x2E,0xF4,0x6E,0x6A,0xFE,0x00,0x92,0x00}},
  {39006,8,{0xAE,0x74,0xAE,0x2A,0xFE,0x20,0xDA,0x00}},
  {39015,8,{0xFE,0x54,0x76,0x66,0xF6,0x60,0x7A,0x00}},
  {39019,8,{0x2E,0xF4,0xDE,0xFA,0x6E,0x70,0xEA,0x00}},
  {39023,8,{0xFE,0xF4,0x5E,0xAA,0x5E,0xF0,0xAA,0x00}},
  {39024,8,{0x2E,0xB6,0xF0,0x6A,0x38,0xFE,0x10,0x00}},
  {39025,8,{0x2E,0x34,0xEE,0xBA,0x8E,0xB0,0xFA,0x00}},
  {39027,8,{0xFE,0x64,0xFE,0x2A,0xFE,0xF0,0x5A,0x00}},
  {39028,8,{0x5E,0xF4,0xDE,0x5A,0x7E,0xD0,0x7A,0x00}},
  {39080,8,{0x7C,0x54,0x7C,0x7C,0x54,0x5C,0xB6,0x00}},
  {39082,8,{0xFE,0x18,0x7C,0x4C,0x74,0x5C,0xBA,0x00}},
  {39087,8,{0x7E,0xEA,0xBE,0xBE,0x6A,0xEE,0x3A,0x00}},
  {39089,8,{0xF4,0xB8,0xFE,0xF6,0xB6,0xB0,0xDE,0x00}},
  {39094,8,{0xF6,0xB6,0xFE,0xF0,0xBA,0xB0,0xDE,0x00}},
  {39107,8,{0xFE,0xB6,0xF6,0xF0,0xBE,0xB4,0xDE,0x00}},
  {39108,8,{0xFE,0x76,0x7E,0x1E,0xF6,0x36,0xAA,0x00}},
  {39110,8,{0x5E,0xF6,0x5E,0xBE,0xF6,0x76,0xAA,0x00}},
  {39131,8,{0xFC,0x54,0xD2,0x7C,0xD6,0x54,0x92,0x00}},
  {39132,8,{0xFC,0x6C,0xFA,0x6C,0xBE,0x7C,0x6A,0x00}},
  {39135,8,{0x10,0x28,0xD6,0x30,0x34,0x28,0x76,0x00}},
  {39138,8,{0x5C,0xB4,0x54,0xD4,0xD4,0x94,0xE6,0x00}},
  {39145,8,{0x48,0xBE,0xE8,0xEA,0x9E,0xE8,0x8E,0x00}},
  {39147,8,{0x44,0xB8,0xC8,0xFE,0x88,0xC8,0xB6,0x00}},
  {39149,8,{0x48,0xAE,0xF0,0xE8,0x9E,0xEA,0x96,0x00}},
  {39150,8,{0x48,0xAE,0xF6,0xE4,0x84,0xE4,0x9A,0x00}},
  {39151,8,{0x5E,0xB0,0x5E,0xDA,0xDA,0x94,0xEA,0x00}},
  {39154,8,{0x48,0xAE,0x56,0xE4,0xE4,0x84,0xEA,0x00}},
  {39156,8,{0x44,0xA4,0x4A,0xFE,0xE0,0x8E,0xEE,0x00}},
  {39164,8,{0x5E,0xA2,0x5A,0xC2,0xDA,0x9A,0xE6,0x00}},
  {39165,8,{0x48,0xAE,0x56,0xE2,0xEE,0x88,0xEE,0x00}},
  {39166,8,{0x48,0xAE,0x54,0xC4,0xDE,0x96,0xE4,0x00}},
  {39171,8,{0x48,0xBE,0xD4,0xE2,0x94,0xC8,0xB6,0x00}},
  {39173,8,{0x54,0xA0,0x7E,0xD4,0xFE,0x94,0xE4,0x00}},
  {39177,8,{0x48,0xBE,0xD2,0xDE,0x9A,0xDE,0x92,0x00}},
  {39178,8,{0x44,0xFE,0x10,0xFE,0x7A,0xB4,0x3A,0x00}},
  {39180,8,{0x5E,0xAA,0x4E,0xEE,0xEA,0x9E,0xE2,0x00}},
  {39184,8,{0x2E,0x3A,0xD4,0x3A,0xF6,0x28,0x76,0x00}},
  {39186,8,{0x5C,0xAA,0xC0,0xC8,0xBE,0xD4,0xBA,0x00}},
  {39187,8,{0x4E,0xB4,0x3E,0xD4,0xD6,0xBC,0xD2,0x00}},
  {39188,8,{0x4A,0xBE,0xC8,0xDE,0x9A,0xDE,0x9A,0x00}},
  {39192,8,{0x44,0xAA,0xFE,0xE4,0x9E,0xE4,0x96,0x00}},
  {39197,8,{0x54,0xBE,0xC8,0xFE,0x90,0xDE,0xA2,0x00}},
  {39198,8,{0x4A,0xBE,0xE4,0xEA,0x9E,0xE4,0x9A,0x00}},
  {39200,8,{0x54,0xA8,0xFE,0xD4,0xBE,0xD4,0xA4,0x00}},
  {39201,8,{0x4E,0xB2,0xC4,0xD6,0x92,0xD6,0x9E,0x00}},
  {39204,8,{0x56,0xA4,0xFA,0xE4,0x96,0xE4,0x9A,0x00}},
  {39208,8,{0x44,0xBE,0x52,0xEC,0xEE,0x8A,0xEE,0x00}},
  {39212,8,{0x56,0xBE,0xD6,0xFE,0xAE,0xFE,0x8A,0x00}},
  {39214,8,{0xF4,0x6A,0xD4,0x38,0xF6,0x28,0x76,0x00}},
  {39229,8,{0x48,0xBE,0xEA,0xFE,0xAA,0xDC,0xAE,0x00}},
  {39230,8,{0x4E,0xB6,0xE6,0xFA,0x9C,0xDC,0x9C,0x00}},
  {39234,8,{0x5E,0xB6,0xFA,0xFE,0x80,0xEC,0x9E,0x00}},
  {39237,8,{0x5C,0xB4,0xFE,0xFE,0x94,0xC8,0xB6,0x00}},
  {39241,8,{0x54,0xBE,0xD4,0xFE,0xBE,0xC8,0xBE,0x00}},
  {39243,8,{0x48,0xBE,0xEA,0xFE,0x9C,0xDC,0xA2,0x00}},
  {39244,8,{0x76,0xB6,0xE4,0xF6,0x9C,0xC0,0xA2,0x00}},
  {39248,8,{0x44,0xBE,0xE4,0xFE,0x92,0xEC,0x9E,0x00}},
  {39249,8,{0x52,0xA4,0xD2,0xFC,0x96,0xD4,0xAA,0x00}},
  {39250,8,{0x48,0xBC,0xFE,0xF6,0xBE,0xD4,0xA6,0x00}},
  {39253,8,{0x66,0x6C,0xEE,0x3C,0xF6,0x28,0x76,0x00}},
  {39255,8,{0x76,0xB6,0x64,0xB8,0xF6,0x38,0x76,0x00}},
  {39318,8,{0x44,0xFE,0x10,0x7C,0x7C,0x44,0x7C,0x00}},
  {39319,8,{0x4A,0xFE,0x64,0x6A,0x6E,0x6A,0xBE,0x00}},
  {39320,8,{0xA4,0xFE,0x44,0xB4,0xF6,0xA4,0xFA,0x00}},
  {39321,8,{0x0C,0x70,0xFE,0x38,0xD6,0x7C,0x7C,0x00}},
  {39333,8,{0x78,0x2E,0xFC,0x76,0xAA,0x74,0x7A,0x00}},
  {39336,8,{0x2E,0xFA,0x64,0x9A,0x38,0xEE,0x38,0x00}},
  {39340,8,{0x7E,0x50,0x7C,0x50,0x7E,0x02,0xAA,0x00}},
  {39341,8,{0xEE,0xC2,0xEA,0xCA,0xE4,0x24,0xBA,0x00}},
  {39342,8,{0xBE,0x28,0x3C,0x28,0xBE,0x82,0xAA,0x00}},
  {39347,8,{0xE4,0xD4,0xFE,0xD6,0xF4,0x32,0xBE,0x00}},
  {39348,8,{0xF2,0xDA,0xFA,0xDA,0xFA,0x32,0xA2,0x00}},
  {39356,8,{0xE4,0xDE,0xEA,0xCA,0xE4,0x24,0xBA,0x00}},
  {39361,8,{0xEA,0xC4,0xEA,0xC0,0xEA,0x24,0xBA,0x00}},
  {39364,8,{0xE8,0xDE,0xE8,0xD4,0xF4,0x22,0xAA,0x00}},
  {39365,8,{0xEE,0xCA,0xEA,0xCC,0xEC,0x2A,0xB2,0x00}},
  {39366,8,{0xEE,0xC8,0xEA,0xCC,0xEA,0x28,0xAE,0x00}},
  {39368,8,{0xE4,0xD8,0xF0,0xDE,0xF4,0x34,0xBE,0x00}},
  {39376,8,{0xE8,0xC4,0xEE,0xC4,0xEE,0x24,0xAE,0x00}},
  {39377,8,{0x2E,0xFA,0x54,0x6A,0xBE,0x02,0xAA,0x00}},
  {39378,8,{0xE8,0xCE,0xF2,0xCE,0xEE,0x22,0xA6,0x00}},
  {39381,8,{0x40,0xFE,0x5A,0xAE,0x3E,0x02,0xAA,0x00}},
  {39384,8,{0xE4,0xC4,0xEA,0xDE,0xE0,0x2E,0xAE,0x00}},
  {39387,8,{0xE4,0xDE,0xF6,0xDE,0xEC,0x24,0xBA,0x00}},
  {39389,8,{0xE4,0xDE,0xF2,0xC8,0xEE,0x28,0xAE,0x00}},
  {39391,8,{0xFE,0xD6,0xF6,0xD6,0xFA,0x32,0xBE,0x00}},
  {39394,8,{0xEA,0xC0,0xFE,0xCA,0xFE,0x2A,0xB2,0x00}},
  {39405,8,{0xE4,0xDE,0xE8,0xD4,0xEA,0x24,0xBA,0x00}},
  {39406,8,{0xE4,0xDE,0xEA,0xD0,0xEA,0x24,0xBA,0x00}},
  {39409,8,{0xE6,0xCA,0xE4,0xCA,0xF0,0x2E,0xAE,0x00}},
  {39410,8,{0xEA,0xCA,0xFE,0xDE,0xEA,0x2A,0xB2,0x00}},
  {39416,8,{0xEC,0xC6,0xEC,0xDE,0xFA,0x24,0xBA,0x00}},
  {39419,8,{0xEE,0xCA,0xEE,0xDE,0xE4,0x3E,0xA4,0x00}},
  {39423,8,{0xEA,0xDE,0xEA,0xD2,0xEC,0x34,0xAA,0x00}},
  {39425,8,{0xE4,0xCE,0xEE,0xDE,0xEC,0x22,0xA6,0x00}},
  {39429,8,{0xF4,0xDE,0xF4,0xDE,0xF4,0x34,0xBE,0x00}},
  {39438,8,{0xE4,0xDE,0xE4,0xCA,0xFE,0x22,0xAA,0x00}},
  {39439,8,{0xEA,0xDE,0xEA,0xCE,0xFE,0x20,0xB2,0x00}},
  {39442,8,{0xFE,0xCA,0xE4,0xDE,0xEE,0x24,0xBE,0x00}},
  {39443,8,{0xE8,0xD4,0xFE,0xEA,0xFE,0x28,0xB6,0x00}},
  {39449,8,{0xFE,0xCA,0xEE,0xC8,0xEE,0x3E,0xAA,0x00}},
  {39464,8,{0xEA,0xC4,0xFE,0xDE,0xE4,0x3E,0xA4,0x00}},
  {39467,8,{0x10,0xFE,0xAA,0x7C,0xBE,0x02,0xAA,0x00}},
  {39472,8,{0xF6,0xA4,0xFE,0xAC,0xEE,0xA2,0xB6,0x00}},
  {39479,8,{0xEE,0xCA,0xE4,0xDA,0xEE,0x2C,0xBE,0x00}},
  {39486,8,{0xFE,0xEA,0xFE,0xD0,0xFE,0x28,0xAA,0x00}},
  {39488,8,{0x28,0xFE,0x7C,0xAA,0x3E,0x02,0xAA,0x00}},
  {39490,8,{0xD4,0xFA,0xD4,0xFE,0xEA,0x24,0xB8,0x00}},
  {39491,8,{0xFE,0xCC,0xEC,0xC0,0xFE,0x28,0xAA,0x00}},
  {39493,8,{0xFE,0xDC,0xFC,0xD0,0xF6,0x36,0xBE,0x00}},
  {39501,8,{0xE4,0xCE,0xFE,0xDA,0xFE,0x2C,0xB6,0x00}},
  {39509,8,{0xDC,0xFE,0xD4,0xEA,0xFE,0x22,0xAA,0x00}},
  {39511,8,{0xE8,0xD4,0xFE,0xEA,0xFE,0x34,0xAA,0x00}},
  {39514,8,{0x56,0xFA,0x74,0xBA,0x3E,0x02,0xAA,0x00}},
  {39515,8,{0xFE,0xDE,0xE4,0xDE,0xEA,0x3E,0xA4,0x00}},
  {39519,8,{0xFE,0xDA,0xEC,0xDA,0xE8,0x3C,0xAA,0x00}},
  {39522,8,{0xE4,0xC6,0xFC,0xD6,0xF0,0x2C,0xBE,0x00}},
  {39524,8,{0xE8,0xFE,0xF6,0xDC,0xFE,0x34,0xBA,0x00}},
  {39525,8,{0xEC,0xDE,0xEC,0xDE,0xFE,0x2C,0xB2,0x00}},
  {39529,8,{0xF4,0xFE,0xF6,0xD4,0xFE,0x34,0xBE,0x00}},
  {39530,8,{0xF6,0xEA,0xFE,0xEC,0xFE,0x24,0xB6,0x00}},
  {39531,8,{0x7C,0x50,0x7E,0xAA,0x7C,0x7E,0xDA,0x00}},
  {39592,8,{0x7C,0x4C,0xFE,0xC6,0x7C,0x44,0x4C,0x00}},
  {39597,8,{0x7E,0x54,0xF4,0x9E,0x74,0x74,0x54,0x00}},
  {39600,8,{0x7E,0x5A,0xF0,0x9E,0x7A,0x74,0x5A,0x00}},
  {39608,8,{0x74,0x5E,0xF8,0x94,0x7A,0x74,0x5A,0x00}},
  {39612,8,{0x76,0x5A,0xF4,0x9A,0x70,0x76,0x56,0x00}},
  {39616,8,{0x68,0x7E,0xFA,0xBE,0x6C,0x7E,0x64,0x00}},
  {39620,8,{0x74,0x6E,0xE4,0xB8,0x76,0x76,0x5E,0x00}},
  {39631,8,{0x68,0x7C,0xF6,0xBC,0x7E,0x74,0x7A,0x00}},
  {39633,8,{0x7E,0x76,0xEE,0xB2,0x6E,0x6E,0x7A,0x00}},
  {39635,8,{0x74,0x6E,0xF4,0xAE,0x66,0x76,0x7E,0x00}},
  {39636,8,{0x6A,0x7E,0xFE,0xBE,0x72,0x6C,0x7E,0x00}},
  {39640,8,{0x10,0xFE,0x28,0x38,0xFE,0xAA,0xBA,0x00}},
  {39646,8,{0x5C,0xF4,0x7E,0x6A,0xFE,0xFC,0xAA,0x00}},
  {39647,8,{0x72,0x44,0x72,0x44,0xF8,0x52,0xEC,0x00}},
  {39650,8,{0x72,0x44,0xF2,0x74,0x3E,0xEC,0x3E,0x00}},
  {39651,8,{0x72,0x44,0xF2,0x74,0xFE,0x1C,0x64,0x00}},
  {39654,8,{0x72,0x44,0xF2,0x74,0x3E,0xF0,0x1E,0x00}},
  {39658,8,{0x72,0x44,0xF2,0x7E,0x1C,0x28,0xD6,0x00}},
  {39659,8,{0x72,0x44,0xF2,0x7E,0x22,0xDC,0x1C,0x00}},
  {39661,8,{0x72,0x44,0xF2,0x64,0x36,0xA4,0xF6,0x00}},
  {39662,8,{0x72,0x44,0xF2,0x7E,0x14,0x28,0xD6,0x00}},
  {39663,8,{0x72,0x44,0xF2,0x7C,0x54,0xFE,0x44,0x00}},
  {39665,8,{0x72,0x44,0xF2,0x3E,0xC2,0x38,0x3E,0x00}},
  {39668,8,{0x72,0x44,0xFA,0x7C,0x68,0x3E,0xCA,0x00}},
  {39671,8,{0x72,0x44,0xF2,0x24,0xFE,0xAA,0xFE,0x00}},
  {39675,8,{0x72,0x44,0xF2,0x7C,0x10,0x7C,0x7C,0x00}},
  {39686,8,{0x72,0x44,0xF0,0x7A,0xF4,0x7A,0xAE,0x00}},
  {39704,8,{0x72,0x44,0xFA,0x7C,0x6C,0x10,0xEE,0x00}},
  {39706,8,{0x72,0x44,0xF2,0x5E,0x8C,0x4C,0x92,0x00}},
  {39711,8,{0x72,0x44,0xF2,0x3C,0xFE,0x68,0xB6,0x00}},
  {39714,8,{0x72,0x44,0xFE,0xBA,0x7C,0x3C,0xC6,0x00}},
  {39715,8,{0x72,0x44,0xF2,0x7C,0x7C,0x54,0xEA,0x00}},
  {39717,8,{0xEE,0xC6,0xEE,0x82,0x82,0x82,0x86,0x00}},
  {39719,8,{0xEE,0xC6,0x92,0xFE,0xBE,0xB6,0x92,0x00}},
  {39720,8,{0xEE,0xC6,0xAA,0xFE,0xAA,0xFE,0xC6,0x00}},
  {39721,8,{0xEE,0xC6,0x92,0xA6,0xBE,0x9A,0xAE,0x00}},
  {39722,8,{0xEE,0xC6,0x82,0xF6,0xDE,0xA6,0xF6,0x00}},
  {39726,8,{0xEE,0xC6,0x9A,0xEA,0xBA,0xBA,0x9E,0x00}},
  {39727,8,{0xD6,0xAA,0xD6,0xFE,0x78,0x42,0x3E,0x00}},
  {39729,8,{0x54,0xEE,0x7C,0xFA,0xF4,0x42,0x74,0x00}},
  {39730,8,{0xFE,0x44,0x7C,0xFE,0xAA,0xDE,0x92,0x00}},
  {39739,8,{0xD6,0x7A,0xD6,0xFE,0x44,0xFE,0x92,0x00}},
  {39740,8,{0x10,0x7C,0x54,0x7C,0x7A,0x2C,0xCE,0x00}},
  {39745,8,{0x54,0xE4,0xF4,0xE6,0x7C,0x64,0xBE,0x00}},
  {39746,8,{0xE8,0x1E,0xFA,0x5E,0xBE,0xEC,0x16,0x00}},
  {39747,8,{0x4A,0xFE,0xE8,0xEA,0x74,0x6A,0xBE,0x00}},
  {39748,8,{0x48,0xFE,0xBA,0xFE,0xBE,0xEC,0x16,0x00}},
  {39749,8,{0x48,0xFC,0xE8,0xFE,0x5C,0x6A,0xBE,0x00}},
  {39757,8,{0x5E,0xFA,0xF6,0xFA,0x7E,0x72,0xBE,0x00}},
  {39758,8,{0x5E,0xE4,0xFE,0xF6,0x76,0x7A,0xBE,0x00}},
  {39759,8,{0x68,0xFE,0x7A,0xAE,0xFE,0x6C,0xD6,0x00}},
  {39761,8,{0x44,0xFE,0xEC,0xEC,0x7E,0x76,0xBE,0x00}},
  {39764,8,{0x08,0x7E,0x54,0x7E,0x5C,0x5C,0xA6,0x00}},
  {39768,8,{0x7E,0x6E,0x74,0x7A,0xAC,0x3C,0xCE,0x00}},
  {39770,8,{0x38,0xC8,0x7C,0x54,0x7C,0x00,0xAA,0x00}},
  {39791,8,{0x38,0xC8,0x7C,0x7C,0xAA,0x7C,0x7C,0x00}},
  {39796,8,{0x64,0xBE,0x68,0x6E,0x6A,0x0A,0xB6,0x00}},
  {39811,8,{0x7E,0xAC,0x76,0x64,0x7E,0x04,0xA4,0x00}},
  {39822,8,{0x68,0xA8,0x6E,0x68,0x7E,0x12,0xBE,0x00}},
  {39825,8,{0x68,0xAE,0x72,0x6E,0x6E,0x08,0xAE,0x00}},
  {39826,8,{0x6A,0xB6,0x72,0x7A,0x72,0x12,0xB6,0x00}},
  {39827,8,{0x68,0xAE,0x78,0x6E,0x68,0x0E,0xA8,0x00}},
  {39830,8,{0x7E,0xA8,0x68,0x6E,0x7A,0x0A,0xAE,0x00}},
  {39831,8,{0x66,0xAA,0x64,0x7A,0x64,0x00,0xA6,0x00}},
  {39839,8,{0x68,0xBE,0x6A,0x7E,0x74,0x0C,0xB2,0x00}},
  {39840,8,{0x6C,0xB4,0x7E,0x7E,0x7A,0x18,0xAE,0x00}},
  {39848,8,{0x6A,0xAC,0x6A,0x6E,0x60,0x0E,0xAE,0x00}},
  {39850,8,{0x68,0xBE,0x68,0x6E,0x7A,0x0E,0xAA,0x00}},
  {39851,8,{0x64,0xBE,0x6A,0x70,0x6A,0x04,0xBA,0x00}},
  {39853,8,{0x64,0xAE,0x64,0x7E,0x6E,0x04,0xAE,0x00}},
  {39854,8,{0x6A,0xBE,0x64,0x6E,0x64,0x1E,0xA4,0x00}},
  {39860,8,{0x74,0xBE,0x74,0x7E,0x7E,0x14,0xB4,0x00}},
  {39865,8,{0xD4,0x6A,0xD4,0xDC,0xD4,0x1C,0xB4,0x00}},
  {39872,8,{0x7E,0xA8,0x70,0x6A,0x7E,0x08,0xAA,0x00}},
  {39878,8,{0x6A,0xBE,0x68,0x7E,0x7A,0x1E,0xBA,0x00}},
  {39881,8,{0x7E,0xAA,0x7E,0x6A,0x7E,0x08,0xBE,0x00}},
  {39882,8,{0x88,0x2A,0x8C,0x30,0xFC,0x7C,0xAA,0x00}},
  {39887,8,{0x7A,0xAE,0x7E,0x6E,0x7A,0x1A,0xAA,0x00}},
  {39889,8,{0x74,0xA8,0x74,0x7E,0x68,0x1E,0xAA,0x00}},
  {39890,8,{0x6E,0xA4,0x7E,0x76,0x7E,0x16,0xB6,0x00}},
  {39892,8,{0x6A,0xB4,0x6A,0x7E,0x7E,0x16,0xBE,0x00}},
  {39894,8,{0x64,0xAE,0x64,0x7E,0x6A,0x0E,0xAA,0x00}},
  {39899,8,{0xFE,0x6A,0xFE,0xEA,0xF6,0x3E,0xA2,0x00}},
  {39905,8,{0xD4,0x76,0xD4,0xF6,0xD4,0x36,0xA4,0x00}},
  {39906,8,{0x68,0xB6,0x7A,0x72,0x7E,0x0C,0xB6,0x00}},
  {39907,8,{0x7E,0xB2,0x7E,0x68,0x6E,0x16,0xAA,0x00}},
  {39908,8,{0x7E,0xA2,0x7E,0x64,0x76,0x24,0xB6,0x00}},
  {39912,8,{0x64,0xBE,0x6A,0x6E,0x64,0x16,0xAC,0x00}},
  {39920,8,{0x68,0xB4,0x6E,0x7C,0x64,0x12,0xAE,0x00}},
  {39921,8,{0x64,0xA6,0x7C,0x76,0x70,0x1C,0xB6,0x00}},
  {39922,8,{0xD4,0x7A,0xD0,0xDC,0xEA,0x0C,0xBA,0x00}},
  {39925,8,{0x64,0xAA,0x7C,0x6A,0x74,0x02,0xAC,0x00}},
  {39940,8,{0x64,0xBE,0x7C,0x74,0x6E,0x34,0xAA,0x00}},
  {39942,8,{0x68,0xBE,0x6C,0x7E,0x74,0x0E,0xAC,0x00}},
  {39944,8,{0x6A,0xBE,0x6E,0x60,0x7E,0x1C,0xAA,0x00}},
  {39945,8,{0x64,0xAE,0x6A,0x6E,0x7E,0x04,0xAE,0x00}},
  {39946,8,{0x68,0xBE,0x7E,0x7E,0x68,0x1C,0xAA,0x00}},
  {39948,8,{0x6C,0xB2,0x7E,0x6C,0x7E,0x1E,0xBE,0x00}},
  {39949,8,{0xF4,0x54,0xFE,0xDC,0xF4,0x34,0x9A,0x00}},
  {39952,8,{0x7A,0xBA,0x6C,0x7E,0x6C,0x02,0xA6,0x00}},
  {39954,8,{0x70,0xBE,0x6C,0x6C,0x74,0x08,0xB6,0x00}},
  {39955,8,{0x7E,0xAA,0x7E,0x7E,0x60,0x12,0xAE,0x00}},
  {39956,8,{0x64,0xBE,0x64,0x7C,0x66,0x3C,0xBA,0x00}},
  {39957,8,{0x76,0xB2,0x66,0x7E,0x6A,0x34,0xAA,0x00}},
  {39963,8,{0x7E,0xB2,0x7E,0x60,0x6C,0x0C,0xBE,0x00}},
  {39969,8,{0x68,0xB6,0x76,0x7A,0x60,0x0C,0xAC,0x00}},
  {39972,8,{0x6E,0xB4,0x7E,0x6E,0x7E,0x34,0xA4,0x00}},
  {39973,8,{0x7E,0xBE,0x68,0x74,0x6A,0x1C,0xAA,0x00}},
  {39981,8,{0x6A,0xBC,0x6E,0x74,0x66,0x0E,0xAE,0x00}},
  {39982,8,{0x7E,0xB6,0x7A,0x7E,0x60,0x0C,0xBE,0x00}},
  {39983,8,{0xF6,0x52,0xF6,0xE4,0xF6,0x1A,0xB6,0x00}},
  {39984,8,{0xF4,0x4E,0xFA,0xDE,0xFA,0x3E,0x94,0x00}},
  {39986,8,{0x26,0x6A,0xF4,0x6A,0xFC,0x7C,0xAA,0x00}},
  {39993,8,{0xFE,0x7A,0xF4,0xCA,0xDC,0x08,0xBE,0x00}},
  {39994,8,{0xD4,0x7A,0xD4,0xFE,0xEA,0x04,0xB8,0x00}},
  {39995,8,{0xDC,0x54,0xFE,0xFE,0xD4,0x08,0xB6,0x00}},
  {39998,8,{0x7E,0xAC,0x6C,0x60,0x7E,0x08,0xAA,0x00}},
  {40006,8,{0x64,0xBE,0x6A,0x7E,0x6C,0x1E,0xA4,0x00}},
  {40007,8,{0x68,0xBE,0x6E,0x6C,0x7A,0x2C,0x9A,0x00}},
  {40008,8,{0x6C,0xBE,0x76,0x60,0x6E,0x02,0xAE,0x00}},
  {40018,8,{0x6A,0xBE,0x7A,0x72,0x7E,0x0A,0xA6,0x00}},
  {40023,8,{0xEA,0x5C,0xEA,0xC0,0xF4,0x1E,0xA4,0x00}},
  {40026,8,{0xC8,0x7E,0xDC,0xD4,0xFE,0x14,0xBC,0x00}},
  {40032,8,{0x68,0xB4,0x7E,0x6A,0x7E,0x14,0xBC,0x00}},
  {40039,8,{0x6A,0xBE,0x7E,0x7E,0x72,0x0C,0xBE,0x00}},
  {40054,8,{0xD4,0x7E,0xC8,0xFE,0xDC,0x3A,0x94,0x00}},
  {40056,8,{0x64,0xA6,0x7C,0x76,0x70,0x0C,0xBE,0x00}},
  {40165,8,{0x10,0x7C,0x7C,0x40,0x7E,0x02,0xAA,0x00}},
  {40167,8,{0x10,0x78,0x78,0x7E,0xAA,0x3C,0xC6,0x00}},
  {40169,8,{0x44,0xEE,0x6E,0x68,0x6E,0xB2,0x0A,0x00}},
  {40171,8,{0x7E,0x48,0x5C,0x5C,0x5E,0x42,0xAA,0x00}},
  {40172,8,{0x10,0x78,0x7E,0x02,0x38,0x2A,0xCE,0x00}},
  {40176,8,{0xC8,0x5C,0x5C,0x50,0xBE,0x82,0x16,0x00}},
  {40179,8,{0x7C,0x54,0x74,0x74,0x7C,0x4C,0xAE,0x00}},
  {40180,8,{0x08,0xDC,0xDC,0xD0,0xDE,0x02,0x2A,0x00}},
  {40182,8,{0x0A,0xFE,0x14,0x7A,0x7E,0x02,0xAA,0x00}},
  {40195,8,{0x44,0xEE,0xE6,0x9E,0xE4,0x24,0xBA,0x00}},
  {40198,8,{0x44,0xFE,0xDE,0x48,0x6E,0x62,0xB6,0x00}},
  {40199,8,{0x88,0xDC,0x9C,0xF0,0x5E,0xE2,0x56,0x00}},
  {40200,8,{0x7E,0x54,0x6C,0x6C,0x6E,0x62,0xAA,0x00}},
  {40201,8,{0xF4,0xAE,0xAE,0xF8,0x6E,0xA2,0x6A,0x00}},
  {40206,8,{0xE4,0x8E,0xDE,0xA8,0xDE,0x82,0xEA,0x00}},
  {40210,8,{0x44,0xAE,0xEE,0x08,0xEE,0x62,0x4A,0x00}},
  {40213,8,{0x44,0xDE,0xD2,0x88,0xEE,0x28,0xAE,0x00}},
  {40219,8,{0x7E,0xDA,0x28,0xFE,0x3E,0x02,0xAA,0x00}},
  {40223,8,{0x14,0xEE,0xAE,0xF8,0xAE,0x92,0xEA,0x00}},
  {40227,8,{0x44,0xEE,0x4E,0xE8,0xAE,0xE2,0x16,0x00}},
  {40230,8,{0x10,0x7C,0xFE,0x74,0xBE,0x02,0xAA,0x00}},
  {40232,8,{0xE8,0xFC,0xFC,0xF0,0x5E,0x42,0x56,0x00}},
  {40234,8,{0x24,0xFE,0x8E,0x58,0x5E,0x52,0x8A,0x00}},
  {40235,8,{0x04,0xEE,0xEE,0xE8,0xEE,0xE2,0x16,0x00}},
  {40236,8,{0x54,0xFE,0x92,0x38,0x3E,0x02,0xAA,0x00}},
  {40251,8,{0x84,0x7E,0xAE,0x28,0xBE,0xE2,0x96,0x00}},
  {40254,8,{0x44,0x9E,0xFE,0x78,0xAE,0xF2,0x2A,0x00}},
  {40255,8,{0x44,0xAE,0xEE,0x08,0xEE,0xA2,0xEA,0x00}},
  {40257,8,{0x24,0xFE,0x5E,0x88,0x5E,0x22,0xD6,0x00}},
  {40260,8,{0xF4,0x2E,0x5E,0xF8,0x6E,0x32,0xCA,0x00}},
  {40262,8,{0x56,0xB0,0x76,0xE2,0x7A,0x4A,0x6A,0x00}},
  {40264,8,{0xF4,0x5E,0x7E,0x78,0x5E,0xF2,0x1A,0x00}},
  {40272,8,{0xF4,0x2E,0x7E,0x78,0xAE,0x32,0xCA,0x00}},
  {40273,8,{0x64,0x6E,0x0E,0xF8,0x9E,0xF2,0x9A,0x00}},
  {40281,8,{0xE4,0xAE,0xEE,0xA8,0xEE,0x02,0xAA,0x00}},
  {40284,8,{0x54,0xFE,0x2E,0xF8,0xAE,0x72,0xAA,0x00}},
  {40285,8,{0x34,0xDE,0xFE,0x58,0x5E,0xF2,0x5A,0x00}},
  {40286,8,{0x6A,0xFE,0x64,0xFA,0x3E,0x02,0xAA,0x00}},
  {40288,8,{0x64,0x7E,0xAE,0xF8,0x0E,0x62,0x6A,0x00}},
  {40289,8,{0xD4,0x2E,0xFE,0x28,0xAE,0xE2,0xDA,0x00}},
  {40292,8,{0x64,0xAE,0x7E,0x78,0x7E,0x52,0xBA,0x00}},
  {40300,8,{0xF4,0xBE,0xFE,0xB8,0xFE,0xB2,0xBA,0x00}},
  {40303,8,{0x44,0xFE,0xDE,0xF8,0x6E,0xF2,0x2A,0x00}},
  {40306,8,{0x54,0xFE,0x5E,0xF8,0x0E,0x62,0x6A,0x00}},
  {40314,8,{0x24,0xFE,0x4E,0x78,0xDE,0x62,0x56,0x00}},
  {40327,8,{0x24,0xFE,0x6E,0x78,0x2E,0x72,0xAA,0x00}},
  {40329,8,{0x24,0xFE,0x5E,0x78,0x3E,0xE2,0x2A,0x00}},
  {40335,8,{0xE4,0x0E,0xAE,0x48,0xEE,0x42,0xAA,0x00}},
  {40346,8,{0xD4,0xDE,0x6E,0xF8,0x4E,0x22,0x6A,0x00}},
  {40356,8,{0xF4,0xBE,0xFE,0x68,0x6E,0xF2,0x2A,0x00}},
  {40361,8,{0x76,0xEA,0x74,0xBA,0x3E,0x02,0xAA,0x00}},
  {40363,8,{0x24,0xFE,0x7E,0x78,0x2E,0x72,0xAA,0x00}},
  {40367,8,{0xAA,0x44,0xFE,0xBA,0x3E,0x02,0xAA,0x00}},
  {40370,8,{0x54,0x8E,0x46,0xFC,0xAE,0x7A,0xAA,0x00}},
  {40372,8,{0x24,0xFE,0xAE,0x78,0xEE,0x62,0x76,0x00}},
  {40376,8,{0xF4,0x5E,0xFE,0xA8,0xFE,0x52,0xFA,0x00}},
  {40378,8,{0xD4,0x2E,0xDE,0x78,0xDE,0x72,0x5A,0x00}},
  {40379,8,{0x74,0x5E,0xFE,0x88,0x7E,0x72,0x5A,0x00}},
  {40385,8,{0x64,0x9E,0x6E,0x68,0x9E,0x62,0xF6,0x00}},
  {40386,8,{0x64,0xAE,0x4E,0xF8,0x2E,0xB2,0xFA,0x00}},
  {40388,8,{0x74,0xAE,0x4E,0x28,0xFE,0x22,0xD6,0x00}},
  {40390,8,{0x44,0x7E,0x6E,0xE8,0xFE,0x02,0x96,0x00}},
  {40399,8,{0x24,0xFE,0x6E,0x68,0xFE,0x02,0x96,0x00}},
  {40403,8,{0x24,0xFE,0xAE,0xF8,0xBE,0x82,0xDA,0x00}},
  {40409,8,{0x28,0x7C,0xEC,0x76,0x3E,0x02,0xAA,0x00}},
  {40422,8,{0x54,0x7E,0xEE,0x68,0x7E,0x02,0xAA,0x00}},
  {40429,8,{0xF4,0x5E,0xFE,0x78,0xAE,0x72,0x7A,0x00}},
  {40431,8,{0x24,0xFE,0x5E,0xF8,0x5E,0x22,0xAA,0x00}},
  {40434,8,{0x24,0xFE,0x54,0x7A,0xBE,0x02,0xAA,0x00}},
  {40440,8,{0x74,0xFE,0x6E,0xA8,0xFE,0xD2,0xBA,0x00}},
  {40441,8,{0x08,0x7E,0x6C,0x6E,0x5E,0x42,0xAA,0x00}},
  {40442,8,{0xEC,0xB4,0x5E,0xEC,0x3E,0x02,0xAA,0x00}},
  {40445,8,{0x2C,0x54,0xFE,0xBA,0x3E,0x02,0xAA,0x00}},
  {40474,8,{0xDA,0xDE,0xAE,0x48,0xFE,0x52,0xEA,0x00}},
  {40475,8,{0x54,0xFE,0xDE,0x58,0x7E,0xD2,0x7A,0x00}},
  {40478,8,{0x54,0xB8,0x54,0xEE,0x7E,0x02,0xAA,0x00}},
  {40565,8,{0x10,0x1E,0x7C,0x56,0x6A,0x56,0x7E,0x00}},
  {40568,8,{0x48,0x74,0xDE,0xAA,0xBE,0xA8,0xF6,0x00}},
  {40569,8,{0x44,0x7E,0xD4,0xBC,0xB6,0xBC,0xFA,0x00}},
  {40573,8,{0xE8,0xCE,0xDE,0xEE,0x7C,0x54,0xFE,0x00}},
  {40575,8,{0x08,0x7E,0x54,0x7C,0x76,0x64,0xB6,0x00}},
  {40577,8,{0x38,0xC8,0x7E,0x54,0x7E,0x64,0xB6,0x00}},
  {40584,8,{0x08,0x7E,0x5C,0x64,0x76,0x5C,0xBE,0x00}},
  {40587,8,{0x08,0x7E,0x6C,0xBE,0x7C,0x38,0xD6,0x00}},
  {40588,8,{0x08,0x7E,0x6C,0xBE,0x58,0xFE,0x24,0x00}},
  {40593,8,{0x08,0x7E,0x6C,0xBE,0x44,0x7C,0xC6,0x00}},
  {40594,8,{0x4A,0xFE,0xAA,0xEE,0xDE,0xE0,0x92,0x00}},
  {40595,8,{0x44,0xEE,0x7E,0x54,0x7E,0x64,0xB6,0x00}},
  {40597,8,{0x08,0x7E,0x6C,0xBE,0x7C,0x74,0x7C,0x00}},
  {40599,8,{0xEE,0xAA,0x7E,0x54,0x7E,0x64,0xB6,0x00}},
  {40605,8,{0x08,0x7E,0x6C,0xBE,0x72,0x5A,0xB6,0x00}},
  {40607,8,{0x56,0xEC,0xB6,0xE0,0xDA,0xEE,0x92,0x00}},
  {40613,8,{0x10,0xFE,0x54,0xAA,0x5C,0x28,0xD6,0x00}},
  {40614,8,{0x10,0x7C,0x10,0xFE,0x28,0x50,0xAE,0x00}},
  {40617,8,{0x24,0xFE,0x64,0xBE,0x54,0xAA,0x5E,0x00}},
  {40618,8,{0x2E,0xF4,0x6E,0xBE,0x52,0xA6,0x5E,0x00}},
  {40621,8,{0x24,0xF6,0x6A,0xB6,0x56,0xA4,0x5E,0x00}},
  {40632,8,{0x44,0xEE,0x44,0x6E,0xA4,0x4A,0xBE,0x00}},
  {40633,8,{0x50,0xFE,0x56,0x6A,0xBE,0x4A,0xBE,0x00}},
  {40634,8,{0x5E,0xE8,0x5E,0x76,0xBE,0x56,0xBE,0x00}},
  {40635,8,{0x08,0x7E,0x54,0x7E,0x54,0x7E,0x94,0x00}},
  {40636,8,{0x08,0x7E,0x54,0x7E,0x68,0x54,0xBA,0x00}},
  {40638,8,{0x08,0x7E,0x54,0x7E,0x4C,0x78,0x8E,0x00}},
  {40639,8,{0x08,0x7E,0x54,0x7E,0x54,0x7E,0xBE,0x00}},
  {40644,8,{0x28,0xFE,0x28,0xFE,0x54,0x7C,0xC6,0x00}},
  {40652,8,{0x2C,0x54,0xFE,0xAA,0x7C,0x38,0xC6,0x00}},
  {40653,8,{0x38,0xFE,0x38,0xD6,0x28,0xFE,0x54,0x00}},
  {40654,8,{0x68,0xFE,0x6A,0xB6,0x28,0xFE,0x54,0x00}},
  {40655,8,{0x64,0xF4,0x66,0xB4,0xFE,0x7A,0xAE,0x00}},
  {40656,8,{0x64,0xFE,0x6C,0xBC,0xFE,0x7E,0xAA,0x00}},
  {40658,8,{0x7C,0x54,0x7C,0x10,0xFE,0x00,0xAA,0x00}},
  {40660,8,{0xE8,0xF4,0xEE,0x40,0xFE,0x04,0xA8,0x00}},
  {40664,8,{0xEA,0xE8,0xFE,0x48,0xE8,0x14,0xA2,0x00}},
  {40665,8,{0xEA,0xFE,0xE8,0x48,0xF6,0x00,0xAA,0x00}},
  {40667,8,{0x2A,0x5E,0xC4,0x7A,0x38,0xFE,0xAA,0x00}},
  {40668,8,{0xE4,0xF6,0xFE,0x44,0xF6,0x16,0xBE,0x00}},
  {40669,8,{0xD4,0xD6,0xEE,0x56,0xD6,0x2A,0xBA,0x00}},
  {40670,8,{0xE8,0xE8,0xEE,0x48,0xFE,0x12,0xBE,0x00}},
  {40672,8,{0xE4,0xFE,0xE4,0x4E,0xE0,0x0E,0xAE,0x00}},
  {40677,8,{0xE4,0xFE,0xEA,0x4E,0xE4,0x16,0xAC,0x00}},
  {40680,8,{0x54,0xFE,0xBA,0x6C,0xFE,0x00,0xAA,0x00}},
  {40687,8,{0xE4,0xFE,0xEA,0x5E,0xE0,0x0E,0xAE,0x00}},
  {40692,8,{0x54,0xBE,0x7E,0xD6,0x7E,0x44,0x6A,0x00}},
  {40694,8,{0x7E,0x6E,0x74,0xBA,0x38,0xFE,0xAA,0x00}},
  {40695,8,{0xE8,0xFE,0xF6,0x5E,0xFC,0x1C,0xA2,0x00}},
  {40697,8,{0xAA,0xFE,0x54,0x92,0x7C,0x7C,0x54,0x00}},
  {40699,8,{0xAA,0x5E,0xE8,0x4A,0xEA,0xF4,0xAA,0x00}},
  {40700,8,{0xAA,0x5E,0xE8,0x5E,0xFA,0xFE,0xBA,0x00}},
  {40701,8,{0x7C,0x6C,0x28,0xEE,0xEE,0x28,0x3E,0x00}},
  {40711,8,{0x26,0x6A,0xF4,0x7E,0xEC,0x6C,0x3E,0x00}},
  {40712,8,{0x56,0xAA,0x74,0x7A,0x6C,0x6C,0x3E,0x00}},
  {40718,8,{0x38,0xBA,0xBA,0xEE,0x28,0x6E,0xAA,0x00}},
  {40723,8,{0x44,0xEE,0x44,0xAE,0xCA,0x64,0xDA,0x00}},
  {40725,8,{0x44,0xFE,0x6C,0xF6,0x38,0xE6,0x10,0x00}},
  {40736,8,{0x2C,0x44,0x7C,0x54,0x6C,0x54,0xEA,0x00}},
  {40737,8,{0x54,0x08,0x7C,0x54,0x7C,0x54,0x96,0x00}},
  {40748,8,{0x44,0xBE,0x9E,0xFE,0xDE,0xB0,0xDE,0x00}},
  {40763,8,{0x10,0x38,0x28,0x7C,0x54,0xFE,0x48,0x00}},
  {40766,8,{0x2E,0x74,0x54,0xFE,0xB4,0xF4,0x54,0x00}},
  {40778,8,{0x10,0xFE,0x6C,0xBA,0x44,0x7C,0x84,0x00}},
  {40779,8,{0x10,0xFE,0x6C,0xBA,0x44,0x7C,0x94,0x00}},
  {40782,8,{0x10,0xFE,0x6C,0xBA,0x7C,0x7C,0xAC,0x00}},
  {40783,8,{0x10,0xFE,0x6C,0xBA,0x7C,0x54,0xBC,0x00}},
  {40786,8,{0x10,0x5E,0xFC,0x56,0x6A,0x56,0x7E,0x00}},
  {40788,8,{0x28,0xB8,0xEA,0xDC,0xB8,0xDA,0xFE,0x00}},
  {40799,8,{0x2E,0xBA,0xEE,0xDA,0xBE,0xDA,0xFE,0x00}},
  {40800,8,{0x2E,0xB6,0xEA,0xD0,0xBE,0xDA,0xFE,0x00}},
  {40801,8,{0x24,0xBA,0xEE,0xD0,0xBE,0xD6,0xF4,0x00}},
  {40802,8,{0x24,0xBA,0xEE,0xB0,0xDE,0xB6,0xF4,0x00}},
  {40803,8,{0x24,0xB6,0xEA,0xD6,0xB6,0xD2,0xF6,0x00}},
  {40806,8,{0x2E,0xBA,0xEE,0xDA,0xBE,0xDC,0xFA,0x00}},
  {40807,8,{0x4E,0xE6,0x6A,0xFE,0x56,0x6A,0x7E,0x00}},
  {40810,8,{0x2E,0xBA,0xEE,0xD4,0xB6,0xDC,0xF6,0x00}},
  {40812,8,{0x2E,0xB4,0xEE,0xD6,0xB0,0xD6,0xF6,0x00}},
  {40818,8,{0x26,0xBC,0xEC,0xDC,0xBE,0xDE,0xFA,0x00}},
  {40822,8,{0x2A,0xBA,0xEC,0xBE,0xD4,0xB2,0xF6,0x00}},
  {40823,8,{0x5E,0x72,0xDC,0xB8,0xDE,0xB4,0xEE,0x00}},
  {40845,8,{0x26,0xFC,0x56,0xFA,0x56,0x74,0x56,0x00}},
  {40853,8,{0x10,0xEE,0x3C,0xFA,0x56,0xFC,0x56,0x00}},
  {40860,8,{0x38,0xC8,0x7C,0xEE,0x6E,0xEC,0x3E,0x00}},
  {40861,8,{0xCC,0x74,0xDE,0x76,0xD6,0xF4,0x5E,0x00}},
  {40864,8,{0x10,0x28,0xFE,0xAA,0xFE,0x7C,0x54,0x00}},
  {65281,8,{0x10,0x10,0x10,0x10,0x10,0x00,0x10,0x00}},
  {65282,8,{0x28,0x28,0x00,0x00,0x00,0x00,0x00,0x00}},
  {65283,8,{0x14,0x7E,0x28,0x28,0x28,0xFC,0x50,0x00}},
  {65284,8,{0x08,0x3E,0x48,0x3C,0x12,0x7C,0x10,0x00}},
  {65285,8,{0x42,0xA4,0x48,0x10,0x24,0x4A,0x84,0x00}},
  {65286,8,{0x30,0x48,0x50,0x24,0x54,0x88,0x76,0x00}},
  {65287,8,{0x10,0x10,0x00,0x00,0x00,0x00,0x00,0x00}},
  {65288,8,{0x04,0x08,0x10,0x10,0x10,0x08,0x04,0x00}},
  {65289,8,{0x40,0x20,0x10,0x10,0x10,0x20,0x40,0x00}},
  {65290,8,{0x10,0x54,0x38,0x10,0x38,0x54,0x10,0x00}},
  {65291,8,{0x10,0x10,0x10,0xFE,0x10,0x10,0x10,0x00}},
  {65292,8,{0x00,0x00,0x00,0x00,0x60,0x20,0x40,0x00}},
  {65293,8,{0x00,0x00,0x00,0xFE,0x00,0x00,0x00,0x00}},
  {65294,8,{0x00,0x00,0x00,0x00,0x00,0x60,0x60,0x00}},
  {65295,8,{0x02,0x04,0x08,0x10,0x20,0x40,0x80,0x00}},
  {65296,8,{0x3C,0x42,0x46,0x5A,0x62,0x42,0x3C,0x00}},
  {65297,8,{0x10,0x30,0x10,0x10,0x10,0x10,0x38,0x00}},
  {65298,8,{0x3C,0x42,0x02,0x0C,0x30,0x40,0x7E,0x00}},
  {65299,8,{0x3C,0x42,0x02,0x1C,0x02,0x42,0x3C,0x00}},
  {65300,8,{0x04,0x0C,0x14,0x24,0x44,0x7E,0x04,0x00}},
  {65301,8,{0x7E,0x40,0x7C,0x42,0x02,0x42,0x3C,0x00}},
  {65302,8,{0x1C,0x20,0x40,0x7C,0x42,0x42,0x3C,0x00}},
  {65303,8,{0x7E,0x02,0x04,0x08,0x08,0x10,0x10,0x00}},
  {65304,8,{0x3C,0x42,0x42,0x3C,0x42,0x42,0x3C,0x00}},
  {65305,8,{0x3C,0x42,0x42,0x3E,0x02,0x04,0x38,0x00}},
  {65306,8,{0x00,0x30,0x30,0x00,0x30,0x30,0x00,0x00}},
  {65307,8,{0x00,0x30,0x30,0x00,0x30,0x10,0x20,0x00}},
  {65308,8,{0x00,0x06,0x38,0xC0,0x38,0x06,0x00,0x00}},
  {65309,8,{0x00,0x00,0xFE,0x00,0xFE,0x00,0x00,0x00}},
  {65310,8,{0x00,0xC0,0x38,0x06,0x38,0xC0,0x00,0x00}},
  {65311,8,{0x3C,0x42,0x02,0x0C,0x10,0x00,0x10,0x00}},
  {65312,8,{0x38,0x44,0x9A,0xAA,0xB4,0x40,0x38,0x00}},
  {65313,8,{0x10,0x28,0x28,0x44,0x7C,0x82,0x82,0x00}},
  {65314,8,{0x7C,0x42,0x42,0x7C,0x42,0x42,0x7C,0x00}},
  {65315,8,{0x3C,0x42,0x40,0x40,0x40,0x42,0x3C,0x00}},
  {65316,8,{0x78,0x44,0x42,0x42,0x42,0x44,0x78,0x00}},
  {65317,8,{0x7E,0x40,0x40,0x7C,0x40,0x40,0x7E,0x00}},
  {65318,8,{0x7E,0x40,0x40,0x7C,0x40,0x40,0x40,0x00}},
  {65319,8,{0x3C,0x42,0x40,0x4E,0x42,0x42,0x3C,0x00}},
  {65320,8,{0x42,0x42,0x42,0x7E,0x42,0x42,0x42,0x00}},
  {65321,8,{0x38,0x10,0x10,0x10,0x10,0x10,0x38,0x00}},
  {65322,8,{0x02,0x02,0x02,0x02,0x02,0x42,0x3C,0x00}},
  {65323,8,{0x42,0x44,0x48,0x50,0x68,0x44,0x42,0x00}},
  {65324,8,{0x40,0x40,0x40,0x40,0x40,0x40,0x7E,0x00}},
  {65325,8,{0x82,0xC6,0xAA,0xAA,0x92,0x92,0x82,0x00}},
  {65326,8,{0x42,0x62,0x52,0x4A,0x46,0x42,0x42,0x00}},
  {65327,8,{0x3C,0x42,0x42,0x42,0x42,0x42,0x3C,0x00}},
  {65328,8,{0x7C,0x42,0x42,0x7C,0x40,0x40,0x40,0x00}},
  {65329,8,{0x3C,0x42,0x42,0x42,0x4A,0x44,0x3A,0x00}},
  {65330,8,{0x7C,0x42,0x42,0x7C,0x48,0x44,0x42,0x00}},
  {65331,8,{0x3C,0x42,0x40,0x3C,0x02,0x42,0x3C,0x00}},
  {65332,8,{0xFE,0x10,0x10,0x10,0x10,0x10,0x10,0x00}},
  {65333,8,{0x42,0x42,0x42,0x42,0x42,0x42,0x3C,0x00}},
  {65334,8,{0x82,0x82,0x44,0x44,0x28,0x28,0x10,0x00}},
  {65335,8,{0x82,0x92,0x92,0xAA,0xAA,0x44,0x44,0x00}},
  {65336,8,{0x82,0x44,0x28,0x10,0x28,0x44,0x82,0x00}},
  {65337,8,{0x82,0x44,0x28,0x10,0x10,0x10,0x10,0x00}},
  {65338,8,{0x7E,0x02,0x04,0x08,0x10,0x20,0x7E,0x00}},
  {65339,8,{0x1C,0x10,0x10,0x10,0x10,0x10,0x1C,0x00}},
  {65340,8,{0x80,0x40,0x20,0x10,0x08,0x04,0x02,0x00}},
  {65341,8,{0x70,0x10,0x10,0x10,0x10,0x10,0x70,0x00}},
  {65342,8,{0x10,0x28,0x00,0x00,0x00,0x00,0x00,0x00}},
  {65343,8,{0x00,0x00,0x00,0x00,0x00,0x00,0xFE,0x00}},
  {65344,8,{0x20,0x10,0x00,0x00,0x00,0x00,0x00,0x00}},
  {65345,8,{0x00,0x00,0x38,0x04,0x3C,0x44,0x3C,0x00}},
  {65346,8,{0x40,0x40,0x58,0x64,0x44,0x44,0x78,0x00}},
  {65347,8,{0x00,0x00,0x38,0x44,0x40,0x44,0x38,0x00}},
  {65348,8,{0x04,0x04,0x34,0x4C,0x44,0x44,0x3C,0x00}},
  {65349,8,{0x00,0x00,0x38,0x44,0x7C,0x40,0x38,0x00}},
  {65350,8,{0x0C,0x10,0x38,0x10,0x10,0x10,0x10,0x00}},
  {65351,8,{0x00,0x00,0x3C,0x44,0x3C,0x04,0x38,0x00}},
  {65352,8,{0x40,0x40,0x58,0x64,0x44,0x44,0x44,0x00}},
  {65353,8,{0x10,0x00,0x10,0x10,0x10,0x10,0x10,0x00}},
  {65354,8,{0x08,0x00,0x08,0x08,0x08,0x48,0x30,0x00}},
  {65355,8,{0x20,0x20,0x24,0x28,0x30,0x28,0x24,0x00}},
  {65356,8,{0x30,0x10,0x10,0x10,0x10,0x10,0x10,0x00}},
  {65357,8,{0x00,0x00,0x68,0x54,0x54,0x54,0x54,0x00}},
  {65358,8,{0x00,0x00,0x58,0x64,0x44,0x44,0x44,0x00}},
  {65359,8,{0x00,0x00,0x38,0x44,0x44,0x44,0x38,0x00}},
  {65360,8,{0x00,0x00,0x78,0x44,0x78,0x40,0x40,0x00}},
  {65361,8,{0x00,0x00,0x3C,0x44,0x3C,0x04,0x04,0x00}},
  {65362,8,{0x00,0x00,0x58,0x64,0x40,0x40,0x40,0x00}},
  {65363,8,{0x00,0x00,0x3C,0x40,0x38,0x04,0x78,0x00}},
  {65364,8,{0x00,0x20,0x78,0x20,0x20,0x24,0x18,0x00}},
  {65365,8,{0x00,0x00,0x44,0x44,0x44,0x4C,0x34,0x00}},
  {65366,8,{0x00,0x00,0x44,0x44,0x28,0x28,0x10,0x00}},
  {65367,8,{0x00,0x00,0x44,0x54,0x54,0x28,0x28,0x00}},
  {65368,8,{0x00,0x00,0x44,0x28,0x10,0x28,0x44,0x00}},
  {65369,8,{0x00,0x00,0x44,0x28,0x28,0x10,0x60,0x00}},
  {65370,8,{0x00,0x00,0x7C,0x08,0x10,0x20,0x7C,0x00}},
  {65371,8,{0x0C,0x10,0x10,0x20,0x10,0x10,0x0C,0x00}},
  {65372,8,{0x10,0x10,0x10,0x10,0x10,0x10,0x10,0x00}},
  {65373,8,{0x60,0x10,0x10,0x08,0x10,0x10,0x60,0x00}},
  {65374,8,{0x00,0x00,0x60,0x92,0x0C,0x00,0x00,0x00}},
  {65377,4,{0x00,0x00,0x00,0x40,0xA0,0x40,0x00,0x00}},
  {65378,4,{0xE0,0x80,0x80,0x80,0x80,0x00,0x00,0x00}},
  {65379,4,{0x00,0x20,0x20,0x20,0x20,0xE0,0x00,0x00}},
  {65380,4,{0x00,0x00,0x00,0x00,0x80,0x40,0x00,0x00}},
  {65381,4,{0x00,0x00,0x00,0x40,0x00,0x00,0x00,0x00}},
  {65382,4,{0xE0,0x20,0xE0,0x20,0x40,0x80,0x00,0x00}},
  {65383,4,{0x00,0x00,0xE0,0x60,0x40,0x80,0x00,0x00}},
  {65384,4,{0x00,0x00,0x20,0x40,0xC0,0x40,0x00,0x00}},
  {65385,4,{0x00,0x00,0x40,0xE0,0xA0,0x20,0x00,0x00}},
  {65386,4,{0x00,0x00,0x00,0xE0,0x40,0xE0,0x00,0x00}},
  {65387,4,{0x00,0x00,0x20,0xE0,0x60,0xA0,0x00,0x00}},
  {65388,4,{0x00,0x00,0x40,0xE0,0x60,0x40,0x00,0x00}},
  {65389,4,{0x00,0x00,0x00,0xC0,0x40,0xE0,0x00,0x00}},
  {65390,4,{0x00,0x00,0xE0,0x60,0x20,0xE0,0x00,0x00}},
  {65391,4,{0x00,0x00,0xE0,0xE0,0x20,0xC0,0x00,0x00}},
  {65392,4,{0x00,0x00,0x80,0x60,0x00,0x00,0x00,0x00}},
  {65393,4,{0xE0,0x20,0x60,0x40,0x40,0x80,0x00,0x00}},
  {65394,4,{0x20,0x20,0x40,0xC0,0x40,0x40,0x00,0x00}},
  {65395,4,{0x40,0xE0,0xA0,0x20,0x20,0x40,0x00,0x00}},
  {65396,4,{0x00,0xE0,0x40,0x40,0x40,0xE0,0x00,0x00}},
  {65397,4,{0x20,0xE0,0x20,0x60,0xA0,0x20,0x00,0x00}},
  {65398,4,{0x40,0xE0,0x60,0x60,0xA0,0xA0,0x00,0x00}},
  {65399,4,{0x40,0xE0,0x40,0xE0,0x40,0x40,0x00,0x00}},
  {65400,4,{0x40,0x60,0xA0,0x20,0x40,0x80,0x00,0x00}},
  {65401,4,{0x80,0xE0,0xC0,0x40,0x40,0x80,0x00,0x00}},
  {65402,4,{0x00,0xE0,0x20,0x20,0x20,0xE0,0x00,0x00}},
  {65403,4,{0xA0,0xE0,0xA0,0x20,0x40,0x80,0x00,0x00}},
  {65404,4,{0xC0,0x00,0xC0,0x00,0x20,0xC0,0x00,0x00}},
  {65405,4,{0xE0,0x20,0x20,0x40,0x40,0xA0,0x00,0x00}},
  {65406,4,{0x80,0xE0,0xA0,0xA0,0x80,0xE0,0x00,0x00}},
  {65407,4,{0xA0,0x60,0x60,0x20,0x40,0x80,0x00,0x00}},
  {65408,4,{0x40,0x60,0xA0,0x60,0x40,0x80,0x00,0x00}},
  {65409,4,{0xE0,0x40,0xE0,0x40,0x40,0x80,0x00,0x00}},
  {65410,4,{0x00,0xE0,0xE0,0x20,0x20,0xC0,0x00,0x00}},
  {65411,4,{0xE0,0x00,0xE0,0x40,0x40,0x80,0x00,0x00}},
  {65412,4,{0x80,0x80,0xC0,0xA0,0x80,0x80,0x00,0x00}},
  {65413,4,{0x40,0x40,0xE0,0x40,0x40,0x80,0x00,0x00}},
  {65414,4,{0x00,0x60,0x00,0x00,0x00,0xE0,0x00,0x00}},
  {65415,4,{0xE0,0x20,0xA0,0x40,0x40,0xA0,0x00,0x00}},
  {65416,4,{0x40,0xE0,0x20,0x40,0xE0,0x40,0x00,0x00}},
  {65417,4,{0x20,0x20,0x20,0x20,0x40,0x80,0x00,0x00}},
  {65418,4,{0x40,0x20,0xA0,0xA0,0xA0,0xA0,0x00,0x00}},
  {65419,4,{0x80,0x80,0xE0,0x80,0x80,0x60,0x00,0x00}},
  {65420,4,{0xE0,0x20,0x20,0x20,0x40,0x80,0x00,0x00}},
  {65421,4,{0x40,0x40,0xA0,0xA0,0x20,0x00,0x00,0x00}},
  {65422,4,{0x40,0xE0,0x40,0xE0,0xE0,0x40,0x00,0x00}},
  {65423,4,{0xE0,0x20,0x20,0xC0,0x40,0x20,0x00,0x00}},
  {65424,4,{0x00,0xE0,0x00,0x60,0x00,0xE0,0x00,0x00}},
  {65425,4,{0x40,0x40,0x40,0x80,0xA0,0xE0,0x00,0x00}},
  {65426,4,{0x20,0xA0,0x40,0x40,0xA0,0x80,0x00,0x00}},
  {65427,4,{0xE0,0x40,0xE0,0x40,0x40,0x60,0x00,0x00}},
  {65428,4,{0x40,0xE0,0x60,0x60,0x40,0x40,0x00,0x00}},
  {65429,4,{0xC0,0x40,0x40,0x40,0x40,0xE0,0x00,0x00}},
  {65430,4,{0xE0,0x20,0xE0,0x20,0x20,0xE0,0x00,0x00}},
  {65431,4,{0xE0,0x00,0xE0,0x20,0x20,0xC0,0x00,0x00}},
  {65432,4,{0xA0,0xA0,0xA0,0x20,0x20,0x40,0x00,0x00}},
  {65433,4,{0x40,0x40,0xC0,0xC0,0xC0,0xE0,0x00,0x00}},
  {65434,4,{0x80,0x80,0x80,0x80,0xA0,0xC0,0x00,0x00}},
  {65435,4,{0x00,0xE0,0xA0,0xA0,0xA0,0xE0,0x00,0x00}},
  {65436,4,{0xE0,0xA0,0x20,0x20,0x40,0x80,0x00,0x00}},
  {65437,4,{0xC0,0x00,0x00,0x20,0x20,0xC0,0x00,0x00}},
  {65438,4,{0xA0,0x00,0x00,0x00,0x00,0x00,0x00,0x00}},
  {65439,4,{0x40,0xA0,0x40,0x00,0x00,0x00,0x00,0x00}},
  {65504,8,{0x04,0x3C,0x4A,0x48,0x52,0x3C,0x20,0x00}},
  {65505,8,{0x18,0x24,0x70,0x20,0x60,0x92,0x6C,0x00}},
  {65506,8,{0x00,0x00,0x00,0xFE,0x02,0x02,0x00,0x00}},
  {65507,8,{0xFE,0x00,0x00,0x00,0x00,0x00,0x00,0x00}},
  {65508,8,{0x10,0x10,0x10,0x00,0x10,0x10,0x10,0x00}},
  {65509,8,{0x44,0x44,0x28,0x7C,0x10,0x7C,0x10,0x00}},
};
} // namespace mitiru::render::pixel
